/* C:\Users\ruar\AiDAPrivate\build\Release\Sentinel.sys (4/17/2026 7:10:56 PM)
   StartOffset(h): 00000000, EndOffset(h): 0000F5FF, Length(h): 0000F600 */

unsigned char rawData[62976] = {
	0x4D, 0x5A, 0x90, 0x00, 0x03, 0x00, 0x00, 0x00, 0x04, 0x00, 0x00, 0x00,
	0xFF, 0xFF, 0x00, 0x00, 0xB8, 0x00, 0x00, 0x00, 0x00, 0x00, 0x00, 0x00,
	0x40, 0x00, 0x00, 0x00, 0x00, 0x00, 0x00, 0x00, 0x00, 0x00, 0x00, 0x00,
	0x00, 0x00, 0x00, 0x00, 0x00, 0x00, 0x00, 0x00, 0x00, 0x00, 0x00, 0x00,
	0x00, 0x00, 0x00, 0x00, 0x00, 0x00, 0x00, 0x00, 0x00, 0x00, 0x00, 0x00,
	0xE0, 0x00, 0x00, 0x00, 0x0E, 0x1F, 0xBA, 0x0E, 0x00, 0xB4, 0x09, 0xCD,
	0x21, 0xB8, 0x01, 0x4C, 0xCD, 0x21, 0x54, 0x68, 0x69, 0x73, 0x20, 0x70,
	0x72, 0x6F, 0x67, 0x72, 0x61, 0x6D, 0x20, 0x63, 0x61, 0x6E, 0x6E, 0x6F,
	0x74, 0x20, 0x62, 0x65, 0x20, 0x72, 0x75, 0x6E, 0x20, 0x69, 0x6E, 0x20,
	0x44, 0x4F, 0x53, 0x20, 0x6D, 0x6F, 0x64, 0x65, 0x2E, 0x0D, 0x0D, 0x0A,
	0x24, 0x00, 0x00, 0x00, 0x00, 0x00, 0x00, 0x00, 0x0B, 0x2A, 0x17, 0xC6,
	0x4F, 0x4B, 0x79, 0x95, 0x4F, 0x4B, 0x79, 0x95, 0x4F, 0x4B, 0x79, 0x95,
	0x3B, 0xCA, 0x7A, 0x94, 0x4D, 0x4B, 0x79, 0x95, 0x3B, 0xCA, 0x7D, 0x94,
	0x4E, 0x4B, 0x79, 0x95, 0x3B, 0xCA, 0x78, 0x94, 0x46, 0x4B, 0x79, 0x95,
	0x4F, 0x4B, 0x78, 0x95, 0x7B, 0x4B, 0x79, 0x95, 0xD6, 0xC2, 0x7C, 0x94,
	0x4E, 0x4B, 0x79, 0x95, 0xD6, 0xC2, 0x7B, 0x94, 0x4E, 0x4B, 0x79, 0x95,
	0x52, 0x69, 0x63, 0x68, 0x4F, 0x4B, 0x79, 0x95, 0x00, 0x00, 0x00, 0x00,
	0x00, 0x00, 0x00, 0x00, 0x00, 0x00, 0x00, 0x00, 0x00, 0x00, 0x00, 0x00,
	0x00, 0x00, 0x00, 0x00, 0x00, 0x00, 0x00, 0x00, 0x50, 0x45, 0x00, 0x00,
	0x64, 0x86, 0x07, 0x00, 0x90, 0x5B, 0xE2, 0x69, 0x00, 0x00, 0x00, 0x00,
	0x00, 0x00, 0x00, 0x00, 0xF0, 0x00, 0x22, 0x00, 0x0B, 0x02, 0x0E, 0x2C,
	0x00, 0xC4, 0x00, 0x00, 0x00, 0x3C, 0x00, 0x00, 0x00, 0x00, 0x00, 0x00,
	0xCC, 0x12, 0x00, 0x00, 0x00, 0x10, 0x00, 0x00, 0x00, 0x00, 0x00, 0x40,
	0x01, 0x00, 0x00, 0x00, 0x00, 0x10, 0x00, 0x00, 0x00, 0x02, 0x00, 0x00,
	0x0A, 0x00, 0x00, 0x00, 0x0A, 0x00, 0x00, 0x00, 0x0A, 0x00, 0x00, 0x00,
	0x00, 0x00, 0x00, 0x00, 0x00, 0x60, 0x01, 0x00, 0x00, 0x04, 0x00, 0x00,
	0x86, 0x30, 0x01, 0x00, 0x01, 0x00, 0x60, 0x01, 0x00, 0x00, 0x10, 0x00,
	0x00, 0x00, 0x00, 0x00, 0x00, 0x10, 0x00, 0x00, 0x00, 0x00, 0x00, 0x00,
	0x00, 0x00, 0x10, 0x00, 0x00, 0x00, 0x00, 0x00, 0x00, 0x10, 0x00, 0x00,
	0x00, 0x00, 0x00, 0x00, 0x00, 0x00, 0x00, 0x00, 0x10, 0x00, 0x00, 0x00,
	0x00, 0x00, 0x00, 0x00, 0x00, 0x00, 0x00, 0x00, 0x00, 0x40, 0x01, 0x00,
	0x64, 0x00, 0x00, 0x00, 0x00, 0x00, 0x00, 0x00, 0x00, 0x00, 0x00, 0x00,
	0x00, 0x20, 0x01, 0x00, 0xD0, 0x02, 0x00, 0x00, 0x00, 0x00, 0x00, 0x00,
	0x00, 0x00, 0x00, 0x00, 0x00, 0x50, 0x01, 0x00, 0xC4, 0x00, 0x00, 0x00,
	0x70, 0xED, 0x00, 0x00, 0x38, 0x00, 0x00, 0x00, 0x00, 0x00, 0x00, 0x00,
	0x00, 0x00, 0x00, 0x00, 0x00, 0x00, 0x00, 0x00, 0x00, 0x00, 0x00, 0x00,
	0x00, 0x00, 0x00, 0x00, 0x00, 0x00, 0x00, 0x00, 0x00, 0x00, 0x00, 0x00,
	0x00, 0x00, 0x00, 0x00, 0x00, 0x00, 0x00, 0x00, 0x00, 0x00, 0x00, 0x00,
	0x00, 0xE0, 0x00, 0x00, 0xC0, 0x01, 0x00, 0x00, 0x00, 0x00, 0x00, 0x00,
	0x00, 0x00, 0x00, 0x00, 0x00, 0x00, 0x00, 0x00, 0x00, 0x00, 0x00, 0x00,
	0x00, 0x00, 0x00, 0x00, 0x00, 0x00, 0x00, 0x00, 0x2E, 0x74, 0x65, 0x78,
	0x74, 0x00, 0x00, 0x00, 0xAA, 0xC2, 0x00, 0x00, 0x00, 0x10, 0x00, 0x00,
	0x00, 0xC4, 0x00, 0x00, 0x00, 0x04, 0x00, 0x00, 0x00, 0x00, 0x00, 0x00,
	0x00, 0x00, 0x00, 0x00, 0x00, 0x00, 0x00, 0x00, 0x20, 0x00, 0x00, 0x68,
	0x2E, 0x72, 0x64, 0x61, 0x74, 0x61, 0x00, 0x00, 0xA8, 0x18, 0x00, 0x00,
	0x00, 0xE0, 0x00, 0x00, 0x00, 0x1A, 0x00, 0x00, 0x00, 0xC8, 0x00, 0x00,
	0x00, 0x00, 0x00, 0x00, 0x00, 0x00, 0x00, 0x00, 0x00, 0x00, 0x00, 0x00,
	0x40, 0x00, 0x00, 0x48, 0x2E, 0x64, 0x61, 0x74, 0x61, 0x00, 0x00, 0x00,
	0x80, 0x10, 0x00, 0x00, 0x00, 0x00, 0x01, 0x00, 0x00, 0x04, 0x00, 0x00,
	0x00, 0xE2, 0x00, 0x00, 0x00, 0x00, 0x00, 0x00, 0x00, 0x00, 0x00, 0x00,
	0x00, 0x00, 0x00, 0x00, 0x40, 0x00, 0x00, 0xC8, 0x2E, 0x70, 0x64, 0x61,
	0x74, 0x61, 0x00, 0x00, 0xD0, 0x02, 0x00, 0x00, 0x00, 0x20, 0x01, 0x00,
	0x00, 0x04, 0x00, 0x00, 0x00, 0xE6, 0x00, 0x00, 0x00, 0x00, 0x00, 0x00,
	0x00, 0x00, 0x00, 0x00, 0x00, 0x00, 0x00, 0x00, 0x40, 0x00, 0x00, 0x48,
	0x2E, 0x73, 0x6E, 0x74, 0x6C, 0x00, 0x00, 0x00, 0x18, 0x00, 0x00, 0x00,
	0x00, 0x30, 0x01, 0x00, 0x00, 0x02, 0x00, 0x00, 0x00, 0xEA, 0x00, 0x00,
	0x00, 0x00, 0x00, 0x00, 0x00, 0x00, 0x00, 0x00, 0x00, 0x00, 0x00, 0x00,
	0x40, 0x00, 0x00, 0xC8, 0x49, 0x4E, 0x49, 0x54, 0x00, 0x00, 0x00, 0x00,
	0x9A, 0x06, 0x00, 0x00, 0x00, 0x40, 0x01, 0x00, 0x00, 0x08, 0x00, 0x00,
	0x00, 0xEC, 0x00, 0x00, 0x00, 0x00, 0x00, 0x00, 0x00, 0x00, 0x00, 0x00,
	0x00, 0x00, 0x00, 0x00, 0x40, 0x00, 0x00, 0xCA, 0x2E, 0x72, 0x65, 0x6C,
	0x6F, 0x63, 0x00, 0x00, 0xC4, 0x00, 0x00, 0x00, 0x00, 0x50, 0x01, 0x00,
	0x00, 0x02, 0x00, 0x00, 0x00, 0xF4, 0x00, 0x00, 0x00, 0x00, 0x00, 0x00,
	0x00, 0x00, 0x00, 0x00, 0x00, 0x00, 0x00, 0x00, 0x40, 0x00, 0x00, 0x42,
	0x00, 0x00, 0x00, 0x00, 0x00, 0x00, 0x00, 0x00, 0x00, 0x00, 0x00, 0x00,
	0x00, 0x00, 0x00, 0x00, 0x00, 0x00, 0x00, 0x00, 0x00, 0x00, 0x00, 0x00,
	0x00, 0x00, 0x00, 0x00, 0x00, 0x00, 0x00, 0x00, 0x00, 0x00, 0x00, 0x00,
	0x00, 0x00, 0x00, 0x00, 0x00, 0x00, 0x00, 0x00, 0x00, 0x00, 0x00, 0x00,
	0x00, 0x00, 0x00, 0x00, 0x00, 0x00, 0x00, 0x00, 0x00, 0x00, 0x00, 0x00,
	0x00, 0x00, 0x00, 0x00, 0x00, 0x00, 0x00, 0x00, 0x00, 0x00, 0x00, 0x00,
	0x00, 0x00, 0x00, 0x00, 0x00, 0x00, 0x00, 0x00, 0x00, 0x00, 0x00, 0x00,
	0x00, 0x00, 0x00, 0x00, 0x00, 0x00, 0x00, 0x00, 0x00, 0x00, 0x00, 0x00,
	0x00, 0x00, 0x00, 0x00, 0x00, 0x00, 0x00, 0x00, 0x00, 0x00, 0x00, 0x00,
	0x00, 0x00, 0x00, 0x00, 0x00, 0x00, 0x00, 0x00, 0x00, 0x00, 0x00, 0x00,
	0x00, 0x00, 0x00, 0x00, 0x00, 0x00, 0x00, 0x00, 0x00, 0x00, 0x00, 0x00,
	0x00, 0x00, 0x00, 0x00, 0x00, 0x00, 0x00, 0x00, 0x00, 0x00, 0x00, 0x00,
	0x00, 0x00, 0x00, 0x00, 0x00, 0x00, 0x00, 0x00, 0x00, 0x00, 0x00, 0x00,
	0x00, 0x00, 0x00, 0x00, 0x00, 0x00, 0x00, 0x00, 0x00, 0x00, 0x00, 0x00,
	0x00, 0x00, 0x00, 0x00, 0x00, 0x00, 0x00, 0x00, 0x00, 0x00, 0x00, 0x00,
	0x00, 0x00, 0x00, 0x00, 0x00, 0x00, 0x00, 0x00, 0x00, 0x00, 0x00, 0x00,
	0x00, 0x00, 0x00, 0x00, 0x00, 0x00, 0x00, 0x00, 0x00, 0x00, 0x00, 0x00,
	0x00, 0x00, 0x00, 0x00, 0x00, 0x00, 0x00, 0x00, 0x00, 0x00, 0x00, 0x00,
	0x00, 0x00, 0x00, 0x00, 0x00, 0x00, 0x00, 0x00, 0x00, 0x00, 0x00, 0x00,
	0x00, 0x00, 0x00, 0x00, 0x00, 0x00, 0x00, 0x00, 0x00, 0x00, 0x00, 0x00,
	0x00, 0x00, 0x00, 0x00, 0x00, 0x00, 0x00, 0x00, 0x00, 0x00, 0x00, 0x00,
	0x00, 0x00, 0x00, 0x00, 0x48, 0x83, 0xEC, 0x28, 0x45, 0x33, 0xDB, 0x4C,
	0x8D, 0x44, 0x24, 0x10, 0x44, 0x88, 0x5C, 0x24, 0x10, 0x45, 0x8D, 0x4B,
	0x10, 0x48, 0x8B, 0xC2, 0x4C, 0x8D, 0x15, 0xD1, 0xBF, 0x00, 0x00, 0x83,
	0xE0, 0x0F, 0x48, 0xC1, 0xEA, 0x04, 0x49, 0xFF, 0xC8, 0x42, 0x8A, 0x04,
	0x10, 0x41, 0x88, 0x00, 0x49, 0x83, 0xE9, 0x01, 0x75, 0xDF, 0x4C, 0x8D,
	0x0C, 0x24, 0x4C, 0x8B, 0x01, 0x44, 0x38, 0x1C, 0x24, 0x74, 0x2E, 0x49,
	0x8B, 0x00, 0x4C, 0x63, 0x10, 0x49, 0x8B, 0x40, 0x08, 0x8B, 0x08, 0xFF,
	0xC9, 0x44, 0x3B, 0xD1, 0x7D, 0x1B, 0x49, 0x8B, 0x40, 0x10, 0x41, 0x8A,
	0x11, 0x49, 0xFF, 0xC1, 0x48, 0x8B, 0x00, 0x41, 0x88, 0x14, 0x02, 0x49,
	0x8B, 0x00, 0xFF, 0x00, 0x45, 0x38, 0x19, 0x75, 0xD2, 0x48, 0x83, 0xC4,
	0x28, 0xC3, 0xCC, 0xCC, 0x48, 0x83, 0xEC, 0x18, 0x45, 0x33, 0xD2, 0x44,
	0x8B, 0xC2, 0x4C, 0x8B, 0xD9, 0x85, 0xD2, 0x75, 0x2B, 0x4C, 0x8B, 0x01,
	0x49, 0x8B, 0x00, 0x48, 0x63, 0x10, 0x49, 0x8B, 0x40, 0x08, 0x8B, 0x08,
	0xFF, 0xC9, 0x3B, 0xD1, 0x0F, 0x8D, 0x81, 0x00, 0x00, 0x00, 0x49, 0x8B,
	0x40, 0x10, 0x48, 0x8B, 0x08, 0xC6, 0x04, 0x0A, 0x30, 0x49, 0x8B, 0x00,
	0xFF, 0x00, 0xEB, 0x6F, 0x45, 0x33, 0xC9, 0x49, 0x83, 0xF9, 0x0A, 0x7D,
	0x2D, 0xB8, 0xCD, 0xCC, 0xCC, 0xCC, 0x41, 0xFF, 0xC2, 0x41, 0xF7, 0xE0,
	0xC1, 0xEA, 0x03, 0x8A, 0xC2, 0xC0, 0xE0, 0x02, 0x8D, 0x0C, 0x10, 0x02,
	0xC9, 0x44, 0x2A, 0xC1, 0x41, 0x80, 0xC0, 0x30, 0x46, 0x88, 0x04, 0x0C,
	0x49, 0xFF, 0xC1, 0x44, 0x8B, 0xC2, 0x85, 0xD2, 0x75, 0xCD, 0x41, 0x8D,
	0x42, 0xFF, 0x4C, 0x63, 0xC0, 0x85, 0xC0, 0x78, 0x2E, 0x4D, 0x8B, 0x0B,
	0x49, 0x8B, 0x01, 0x48, 0x63, 0x10, 0x49, 0x8B, 0x41, 0x08, 0x8B, 0x08,
	0xFF, 0xC9, 0x3B, 0xD1, 0x7D, 0x13, 0x49, 0x8B, 0x41, 0x10, 0x48, 0x8B,
	0x08, 0x42, 0x8A, 0x04, 0x04, 0x88, 0x04, 0x0A, 0x49, 0x8B, 0x01, 0xFF,
	0x00, 0x49, 0x83, 0xE8, 0x01, 0x79, 0xD2, 0x48, 0x83, 0xC4, 0x18, 0xC3,
	0x48, 0x85, 0xC9, 0x0F, 0x84, 0x9A, 0x01, 0x00, 0x00, 0x48, 0x89, 0x5C,
	0x24, 0x18, 0x55, 0x56, 0x57, 0x48, 0x8B, 0xEC, 0x48, 0x81, 0xEC, 0x80,
	0x00, 0x00, 0x00, 0x33, 0xF6, 0x48, 0x39, 0x71, 0x08, 0x0F, 0x84, 0x6A,
	0x01, 0x00, 0x00, 0x48, 0x8B, 0x05, 0x42, 0xF6, 0x00, 0x00, 0x48, 0x85,
	0xC0, 0x0F, 0x84, 0x5A, 0x01, 0x00, 0x00, 0x48, 0x39, 0x35, 0x3A, 0xF6,
	0x00, 0x00, 0x0F, 0x84, 0x4D, 0x01, 0x00, 0x00, 0x48, 0x39, 0x35, 0xCD,
	0xF5, 0x00, 0x00, 0x0F, 0x84, 0x40, 0x01, 0x00, 0x00, 0x48, 0x89, 0x4D,
	0xE0, 0x4C, 0x8D, 0x45, 0xD0, 0x0F, 0x57, 0xC0, 0xC7, 0x45, 0xD0, 0x30,
	0x00, 0x00, 0x00, 0x48, 0x8D, 0x4D, 0x28, 0x48, 0x89, 0x75, 0xD8, 0xBA,
	0x19, 0x00, 0x02, 0x00, 0xC7, 0x45, 0xE8, 0x40, 0x02, 0x00, 0x00, 0xF3,
	0x0F, 0x7F, 0x45, 0xF0, 0x48, 0x89, 0x75, 0x28, 0xFF, 0xD0, 0x85, 0xC0,
	0x0F, 0x88, 0x07, 0x01, 0x00, 0x00, 0x48, 0x8D, 0x15, 0xC7, 0xC0, 0x00,
	0x00, 0x48, 0x8D, 0x4D, 0xC0, 0xFF, 0x15, 0x85, 0xF5, 0x00, 0x00, 0x48,
	0x8B, 0x05, 0xD6, 0xF5, 0x00, 0x00, 0x48, 0x8D, 0x4D, 0x20, 0x48, 0x89,
	0x4C, 0x24, 0x28, 0x44, 0x8D, 0x46, 0x02, 0x48, 0x8B, 0x4D, 0x28, 0x48,
	0x8D, 0x55, 0xC0, 0x45, 0x33, 0xC9, 0x89, 0x75, 0x20, 0x89, 0x74, 0x24,
	0x20, 0xFF, 0xD0, 0x3D, 0x23, 0x00, 0x00, 0xC0, 0x74, 0x0D, 0x3D, 0x05,
	0x00, 0x00, 0x80, 0x74, 0x06, 0x48, 0x8B, 0x4D, 0x28, 0xEB, 0x20, 0x8B,
	0x55, 0x20, 0xB9, 0x40, 0x00, 0x00, 0x00, 0x41, 0xB8, 0x57, 0x44, 0x65,
	0x6C, 0xFF, 0x15, 0xA5, 0xCE, 0x00, 0x00, 0x48, 0x8B, 0x4D, 0x28, 0x48,
	0x8B, 0xF8, 0x48, 0x85, 0xC0, 0x75, 0x0B, 0xFF, 0x15, 0x1B, 0xF5, 0x00,
	0x00, 0xE9, 0x8F, 0x00, 0x00, 0x00, 0x4C, 0x8B, 0x15, 0x6F, 0xF5, 0x00,
	0x00, 0x48, 0x8D, 0x45, 0x20, 0x48, 0x89, 0x44, 0x24, 0x28, 0x48, 0x8D,
	0x55, 0xC0, 0x8B, 0x45, 0x20, 0x4C, 0x8B, 0xCF, 0x41, 0xB8, 0x02, 0x00,
	0x00, 0x00, 0x89, 0x44, 0x24, 0x20, 0x41, 0xFF, 0xD2, 0x48, 0x8B, 0x4D,
	0x28, 0x8B, 0xD8, 0xFF, 0x15, 0xE3, 0xF4, 0x00, 0x00, 0x85, 0xDB, 0x78,
	0x4A, 0x8B, 0x47, 0x04, 0x83, 0xF8, 0x01, 0x74, 0x05, 0x83, 0xF8, 0x02,
	0x75, 0x3D, 0x44, 0x8B, 0x57, 0x08, 0x41, 0x83, 0xFA, 0x02, 0x72, 0x33,
	0x48, 0x8D, 0x4F, 0x0C, 0x66, 0x44, 0x89, 0x55, 0xB2, 0x45, 0x8B, 0xC2,
	0x48, 0x89, 0x4D, 0xB8, 0x41, 0xD1, 0xE8, 0x45, 0x8D, 0x48, 0xFF, 0x66,
	0x42, 0x39, 0x34, 0x49, 0x48, 0x8D, 0x4D, 0xB0, 0x66, 0x45, 0x0F, 0x45,
	0xC8, 0x66, 0x45, 0x03, 0xC9, 0x66, 0x44, 0x89, 0x4D, 0xB0, 0xE8, 0x91,
	0x01, 0x00, 0x00, 0xBA, 0x57, 0x44, 0x65, 0x6C, 0x48, 0x8B, 0xCF, 0xFF,
	0x15, 0x07, 0xCE, 0x00, 0x00, 0x48, 0x8B, 0x9C, 0x24, 0xB0, 0x00, 0x00,
	0x00, 0x48, 0x81, 0xC4, 0x80, 0x00, 0x00, 0x00, 0x5F, 0x5E, 0x5D, 0xC3,
	0x48, 0x89, 0x5C, 0x24, 0x08, 0x48, 0x89, 0x6C, 0x24, 0x10, 0x56, 0x57,
	0x41, 0x56, 0x48, 0x83, 0xEC, 0x50, 0x48, 0x8B, 0xF2, 0x48, 0x8B, 0xF9,
	0xE8, 0x6B, 0x05, 0x00, 0x00, 0x33, 0xED, 0x84, 0xC0, 0x75, 0x0A, 0xB8,
	0x01, 0x00, 0x00, 0xC0, 0xE9, 0x2D, 0x01, 0x00, 0x00, 0x48, 0x89, 0x3D,
	0x40, 0xEF, 0x00, 0x00, 0x48, 0x85, 0xF6, 0x74, 0x54, 0x48, 0x8B, 0x56,
	0x08, 0x48, 0x85, 0xD2, 0x74, 0x4B, 0x0F, 0xB7, 0x36, 0x66, 0x85, 0xF6,
	0x74, 0x43, 0xB8, 0xFE, 0x03, 0x00, 0x00, 0x66, 0x3B, 0xF0, 0x76, 0x02,
	0x8B, 0xF0, 0x0F, 0xB7, 0xDE, 0x4C, 0x8D, 0x35, 0x34, 0xEF, 0x00, 0x00,
	0x44, 0x8B, 0xC3, 0x49, 0x8B, 0xCE, 0xE8, 0x49, 0xB3, 0x00, 0x00, 0x48,
	0xD1, 0xEB, 0xB8, 0x00, 0x04, 0x00, 0x00, 0x4C, 0x89, 0x35, 0x22, 0xF3,
	0x00, 0x00, 0x66, 0x89, 0x35, 0x13, 0xF3, 0x00, 0x00, 0x66, 0x89, 0x05,
	0x0E, 0xF3, 0x00, 0x00, 0x66, 0x41, 0x89, 0x2C, 0x5E, 0x48, 0x8B, 0x47,
	0x28, 0x48, 0x89, 0x6F, 0x68, 0x48, 0x85, 0xC0, 0x74, 0x04, 0x83, 0x48,
	0x68, 0x20, 0x48, 0x8B, 0x4F, 0x28, 0x48, 0x89, 0xAC, 0x24, 0x88, 0x00,
	0x00, 0x00, 0x89, 0xAC, 0x24, 0x80, 0x00, 0x00, 0x00, 0x48, 0x85, 0xC9,
	0x74, 0x4C, 0x48, 0x8B, 0x05, 0xE7, 0xF2, 0x00, 0x00, 0xFF, 0xD0, 0x84,
	0xC0, 0x74, 0x3F, 0x48, 0x8B, 0x47, 0x28, 0x48, 0x8B, 0x48, 0x30, 0x48,
	0x85, 0xC9, 0x74, 0x32, 0x4C, 0x8D, 0x84, 0x24, 0x80, 0x00, 0x00, 0x00,
	0x48, 0x8D, 0x94, 0x24, 0x88, 0x00, 0x00, 0x00, 0xE8, 0xA3, 0x4A, 0x00,
	0x00, 0x48, 0x8B, 0x8C, 0x24, 0x88, 0x00, 0x00, 0x00, 0x48, 0x85, 0xC9,
	0x74, 0x10, 0x8B, 0x94, 0x24, 0x80, 0x00, 0x00, 0x00, 0x85, 0xD2, 0x74,
	0x05, 0xE8, 0x42, 0x56, 0x00, 0x00, 0x48, 0x8B, 0x05, 0x33, 0xF3, 0x00,
	0x00, 0x48, 0x8D, 0x0D, 0x44, 0x57, 0x00, 0x00, 0x48, 0x89, 0x6C, 0x24,
	0x30, 0x45, 0x33, 0xC9, 0x48, 0x89, 0x4C, 0x24, 0x28, 0x45, 0x33, 0xC0,
	0x48, 0x8D, 0x4C, 0x24, 0x40, 0x48, 0x89, 0x6C, 0x24, 0x40, 0xBA, 0xFF,
	0xFF, 0x1F, 0x00, 0x48, 0x89, 0x6C, 0x24, 0x20, 0xFF, 0xD0, 0x85, 0xC0,
	0x78, 0x1E, 0x48, 0x8B, 0x4C, 0x24, 0x40, 0x48, 0x85, 0xC9, 0x74, 0x14,
	0x48, 0x89, 0x0D, 0x39, 0xEE, 0x00, 0x00, 0xFF, 0x15, 0x23, 0xF3, 0x00,
	0x00, 0x48, 0x89, 0x2D, 0x2C, 0xEE, 0x00, 0x00, 0x33, 0xC0, 0x48, 0x8B,
	0x5C, 0x24, 0x70, 0x48, 0x8B, 0x6C, 0x24, 0x78, 0x48, 0x83, 0xC4, 0x50,
	0x41, 0x5E, 0x5F, 0x5E, 0xC3, 0xCC, 0xCC, 0xCC, 0x48, 0x89, 0x5C, 0x24,
	0x18, 0x55, 0x56, 0x57, 0x48, 0x8D, 0x6C, 0x24, 0xB9, 0x48, 0x81, 0xEC,
	0xF0, 0x00, 0x00, 0x00, 0x33, 0xFF, 0x48, 0x85, 0xC9, 0x0F, 0x84, 0xEB,
	0x02, 0x00, 0x00, 0x48, 0x39, 0x79, 0x08, 0x0F, 0x84, 0xE1, 0x02, 0x00,
	0x00, 0x48, 0x39, 0x3D, 0x44, 0xF3, 0x00, 0x00, 0x0F, 0x84, 0xD4, 0x02,
	0x00, 0x00, 0x89, 0x7C, 0x24, 0x50, 0x8D, 0x77, 0x01, 0x48, 0x89, 0x7C,
	0x24, 0x48, 0x8D, 0x5F, 0x07, 0xC7, 0x44, 0x24, 0x40, 0x60, 0x00, 0x00,
	0x00, 0x4C, 0x8D, 0x4D, 0xD7, 0x89, 0x74, 0x24, 0x38, 0x4C, 0x8D, 0x45,
	0x0F, 0x0F, 0x57, 0xC0, 0x89, 0x5C, 0x24, 0x30, 0x48, 0x89, 0x4D, 0x1F,
	0xBA, 0x80, 0x00, 0x10, 0x00, 0xC7, 0x44, 0x24, 0x28, 0x80, 0x00, 0x00,
	0x00, 0x48, 0x8D, 0x4D, 0x6F, 0x48, 0x89, 0x7C, 0x24, 0x20, 0xC7, 0x45,
	0x0F, 0x30, 0x00, 0x00, 0x00, 0x48, 0x89, 0x7D, 0x17, 0xC7, 0x45, 0x27,
	0x40, 0x02, 0x00, 0x00, 0xF3, 0x0F, 0x7F, 0x45, 0x2F, 0x48, 0x89, 0x7D,
	0x6F, 0x0F, 0x11, 0x45, 0xD7, 0xFF, 0x15, 0x45, 0xCC, 0x00, 0x00, 0x85,
	0xC0, 0x78, 0x5E, 0x48, 0x8B, 0x4D, 0x6F, 0x48, 0x85, 0xC9, 0x74, 0x55,
	0x4C, 0x8B, 0x05, 0x99, 0xCC, 0x00, 0x00, 0x48, 0x8D, 0x45, 0x67, 0x48,
	0x89, 0x7D, 0x67, 0x45, 0x33, 0xC9, 0x48, 0x89, 0x7C, 0x24, 0x28, 0x33,
	0xD2, 0x48, 0x89, 0x44, 0x24, 0x20, 0x4D, 0x8B, 0x00, 0xFF, 0x15, 0x01,
	0xCC, 0x00, 0x00, 0x85, 0xC0, 0x78, 0x20, 0x48, 0x8B, 0x4D, 0x67, 0x48,
	0x85, 0xC9, 0x74, 0x17, 0x48, 0x8B, 0x41, 0x28, 0x48, 0x85, 0xC0, 0x74,
	0x08, 0x48, 0x89, 0x78, 0x10, 0x48, 0x8B, 0x4D, 0x67, 0xFF, 0x15, 0xE5,
	0xCB, 0x00, 0x00, 0x48, 0x8B, 0x4D, 0x6F, 0xFF, 0x15, 0x03, 0xF2, 0x00,
	0x00, 0x48, 0x8B, 0x05, 0x74, 0xF2, 0x00, 0x00, 0xBA, 0x28, 0x00, 0x00,
	0x00, 0x48, 0x85, 0xC0, 0x0F, 0x84, 0xB1, 0x00, 0x00, 0x00, 0x33, 0xC9,
	0x48, 0x89, 0x7D, 0x6F, 0x48, 0x89, 0x4D, 0x07, 0x4C, 0x8D, 0x4D, 0xD7,
	0x0F, 0x57, 0xC9, 0x48, 0x8D, 0x4D, 0xE7, 0x48, 0x89, 0x4C, 0x24, 0x70,
	0x4C, 0x8D, 0x45, 0x0F, 0xC7, 0x44, 0x24, 0x68, 0x00, 0x08, 0x00, 0x00,
	0x48, 0x8D, 0x4D, 0x6F, 0x48, 0x89, 0x7C, 0x24, 0x60, 0x0F, 0x57, 0xC0,
	0x89, 0x7C, 0x24, 0x58, 0x89, 0x7C, 0x24, 0x50, 0x48, 0x89, 0x7C, 0x24,
	0x48, 0xC7, 0x44, 0x24, 0x40, 0x60, 0x00, 0x00, 0x00, 0x89, 0x74, 0x24,
	0x38, 0x0F, 0x11, 0x4D, 0xE7, 0x89, 0x5C, 0x24, 0x30, 0x66, 0x89, 0x55,
	0xE7, 0xBA, 0x00, 0x01, 0x11, 0x00, 0xC7, 0x44, 0x24, 0x28, 0x80, 0x00,
	0x00, 0x00, 0x48, 0x89, 0x7C, 0x24, 0x20, 0x0F, 0x11, 0x45, 0xD7, 0x0F,
	0x11, 0x4D, 0xF7, 0xFF, 0xD0, 0x85, 0xC0, 0x78, 0x3A, 0x48, 0x8B, 0x05,
	0xE0, 0xF1, 0x00, 0x00, 0x4C, 0x8D, 0x45, 0x67, 0x48, 0x8B, 0x4D, 0x6F,
	0x48, 0x8D, 0x55, 0xD7, 0x41, 0xB9, 0x04, 0x00, 0x00, 0x00, 0xC7, 0x45,
	0x67, 0x13, 0x00, 0x00, 0x00, 0xC7, 0x44, 0x24, 0x20, 0x40, 0x00, 0x00,
	0x00, 0xFF, 0xD0, 0x48, 0x8B, 0x4D, 0x6F, 0x8B, 0xD8, 0xFF, 0x15, 0x41,
	0xF1, 0x00, 0x00, 0x85, 0xDB, 0x79, 0x16, 0x48, 0x8B, 0x15, 0x9E, 0xF1,
	0x00, 0x00, 0x48, 0x85, 0xD2, 0x74, 0x12, 0x48, 0x8D, 0x4D, 0x0F, 0xFF,
	0xD2, 0x85, 0xC0, 0x78, 0x08, 0x40, 0x8A, 0xC6, 0xE9, 0x27, 0x01, 0x00,
	0x00, 0x48, 0x8B, 0x05, 0x90, 0xF1, 0x00, 0x00, 0xBB, 0x00, 0x00, 0x11,
	0x00, 0x48, 0x85, 0xC0, 0x0F, 0x84, 0x8C, 0x00, 0x00, 0x00, 0x33, 0xC9,
	0x48, 0x89, 0x7D, 0x67, 0x48, 0x89, 0x4D, 0x07, 0x4C, 0x8D, 0x4D, 0xD7,
	0x0F, 0x57, 0xC9, 0x4C, 0x8D, 0x45, 0x0F, 0xB9, 0x28, 0x00, 0x00, 0x00,
	0x0F, 0x57, 0xC0, 0x0F, 0x11, 0x4D, 0xE7, 0x66, 0x89, 0x4D, 0xE7, 0x8B,
	0xD3, 0x48, 0x8D, 0x4D, 0xE7, 0x48, 0x89, 0x4C, 0x24, 0x70, 0x48, 0x8D,
	0x4D, 0x67, 0xC7, 0x44, 0x24, 0x68, 0x00, 0x08, 0x00, 0x00, 0x48, 0x89,
	0x7C, 0x24, 0x60, 0x89, 0x7C, 0x24, 0x58, 0x89, 0x7C, 0x24, 0x50, 0x48,
	0x89, 0x7C, 0x24, 0x48, 0xC7, 0x44, 0x24, 0x40, 0x60, 0x10, 0x00, 0x00,
	0x89, 0x74, 0x24, 0x38, 0xC7, 0x44, 0x24, 0x30, 0x07, 0x00, 0x00, 0x00,
	0xC7, 0x44, 0x24, 0x28, 0x80, 0x00, 0x00, 0x00, 0x48, 0x89, 0x7C, 0x24,
	0x20, 0x0F, 0x11, 0x45, 0xD7, 0x0F, 0x11, 0x4D, 0xF7, 0xFF, 0xD0, 0x85,
	0xC0, 0x78, 0x0F, 0x48, 0x8B, 0x4D, 0x67, 0xFF, 0x15, 0x83, 0xF0, 0x00,
	0x00, 0xE9, 0x57, 0xFF, 0xFF, 0xFF, 0x89, 0x7C, 0x24, 0x50, 0x4C, 0x8D,
	0x4D, 0xD7, 0x48, 0x89, 0x7C, 0x24, 0x48, 0x4C, 0x8D, 0x45, 0x0F, 0xC7,
	0x44, 0x24, 0x40, 0x60, 0x00, 0x00, 0x00, 0x48, 0x8D, 0x4D, 0x6F, 0x89,
	0x74, 0x24, 0x38, 0x0F, 0x57, 0xC0, 0xC7, 0x44, 0x24, 0x30, 0x04, 0x00,
	0x00, 0x00, 0x8B, 0xD3, 0xC7, 0x44, 0x24, 0x28, 0x80, 0x00, 0x00, 0x00,
	0x48, 0x89, 0x7C, 0x24, 0x20, 0x48, 0x89, 0x7D, 0x6F, 0x0F, 0x11, 0x45,
	0xD7, 0xFF, 0x15, 0x15, 0xCA, 0x00, 0x00, 0x85, 0xC0, 0x78, 0x37, 0x48,
	0x8B, 0x4D, 0x6F, 0x4C, 0x8D, 0x45, 0x67, 0x44, 0x8B, 0xCE, 0x40, 0x88,
	0x75, 0x67, 0x48, 0x8D, 0x55, 0xD7, 0xC7, 0x44, 0x24, 0x20, 0x0D, 0x00,
	0x00, 0x00, 0xFF, 0x15, 0x80, 0xF0, 0x00, 0x00, 0x48, 0x8B, 0x4D, 0x6F,
	0x8B, 0xD8, 0xFF, 0x15, 0x04, 0xF0, 0x00, 0x00, 0xC1, 0xEB, 0x1F, 0x40,
	0x32, 0xDE, 0x8A, 0xC3, 0xEB, 0x02, 0x32, 0xC0, 0x48, 0x8B, 0x9C, 0x24,
	0x20, 0x01, 0x00, 0x00, 0x48, 0x81, 0xC4, 0xF0, 0x00, 0x00, 0x00, 0x5F,
	0x5E, 0x5D, 0xC3, 0xCC, 0x48, 0x89, 0x5C, 0x24, 0x10, 0x48, 0x89, 0x6C,
	0x24, 0x18, 0x48, 0x89, 0x74, 0x24, 0x20, 0x57, 0x41, 0x56, 0x41, 0x57,
	0x48, 0x8B, 0xDA, 0x4C, 0x8B, 0xC1, 0x48, 0x85, 0xC9, 0x0F, 0x84, 0xB0,
	0x00, 0x00, 0x00, 0x48, 0x85, 0xD2, 0x0F, 0x84, 0xA7, 0x00, 0x00, 0x00,
	0xB8, 0x4D, 0x5A, 0x00, 0x00, 0x66, 0x39, 0x01, 0x0F, 0x85, 0x99, 0x00,
	0x00, 0x00, 0x48, 0x63, 0x41, 0x3C, 0x81, 0x3C, 0x08, 0x50, 0x45, 0x00,
	0x00, 0x0F, 0x85, 0x88, 0x00, 0x00, 0x00, 0x8B, 0x8C, 0x08, 0x88, 0x00,
	0x00, 0x00, 0x85, 0xC9, 0x74, 0x7D, 0x42, 0x8B, 0x7C, 0x01, 0x1C, 0x45,
	0x33, 0xD2, 0x46, 0x8B, 0x4C, 0x01, 0x20, 0x49, 0x03, 0xF8, 0x42, 0x8B,
	0x74, 0x01, 0x24, 0x4D, 0x03, 0xC8, 0x46, 0x8B, 0x7C, 0x01, 0x18, 0x49,
	0x03, 0xF0, 0x45, 0x85, 0xFF, 0x74, 0x58, 0x45, 0x8B, 0x19, 0x4D, 0x03,
	0xD8, 0x49, 0x3B, 0xDB, 0x74, 0x64, 0x4D, 0x85, 0xDB, 0x74, 0x3C, 0x4C,
	0x8B, 0xF3, 0x4D, 0x2B, 0xF3, 0x43, 0x0F, 0xB6, 0x14, 0x1E, 0x8D, 0x4A,
	0xBF, 0x80, 0xF9, 0x19, 0x8D, 0x42, 0x20, 0x0F, 0xB6, 0xE8, 0x0F, 0x47,
	0xEA, 0x41, 0x0F, 0xB6, 0x13, 0x8D, 0x4A, 0xBF, 0x80, 0xF9, 0x19, 0x8D,
	0x42, 0x20, 0x0F, 0x47, 0xC2, 0x49, 0xFF, 0xC3, 0x40, 0x84, 0xED, 0x74,
	0x05, 0x40, 0x3A, 0xE8, 0x74, 0xCF, 0x40, 0x3A, 0xE8, 0x74, 0x23, 0x41,
	0xFF, 0xC2, 0x49, 0x83, 0xC1, 0x04, 0x45, 0x3B, 0xD7, 0x72, 0xA8, 0x33,
	0xC0, 0x48, 0x8B, 0x5C, 0x24, 0x28, 0x48, 0x8B, 0x6C, 0x24, 0x30, 0x48,
	0x8B, 0x74, 0x24, 0x38, 0x41, 0x5F, 0x41, 0x5E, 0x5F, 0xC3, 0x42, 0x0F,
	0xB7, 0x0C, 0x56, 0x8B, 0x04, 0x8F, 0x49, 0x03, 0xC0, 0xEB, 0xDE, 0xCC,
	0x48, 0x89, 0x5C, 0x24, 0x10, 0x48, 0x89, 0x74, 0x24, 0x18, 0x48, 0x89,
	0x7C, 0x24, 0x20, 0x55, 0x41, 0x56, 0x41, 0x57, 0x48, 0x8B, 0xEC, 0x48,
	0x83, 0xEC, 0x50, 0xE8, 0xD4, 0x46, 0x00, 0x00, 0x33, 0xFF, 0x48, 0x8B,
	0xD8, 0x48, 0x85, 0xC0, 0x0F, 0x84, 0xD5, 0x13, 0x00, 0x00, 0x0F, 0x10,
	0x05, 0xB7, 0xCD, 0x00, 0x00, 0x8A, 0x0D, 0xC1, 0xCD, 0x00, 0x00, 0x4C,
	0x8D, 0x4D, 0xD0, 0x88, 0x4D, 0xE0, 0x8D, 0x77, 0x01, 0x0F, 0x11, 0x45,
	0xD0, 0x44, 0x8B, 0xC7, 0x41, 0xBE, 0x4F, 0xEC, 0xC4, 0x4E, 0x41, 0xB7,
	0x30, 0x41, 0x8B, 0xC6, 0x41, 0xF7, 0xE0, 0xC1, 0xEA, 0x04, 0x0F, 0xBE,
	0xC2, 0x6B, 0xC8, 0x34, 0x41, 0x8A, 0xC0, 0x44, 0x03, 0xC6, 0x2A, 0xC1,
	0x41, 0x02, 0xC7, 0x41, 0x30, 0x01, 0x4C, 0x03, 0xCE, 0x41, 0x83, 0xF8,
	0x11, 0x7C, 0xDA, 0x48, 0x8D, 0x55, 0xD0, 0x48, 0x8B, 0xCB, 0xE8, 0x81,
	0xFE, 0xFF, 0xFF, 0xF2, 0x0F, 0x10, 0x05, 0x75, 0xCD, 0x00, 0x00, 0x4C,
	0x8D, 0x4D, 0xD0, 0x48, 0x89, 0x05, 0x82, 0xED, 0x00, 0x00, 0x44, 0x8B,
	0xC7, 0x8B, 0x05, 0x69, 0xCD, 0x00, 0x00, 0x89, 0x45, 0xD8, 0x8A, 0x05,
	0x64, 0xCD, 0x00, 0x00, 0x88, 0x45, 0xDC, 0xF2, 0x0F, 0x11, 0x45, 0xD0,
	0x41, 0x8B, 0xC6, 0x41, 0xF7, 0xE0, 0xC1, 0xEA, 0x04, 0x0F, 0xBE, 0xC2,
	0x6B, 0xC8, 0x34, 0x41, 0x8A, 0xC0, 0x44, 0x03, 0xC6, 0x2A, 0xC1, 0x41,
	0x02, 0xC7, 0x41, 0x30, 0x01, 0x4C, 0x03, 0xCE, 0x41, 0x83, 0xF8, 0x0D,
	0x7C, 0xDA, 0x48, 0x8D, 0x55, 0xD0, 0x48, 0x8B, 0xCB, 0xE8, 0x22, 0xFE,
	0xFF, 0xFF, 0xF2, 0x0F, 0x10, 0x05, 0x26, 0xCD, 0x00, 0x00, 0x4C, 0x8D,
	0x4D, 0xD0, 0x48, 0x89, 0x05, 0x2B, 0xED, 0x00, 0x00, 0x44, 0x8B, 0xC7,
	0x8B, 0x05, 0x1A, 0xCD, 0x00, 0x00, 0x89, 0x45, 0xD8, 0x0F, 0xB7, 0x05,
	0x14, 0xCD, 0x00, 0x00, 0x66, 0x89, 0x45, 0xDC, 0x8A, 0x05, 0x0C, 0xCD,
	0x00, 0x00, 0x88, 0x45, 0xDE, 0xF2, 0x0F, 0x11, 0x45, 0xD0, 0x41, 0x8B,
	0xC6, 0x41, 0xF7, 0xE0, 0xC1, 0xEA, 0x04, 0x0F, 0xBE, 0xC2, 0x6B, 0xC8,
	0x34, 0x41, 0x8A, 0xC0, 0x44, 0x03, 0xC6, 0x2A, 0xC1, 0x41, 0x02, 0xC7,
	0x41, 0x30, 0x01, 0x4C, 0x03, 0xCE, 0x41, 0x83, 0xF8, 0x0F, 0x7C, 0xDA,
	0x48, 0x8D, 0x55, 0xD0, 0x48, 0x8B, 0xCB, 0xE8, 0xB8, 0xFD, 0xFF, 0xFF,
	0xF2, 0x0F, 0x10, 0x05, 0xCC, 0xCC, 0x00, 0x00, 0x4C, 0x8D, 0x4D, 0xD0,
	0x48, 0x89, 0x05, 0xC9, 0xEC, 0x00, 0x00, 0x44, 0x8B, 0xC7, 0x8B, 0x05,
	0xC0, 0xCC, 0x00, 0x00, 0x89, 0x45, 0xD8, 0x0F, 0xB7, 0x05, 0xBA, 0xCC,
	0x00, 0x00, 0x66, 0x89, 0x45, 0xDC, 0x8A, 0x05, 0xB2, 0xCC, 0x00, 0x00,
	0x88, 0x45, 0xDE, 0xF2, 0x0F, 0x11, 0x45, 0xD0, 0x41, 0x8B, 0xC6, 0x41,
	0xF7, 0xE0, 0xC1, 0xEA, 0x04, 0x0F, 0xBE, 0xC2, 0x6B, 0xC8, 0x34, 0x41,
	0x8A, 0xC0, 0x44, 0x03, 0xC6, 0x2A, 0xC1, 0x41, 0x02, 0xC7, 0x41, 0x30,
	0x01, 0x4C, 0x03, 0xCE, 0x41, 0x83, 0xF8, 0x0F, 0x7C, 0xDA, 0x48, 0x8D,
	0x55, 0xD0, 0x48, 0x8B, 0xCB, 0xE8, 0x4E, 0xFD, 0xFF, 0xFF, 0x40, 0x38,
	0x3D, 0x80, 0xCC, 0x00, 0x00, 0xF2, 0x0F, 0x10, 0x05, 0x6B, 0xCC, 0x00,
	0x00, 0x48, 0x89, 0x05, 0x64, 0xEC, 0x00, 0x00, 0x8B, 0x05, 0x66, 0xCC,
	0x00, 0x00, 0x89, 0x45, 0xD8, 0x0F, 0xB7, 0x05, 0x60, 0xCC, 0x00, 0x00,
	0x66, 0x89, 0x45, 0xDC, 0xF2, 0x0F, 0x11, 0x45, 0xD0, 0x74, 0x2D, 0x44,
	0x8B, 0xC7, 0x4C, 0x8D, 0x4D, 0xD0, 0x41, 0x8B, 0xC6, 0x41, 0xF7, 0xE0,
	0xC1, 0xEA, 0x04, 0x0F, 0xBE, 0xC2, 0x6B, 0xC8, 0x34, 0x41, 0x8A, 0xC0,
	0x44, 0x03, 0xC6, 0x2A, 0xC1, 0x41, 0x02, 0xC7, 0x41, 0x30, 0x01, 0x4C,
	0x03, 0xCE, 0x41, 0x83, 0xF8, 0x0E, 0x7C, 0xDA, 0x48, 0x8D, 0x55, 0xD0,
	0x48, 0x8B, 0xCB, 0xE8, 0xE4, 0xFC, 0xFF, 0xFF, 0x40, 0x38, 0x3D, 0x22,
	0xCC, 0x00, 0x00, 0xF2, 0x0F, 0x10, 0x05, 0x11, 0xCC, 0x00, 0x00, 0x48,
	0x89, 0x05, 0x02, 0xEC, 0x00, 0x00, 0x0F, 0xB7, 0x05, 0x0B, 0xCC, 0x00,
	0x00, 0x66, 0x89, 0x45, 0xD8, 0xF2, 0x0F, 0x11, 0x45, 0xD0, 0x74, 0x2D,
	0x44, 0x8B, 0xC7, 0x4C, 0x8D, 0x4D, 0xD0, 0x41, 0x8B, 0xC6, 0x41, 0xF7,
	0xE0, 0xC1, 0xEA, 0x04, 0x0F, 0xBE, 0xC2, 0x6B, 0xC8, 0x34, 0x41, 0x8A,
	0xC0, 0x44, 0x03, 0xC6, 0x2A, 0xC1, 0x41, 0x02, 0xC7, 0x41, 0x30, 0x01,
	0x4C, 0x03, 0xCE, 0x41, 0x83, 0xF8, 0x0A, 0x7C, 0xDA, 0x48, 0x8D, 0x55,
	0xD0, 0x48, 0x8B, 0xCB, 0xE8, 0x83, 0xFC, 0xFF, 0xFF, 0x40, 0x38, 0x3D,
	0xE1, 0xCB, 0x00, 0x00, 0x0F, 0x10, 0x05, 0xC1, 0xCB, 0x00, 0x00, 0x48,
	0x89, 0x05, 0xAA, 0xEB, 0x00, 0x00, 0x0F, 0xB7, 0x05, 0xCB, 0xCB, 0x00,
	0x00, 0x0F, 0x11, 0x45, 0xD0, 0x66, 0x89, 0x45, 0xE8, 0xF2, 0x0F, 0x10,
	0x05, 0xB3, 0xCB, 0x00, 0x00, 0xF2, 0x0F, 0x11, 0x45, 0xE0, 0x74, 0x2D,
	0x44, 0x8B, 0xC7, 0x4C, 0x8D, 0x4D, 0xD0, 0x41, 0x8B, 0xC6, 0x41, 0xF7,
	0xE0, 0xC1, 0xEA, 0x04, 0x0F, 0xBE, 0xC2, 0x6B, 0xC8, 0x34, 0x41, 0x8A,
	0xC0, 0x44, 0x03, 0xC6, 0x2A, 0xC1, 0x41, 0x02, 0xC7, 0x41, 0x30, 0x01,
	0x4C, 0x03, 0xCE, 0x41, 0x83, 0xF8, 0x1A, 0x7C, 0xDA, 0x48, 0x8D, 0x55,
	0xD0, 0x48, 0x8B, 0xCB, 0xE8, 0x17, 0xFC, 0xFF, 0xFF, 0x0F, 0x10, 0x05,
	0x7C, 0xCB, 0x00, 0x00, 0x48, 0x89, 0x05, 0x4D, 0xEB, 0x00, 0x00, 0x4C,
	0x8D, 0x4D, 0xD0, 0x8B, 0x05, 0x83, 0xCB, 0x00, 0x00, 0x44, 0x8B, 0xC7,
	0x0F, 0x11, 0x45, 0xD0, 0x89, 0x45, 0xE8, 0xF2, 0x0F, 0x10, 0x05, 0x69,
	0xCB, 0x00, 0x00, 0x8A, 0x05, 0x6F, 0xCB, 0x00, 0x00, 0xF2, 0x0F, 0x11,
	0x45, 0xE0, 0x88, 0x45, 0xEC, 0x41, 0x8B, 0xC6, 0x41, 0xF7, 0xE0, 0xC1,
	0xEA, 0x04, 0x0F, 0xBE, 0xC2, 0x6B, 0xC8, 0x34, 0x41, 0x8A, 0xC0, 0x44,
	0x03, 0xC6, 0x2A, 0xC1, 0x41, 0x02, 0xC7, 0x41, 0x30, 0x01, 0x4C, 0x03,
	0xCE, 0x41, 0x83, 0xF8, 0x1D, 0x7C, 0xDA, 0x48, 0x8D, 0x55, 0xD0, 0x48,
	0x8B, 0xCB, 0xE8, 0xAD, 0xFB, 0xFF, 0xFF, 0x0F, 0x10, 0x05, 0x32, 0xCB,
	0x00, 0x00, 0x48, 0x89, 0x05, 0xEB, 0xEA, 0x00, 0x00, 0x4C, 0x8D, 0x4D,
	0xD0, 0x0F, 0xB7, 0x05, 0x30, 0xCB, 0x00, 0x00, 0x44, 0x8B, 0xC7, 0x66,
	0x89, 0x45, 0xE0, 0x8A, 0x05, 0x25, 0xCB, 0x00, 0x00, 0x88, 0x45, 0xE2,
	0x0F, 0x11, 0x45, 0xD0, 0x41, 0x8B, 0xC6, 0x41, 0xF7, 0xE0, 0xC1, 0xEA,
	0x04, 0x0F, 0xBE, 0xC2, 0x6B, 0xC8, 0x34, 0x41, 0x8A, 0xC0, 0x44, 0x03,
	0xC6, 0x2A, 0xC1, 0x41, 0x02, 0xC7, 0x41, 0x30, 0x01, 0x4C, 0x03, 0xCE,
	0x41, 0x83, 0xF8, 0x13, 0x7C, 0xDA, 0x48, 0x8D, 0x55, 0xD0, 0x48, 0x8B,
	0xCB, 0xE8, 0x4E, 0xFB, 0xFF, 0xFF, 0x40, 0x38, 0x3D, 0xFE, 0xCA, 0x00,
	0x00, 0x0F, 0x10, 0x05, 0xE4, 0xCA, 0x00, 0x00, 0x48, 0x89, 0x05, 0x8D,
	0xEA, 0x00, 0x00, 0x8B, 0x05, 0xE7, 0xCA, 0x00, 0x00, 0x0F, 0x11, 0x45,
	0xD0, 0x89, 0x45, 0xE0, 0x74, 0x2D, 0x44, 0x8B, 0xC7, 0x4C, 0x8D, 0x4D,
	0xD0, 0x41, 0x8B, 0xC6, 0x41, 0xF7, 0xE0, 0xC1, 0xEA, 0x04, 0x0F, 0xBE,
	0xC2, 0x6B, 0xC8, 0x34, 0x41, 0x8A, 0xC0, 0x44, 0x03, 0xC6, 0x2A, 0xC1,
	0x41, 0x02, 0xC7, 0x41, 0x30, 0x01, 0x4C, 0x03, 0xCE, 0x41, 0x83, 0xF8,
	0x14, 0x7C, 0xDA, 0x48, 0x8D, 0x55, 0xD0, 0x48, 0x8B, 0xCB, 0xE8, 0xF1,
	0xFA, 0xFF, 0xFF, 0x40, 0x38, 0x3D, 0xB3, 0xCA, 0x00, 0x00, 0xF2, 0x0F,
	0x10, 0x05, 0x9E, 0xCA, 0x00, 0x00, 0x48, 0x89, 0x05, 0x37, 0xEA, 0x00,
	0x00, 0x8B, 0x05, 0x99, 0xCA, 0x00, 0x00, 0x89, 0x45, 0xD8, 0x0F, 0xB7,
	0x05, 0x93, 0xCA, 0x00, 0x00, 0x66, 0x89, 0x45, 0xDC, 0xF2, 0x0F, 0x11,
	0x45, 0xD0, 0x74, 0x2D, 0x44, 0x8B, 0xC7, 0x4C, 0x8D, 0x4D, 0xD0, 0x41,
	0x8B, 0xC6, 0x41, 0xF7, 0xE0, 0xC1, 0xEA, 0x04, 0x0F, 0xBE, 0xC2, 0x6B,
	0xC8, 0x34, 0x41, 0x8A, 0xC0, 0x44, 0x03, 0xC6, 0x2A, 0xC1, 0x41, 0x02,
	0xC7, 0x41, 0x30, 0x01, 0x4C, 0x03, 0xCE, 0x41, 0x83, 0xF8, 0x0E, 0x7C,
	0xDA, 0x48, 0x8D, 0x55, 0xD0, 0x48, 0x8B, 0xCB, 0xE8, 0x87, 0xFA, 0xFF,
	0xFF, 0x0F, 0x10, 0x05, 0x4C, 0xCA, 0x00, 0x00, 0x48, 0x89, 0x05, 0xDD,
	0xE9, 0x00, 0x00, 0xF3, 0x0F, 0x7F, 0x45, 0xD0, 0x66, 0x0F, 0x73, 0xD8,
	0x0F, 0x66, 0x0F, 0x7E, 0xC0, 0x84, 0xC0, 0x74, 0x2D, 0x44, 0x8B, 0xC7,
	0x4C, 0x8D, 0x4D, 0xD0, 0x41, 0x8B, 0xC6, 0x41, 0xF7, 0xE0, 0xC1, 0xEA,
	0x04, 0x0F, 0xBE, 0xC2, 0x6B, 0xC8, 0x34, 0x41, 0x8A, 0xC0, 0x44, 0x03,
	0xC6, 0x2A, 0xC1, 0x41, 0x02, 0xC7, 0x41, 0x30, 0x01, 0x4C, 0x03, 0xCE,
	0x41, 0x83, 0xF8, 0x10, 0x7C, 0xDA, 0x48, 0x8D, 0x55, 0xD0, 0x48, 0x8B,
	0xCB, 0xE8, 0x2E, 0xFA, 0xFF, 0xFF, 0x40, 0x38, 0x3D, 0x16, 0xCA, 0x00,
	0x00, 0x0F, 0x10, 0x05, 0xFC, 0xC9, 0x00, 0x00, 0x48, 0x89, 0x05, 0x85,
	0xE9, 0x00, 0x00, 0x8B, 0x05, 0xFF, 0xC9, 0x00, 0x00, 0x0F, 0x11, 0x45,
	0xD0, 0x89, 0x45, 0xE0, 0x74, 0x2D, 0x44, 0x8B, 0xC7, 0x4C, 0x8D, 0x4D,
	0xD0, 0x41, 0x8B, 0xC6, 0x41, 0xF7, 0xE0, 0xC1, 0xEA, 0x04, 0x0F, 0xBE,
	0xC2, 0x6B, 0xC8, 0x34, 0x41, 0x8A, 0xC0, 0x44, 0x03, 0xC6, 0x2A, 0xC1,
	0x41, 0x02, 0xC7, 0x41, 0x30, 0x01, 0x4C, 0x03, 0xCE, 0x41, 0x83, 0xF8,
	0x14, 0x7C, 0xDA, 0x48, 0x8D, 0x55, 0xD0, 0x48, 0x8B, 0xCB, 0xE8, 0xD1,
	0xF9, 0xFF, 0xFF, 0xF2, 0x0F, 0x10, 0x05, 0xBD, 0xC9, 0x00, 0x00, 0x4C,
	0x8D, 0x4D, 0xD0, 0x48, 0x89, 0x05, 0x32, 0xE9, 0x00, 0x00, 0x44, 0x8B,
	0xC7, 0x8B, 0x05, 0xB1, 0xC9, 0x00, 0x00, 0x89, 0x45, 0xD8, 0x8A, 0x05,
	0xAC, 0xC9, 0x00, 0x00, 0x88, 0x45, 0xDC, 0xF2, 0x0F, 0x11, 0x45, 0xD0,
	0x41, 0x8B, 0xC6, 0x41, 0xF7, 0xE0, 0xC1, 0xEA, 0x04, 0x0F, 0xBE, 0xC2,
	0x6B, 0xC8, 0x34, 0x41, 0x8A, 0xC0, 0x44, 0x03, 0xC6, 0x2A, 0xC1, 0x41,
	0x02, 0xC7, 0x41, 0x30, 0x01, 0x4C, 0x03, 0xCE, 0x41, 0x83, 0xF8, 0x0D,
	0x7C, 0xDA, 0x48, 0x8D, 0x55, 0xD0, 0x48, 0x8B, 0xCB, 0xE8, 0x72, 0xF9,
	0xFF, 0xFF, 0x40, 0x38, 0x3D, 0x7C, 0xC9, 0x00, 0x00, 0xF2, 0x0F, 0x10,
	0x05, 0x67, 0xC9, 0x00, 0x00, 0x48, 0x89, 0x05, 0xD8, 0xE8, 0x00, 0x00,
	0x8B, 0x05, 0x62, 0xC9, 0x00, 0x00, 0x89, 0x45, 0xD8, 0x0F, 0xB7, 0x05,
	0x5C, 0xC9, 0x00, 0x00, 0x66, 0x89, 0x45, 0xDC, 0xF2, 0x0F, 0x11, 0x45,
	0xD0, 0x74, 0x2D, 0x44, 0x8B, 0xC7, 0x4C, 0x8D, 0x4D, 0xD0, 0x41, 0x8B,
	0xC6, 0x41, 0xF7, 0xE0, 0xC1, 0xEA, 0x04, 0x0F, 0xBE, 0xC2, 0x6B, 0xC8,
	0x34, 0x41, 0x8A, 0xC0, 0x44, 0x03, 0xC6, 0x2A, 0xC1, 0x41, 0x02, 0xC7,
	0x41, 0x30, 0x01, 0x4C, 0x03, 0xCE, 0x41, 0x83, 0xF8, 0x0E, 0x7C, 0xDA,
	0x48, 0x8D, 0x55, 0xD0, 0x48, 0x8B, 0xCB, 0xE8, 0x08, 0xF9, 0xFF, 0xFF,
	0x40, 0x38, 0x3D, 0x26, 0xC9, 0x00, 0x00, 0x0F, 0x10, 0x05, 0x0E, 0xC9,
	0x00, 0x00, 0x48, 0x89, 0x05, 0x77, 0xE8, 0x00, 0x00, 0x0F, 0xB7, 0x05,
	0x10, 0xC9, 0x00, 0x00, 0x0F, 0x11, 0x45, 0xD0, 0x66, 0x89, 0x45, 0xE0,
	0x74, 0x2D, 0x44, 0x8B, 0xC7, 0x4C, 0x8D, 0x4D, 0xD0, 0x41, 0x8B, 0xC6,
	0x41, 0xF7, 0xE0, 0xC1, 0xEA, 0x04, 0x0F, 0xBE, 0xC2, 0x6B, 0xC8, 0x34,
	0x41, 0x8A, 0xC0, 0x44, 0x03, 0xC6, 0x2A, 0xC1, 0x41, 0x02, 0xC7, 0x41,
	0x30, 0x01, 0x4C, 0x03, 0xCE, 0x41, 0x83, 0xF8, 0x12, 0x7C, 0xDA, 0x48,
	0x8D, 0x55, 0xD0, 0x48, 0x8B, 0xCB, 0xE8, 0xA9, 0xF8, 0xFF, 0xFF, 0xF2,
	0x0F, 0x10, 0x05, 0xCD, 0xC8, 0x00, 0x00, 0x4C, 0x8D, 0x4D, 0xD0, 0x48,
	0x89, 0x05, 0x22, 0xE8, 0x00, 0x00, 0x44, 0x8B, 0xC7, 0x0F, 0xB7, 0x05,
	0xC0, 0xC8, 0x00, 0x00, 0x66, 0x89, 0x45, 0xD8, 0x8A, 0x05, 0xB8, 0xC8,
	0x00, 0x00, 0x88, 0x45, 0xDA, 0xF2, 0x0F, 0x11, 0x45, 0xD0, 0x41, 0x8B,
	0xC6, 0x41, 0xF7, 0xE0, 0xC1, 0xEA, 0x04, 0x0F, 0xBE, 0xC2, 0x6B, 0xC8,
	0x34, 0x41, 0x8A, 0xC0, 0x44, 0x03, 0xC6, 0x2A, 0xC1, 0x41, 0x02, 0xC7,
	0x41, 0x30, 0x01, 0x4C, 0x03, 0xCE, 0x41, 0x83, 0xF8, 0x0B, 0x7C, 0xDA,
	0x48, 0x8D, 0x55, 0xD0, 0x48, 0x8B, 0xCB, 0xE8, 0x48, 0xF8, 0xFF, 0xFF,
	0xF2, 0x0F, 0x10, 0x05, 0x7C, 0xC8, 0x00, 0x00, 0x4C, 0x8D, 0x4D, 0xD0,
	0x48, 0x89, 0x05, 0xC9, 0xE7, 0x00, 0x00, 0x44, 0x8B, 0xC7, 0x8B, 0x05,
	0x70, 0xC8, 0x00, 0x00, 0x89, 0x45, 0xD8, 0x8A, 0x05, 0x6B, 0xC8, 0x00,
	0x00, 0x88, 0x45, 0xDC, 0xF2, 0x0F, 0x11, 0x45, 0xD0, 0x41, 0x8B, 0xC6,
	0x41, 0xF7, 0xE0, 0xC1, 0xEA, 0x04, 0x0F, 0xBE, 0xC2, 0x6B, 0xC8, 0x34,
	0x41, 0x8A, 0xC0, 0x44, 0x03, 0xC6, 0x2A, 0xC1, 0x41, 0x02, 0xC7, 0x41,
	0x30, 0x01, 0x4C, 0x03, 0xCE, 0x41, 0x83, 0xF8, 0x0D, 0x7C, 0xDA, 0x48,
	0x8D, 0x55, 0xD0, 0x48, 0x8B, 0xCB, 0xE8, 0xE9, 0xF7, 0xFF, 0xFF, 0x0F,
	0x10, 0x05, 0x2E, 0xC8, 0x00, 0x00, 0x48, 0x89, 0x05, 0x77, 0xE7, 0x00,
	0x00, 0x4C, 0x8D, 0x4D, 0xD0, 0x8A, 0x05, 0x2D, 0xC8, 0x00, 0x00, 0x44,
	0x8B, 0xC7, 0x0F, 0x11, 0x45, 0xD0, 0x88, 0x45, 0xE0, 0x41, 0x8B, 0xC6,
	0x41, 0xF7, 0xE0, 0xC1, 0xEA, 0x04, 0x0F, 0xBE, 0xC2, 0x6B, 0xC8, 0x34,
	0x41, 0x8A, 0xC0, 0x44, 0x03, 0xC6, 0x2A, 0xC1, 0x41, 0x02, 0xC7, 0x41,
	0x30, 0x01, 0x4C, 0x03, 0xCE, 0x41, 0x83, 0xF8, 0x11, 0x7C, 0xDA, 0x48,
	0x8D, 0x55, 0xD0, 0x48, 0x8B, 0xCB, 0xE8, 0x95, 0xF7, 0xFF, 0xFF, 0x0F,
	0x10, 0x05, 0xF2, 0xC7, 0x00, 0x00, 0x48, 0x89, 0x05, 0x2B, 0xE7, 0x00,
	0x00, 0x4C, 0x8D, 0x4D, 0xD0, 0x8B, 0x05, 0xF1, 0xC7, 0x00, 0x00, 0x44,
	0x8B, 0xC7, 0x89, 0x45, 0xE0, 0x8A, 0x05, 0xE9, 0xC7, 0x00, 0x00, 0x88,
	0x45, 0xE4, 0x0F, 0x11, 0x45, 0xD0, 0x41, 0x8B, 0xC6, 0x41, 0xF7, 0xE0,
	0xC1, 0xEA, 0x04, 0x0F, 0xBE, 0xC2, 0x6B, 0xC8, 0x34, 0x41, 0x8A, 0xC0,
	0x44, 0x03, 0xC6, 0x2A, 0xC1, 0x41, 0x02, 0xC7, 0x41, 0x30, 0x01, 0x4C,
	0x03, 0xCE, 0x41, 0x83, 0xF8, 0x15, 0x7C, 0xDA, 0x48, 0x8D, 0x55, 0xD0,
	0x48, 0x8B, 0xCB, 0xE8, 0x38, 0xF7, 0xFF, 0xFF, 0x0F, 0x10, 0x05, 0xAD,
	0xC7, 0x00, 0x00, 0x48, 0x89, 0x05, 0xD6, 0xE6, 0x00, 0x00, 0x4C, 0x8D,
	0x4D, 0xD0, 0x8B, 0x05, 0xAC, 0xC7, 0x00, 0x00, 0x44, 0x8B, 0xC7, 0x89,
	0x45, 0xE0, 0x0F, 0xB7, 0x05, 0xA3, 0xC7, 0x00, 0x00, 0x66, 0x89, 0x45,
	0xE4, 0x8A, 0x05, 0x9B, 0xC7, 0x00, 0x00, 0x88, 0x45, 0xE6, 0x0F, 0x11,
	0x45, 0xD0, 0x41, 0x8B, 0xC6, 0x41, 0xF7, 0xE0, 0xC1, 0xEA, 0x04, 0x0F,
	0xBE, 0xC2, 0x6B, 0xC8, 0x34, 0x41, 0x8A, 0xC0, 0x44, 0x03, 0xC6, 0x2A,
	0xC1, 0x41, 0x02, 0xC7, 0x41, 0x30, 0x01, 0x4C, 0x03, 0xCE, 0x41, 0x83,
	0xF8, 0x17, 0x7C, 0xDA, 0x48, 0x8D, 0x55, 0xD0, 0x48, 0x8B, 0xCB, 0xE8,
	0xD0, 0xF6, 0xFF, 0xFF, 0x40, 0x38, 0x3D, 0x74, 0xC7, 0x00, 0x00, 0x0F,
	0x10, 0x05, 0x56, 0xC7, 0x00, 0x00, 0x48, 0x89, 0x05, 0x6F, 0xE6, 0x00,
	0x00, 0x0F, 0x11, 0x45, 0xD0, 0xF2, 0x0F, 0x10, 0x05, 0x53, 0xC7, 0x00,
	0x00, 0xF2, 0x0F, 0x11, 0x45, 0xE0, 0x74, 0x2D, 0x44, 0x8B, 0xC7, 0x4C,
	0x8D, 0x4D, 0xD0, 0x41, 0x8B, 0xC6, 0x41, 0xF7, 0xE0, 0xC1, 0xEA, 0x04,
	0x0F, 0xBE, 0xC2, 0x6B, 0xC8, 0x34, 0x41, 0x8A, 0xC0, 0x44, 0x03, 0xC6,
	0x2A, 0xC1, 0x41, 0x02, 0xC7, 0x41, 0x30, 0x01, 0x4C, 0x03, 0xCE, 0x41,
	0x83, 0xF8, 0x18, 0x7C, 0xDA, 0x48, 0x8D, 0x55, 0xD0, 0x48, 0x8B, 0xCB,
	0xE8, 0x6F, 0xF6, 0xFF, 0xFF, 0x0F, 0x10, 0x05, 0x14, 0xC7, 0x00, 0x00,
	0x48, 0x89, 0x05, 0x1D, 0xE6, 0x00, 0x00, 0x4C, 0x8D, 0x4D, 0xD0, 0x8B,
	0x05, 0x13, 0xC7, 0x00, 0x00, 0x44, 0x8B, 0xC7, 0x89, 0x45, 0xE0, 0x8A,
	0x05, 0x0B, 0xC7, 0x00, 0x00, 0x88, 0x45, 0xE4, 0x0F, 0x11, 0x45, 0xD0,
	0x41, 0x8B, 0xC6, 0x41, 0xF7, 0xE0, 0xC1, 0xEA, 0x04, 0x0F, 0xBE, 0xC2,
	0x6B, 0xC8, 0x34, 0x41, 0x8A, 0xC0, 0x44, 0x03, 0xC6, 0x2A, 0xC1, 0x41,
	0x02, 0xC7, 0x41, 0x30, 0x01, 0x4C, 0x03, 0xCE, 0x41, 0x83, 0xF8, 0x15,
	0x7C, 0xDA, 0x48, 0x8D, 0x55, 0xD0, 0x48, 0x8B, 0xCB, 0xE8, 0x12, 0xF6,
	0xFF, 0xFF, 0x40, 0x38, 0x3D, 0xE6, 0xC6, 0x00, 0x00, 0x0F, 0x10, 0x05,
	0xC8, 0xC6, 0x00, 0x00, 0x48, 0x89, 0x05, 0xC1, 0xE5, 0x00, 0x00, 0x0F,
	0x11, 0x45, 0xD0, 0xF2, 0x0F, 0x10, 0x05, 0xC5, 0xC6, 0x00, 0x00, 0xF2,
	0x0F, 0x11, 0x45, 0xE0, 0x74, 0x2D, 0x44, 0x8B, 0xC7, 0x4C, 0x8D, 0x4D,
	0xD0, 0x41, 0x8B, 0xC6, 0x41, 0xF7, 0xE0, 0xC1, 0xEA, 0x04, 0x0F, 0xBE,
	0xC2, 0x6B, 0xC8, 0x34, 0x41, 0x8A, 0xC0, 0x44, 0x03, 0xC6, 0x2A, 0xC1,
	0x41, 0x02, 0xC7, 0x41, 0x30, 0x01, 0x4C, 0x03, 0xCE, 0x41, 0x83, 0xF8,
	0x18, 0x7C, 0xDA, 0x48, 0x8D, 0x55, 0xD0, 0x48, 0x8B, 0xCB, 0xE8, 0xB1,
	0xF5, 0xFF, 0xFF, 0x40, 0x38, 0x3D, 0x99, 0xC6, 0x00, 0x00, 0x0F, 0x10,
	0x05, 0x7F, 0xC6, 0x00, 0x00, 0x48, 0x89, 0x05, 0x68, 0xE5, 0x00, 0x00,
	0x8B, 0x05, 0x82, 0xC6, 0x00, 0x00, 0x0F, 0x11, 0x45, 0xD0, 0x89, 0x45,
	0xE0, 0x74, 0x2D, 0x44, 0x8B, 0xC7, 0x4C, 0x8D, 0x4D, 0xD0, 0x41, 0x8B,
	0xC6, 0x41, 0xF7, 0xE0, 0xC1, 0xEA, 0x04, 0x0F, 0xBE, 0xC2, 0x6B, 0xC8,
	0x34, 0x41, 0x8A, 0xC0, 0x44, 0x03, 0xC6, 0x2A, 0xC1, 0x41, 0x02, 0xC7,
	0x41, 0x30, 0x01, 0x4C, 0x03, 0xCE, 0x41, 0x83, 0xF8, 0x14, 0x7C, 0xDA,
	0x48, 0x8D, 0x55, 0xD0, 0x48, 0x8B, 0xCB, 0xE8, 0x54, 0xF5, 0xFF, 0xFF,
	0x40, 0x38, 0x3D, 0x56, 0xC6, 0x00, 0x00, 0x0F, 0x10, 0x05, 0x3A, 0xC6,
	0x00, 0x00, 0x48, 0x89, 0x05, 0x13, 0xE5, 0x00, 0x00, 0x8B, 0x05, 0x3D,
	0xC6, 0x00, 0x00, 0x89, 0x45, 0xE0, 0x0F, 0xB7, 0x05, 0x37, 0xC6, 0x00,
	0x00, 0x66, 0x89, 0x45, 0xE4, 0x0F, 0x11, 0x45, 0xD0, 0x74, 0x2D, 0x44,
	0x8B, 0xC7, 0x4C, 0x8D, 0x4D, 0xD0, 0x41, 0x8B, 0xC6, 0x41, 0xF7, 0xE0,
	0xC1, 0xEA, 0x04, 0x0F, 0xBE, 0xC2, 0x6B, 0xC8, 0x34, 0x41, 0x8A, 0xC0,
	0x44, 0x03, 0xC6, 0x2A, 0xC1, 0x41, 0x02, 0xC7, 0x41, 0x30, 0x01, 0x4C,
	0x03, 0xCE, 0x41, 0x83, 0xF8, 0x16, 0x7C, 0xDA, 0x48, 0x8D, 0x55, 0xD0,
	0x48, 0x8B, 0xCB, 0xE8, 0xEC, 0xF4, 0xFF, 0xFF, 0x40, 0x38, 0x3D, 0xF8,
	0xC5, 0x00, 0x00, 0x48, 0x89, 0x05, 0xBA, 0xE4, 0x00, 0x00, 0x48, 0x8B,
	0x05, 0xE3, 0xC5, 0x00, 0x00, 0x48, 0x89, 0x45, 0x20, 0x74, 0x2D, 0x44,
	0x8B, 0xC7, 0x4C, 0x8D, 0x4D, 0x20, 0x41, 0x8B, 0xC6, 0x41, 0xF7, 0xE0,
	0xC1, 0xEA, 0x04, 0x0F, 0xBE, 0xC2, 0x6B, 0xC8, 0x34, 0x41, 0x8A, 0xC0,
	0x44, 0x03, 0xC6, 0x2A, 0xC1, 0x41, 0x02, 0xC7, 0x41, 0x30, 0x01, 0x4C,
	0x03, 0xCE, 0x41, 0x83, 0xF8, 0x08, 0x7C, 0xDA, 0x48, 0x8D, 0x55, 0x20,
	0x48, 0x8B, 0xCB, 0xE8, 0x98, 0xF4, 0xFF, 0xFF, 0x0F, 0x10, 0x05, 0xA5,
	0xC5, 0x00, 0x00, 0x48, 0x89, 0x05, 0x6E, 0xE4, 0x00, 0x00, 0x4C, 0x8D,
	0x4D, 0xD0, 0x8B, 0x05, 0xA4, 0xC5, 0x00, 0x00, 0x44, 0x8B, 0xC7, 0x89,
	0x45, 0xE0, 0x8A, 0x05, 0x9C, 0xC5, 0x00, 0x00, 0x88, 0x45, 0xE4, 0x0F,
	0x11, 0x45, 0xD0, 0x41, 0x8B, 0xC6, 0x41, 0xF7, 0xE0, 0xC1, 0xEA, 0x04,
	0x0F, 0xBE, 0xC2, 0x6B, 0xC8, 0x34, 0x41, 0x8A, 0xC0, 0x44, 0x03, 0xC6,
	0x2A, 0xC1, 0x41, 0x02, 0xC7, 0x41, 0x30, 0x01, 0x4C, 0x03, 0xCE, 0x41,
	0x83, 0xF8, 0x15, 0x7C, 0xDA, 0x48, 0x8D, 0x55, 0xD0, 0x48, 0x8B, 0xCB,
	0xE8, 0x3B, 0xF4, 0xFF, 0xFF, 0x40, 0x38, 0x3D, 0x6D, 0xC5, 0x00, 0x00,
	0xF2, 0x0F, 0x10, 0x05, 0x58, 0xC5, 0x00, 0x00, 0x48, 0x89, 0x05, 0x11,
	0xE4, 0x00, 0x00, 0x8B, 0x05, 0x53, 0xC5, 0x00, 0x00, 0x89, 0x45, 0xD8,
	0x0F, 0xB7, 0x05, 0x4D, 0xC5, 0x00, 0x00, 0x66, 0x89, 0x45, 0xDC, 0xF2,
	0x0F, 0x11, 0x45, 0xD0, 0x74, 0x2D, 0x44, 0x8B, 0xC7, 0x4C, 0x8D, 0x4D,
	0xD0, 0x41, 0x8B, 0xC6, 0x41, 0xF7, 0xE0, 0xC1, 0xEA, 0x04, 0x0F, 0xBE,
	0xC2, 0x6B, 0xC8, 0x34, 0x41, 0x8A, 0xC0, 0x44, 0x03, 0xC6, 0x2A, 0xC1,
	0x41, 0x02, 0xC7, 0x41, 0x30, 0x01, 0x4C, 0x03, 0xCE, 0x41, 0x83, 0xF8,
	0x0E, 0x7C, 0xDA, 0x48, 0x8D, 0x55, 0xD0, 0x48, 0x8B, 0xCB, 0xE8, 0xD1,
	0xF3, 0xFF, 0xFF, 0x40, 0x38, 0x3D, 0x11, 0xC5, 0x00, 0x00, 0xF2, 0x0F,
	0x10, 0x05, 0xFE, 0xC4, 0x00, 0x00, 0x48, 0x89, 0x05, 0xAF, 0xE3, 0x00,
	0x00, 0x8B, 0x05, 0xF9, 0xC4, 0x00, 0x00, 0xF2, 0x0F, 0x11, 0x45, 0xD0,
	0x89, 0x45, 0xD8, 0x74, 0x2D, 0x44, 0x8B, 0xC7, 0x4C, 0x8D, 0x4D, 0xD0,
	0x41, 0x8B, 0xC6, 0x41, 0xF7, 0xE0, 0xC1, 0xEA, 0x04, 0x0F, 0xBE, 0xC2,
	0x6B, 0xC8, 0x34, 0x41, 0x8A, 0xC0, 0x44, 0x03, 0xC6, 0x2A, 0xC1, 0x41,
	0x02, 0xC7, 0x41, 0x30, 0x01, 0x4C, 0x03, 0xCE, 0x41, 0x83, 0xF8, 0x0C,
	0x7C, 0xDA, 0x48, 0x8D, 0x55, 0xD0, 0x48, 0x8B, 0xCB, 0xE8, 0x72, 0xF3,
	0xFF, 0xFF, 0x40, 0x38, 0x3D, 0xC2, 0xC4, 0x00, 0x00, 0xF2, 0x0F, 0x10,
	0x05, 0xAF, 0xC4, 0x00, 0x00, 0x48, 0x89, 0x05, 0x58, 0xE3, 0x00, 0x00,
	0x8B, 0x05, 0xAA, 0xC4, 0x00, 0x00, 0xF2, 0x0F, 0x11, 0x45, 0xD0, 0x89,
	0x45, 0xD8, 0x74, 0x2D, 0x44, 0x8B, 0xC7, 0x4C, 0x8D, 0x4D, 0xD0, 0x41,
	0x8B, 0xC6, 0x41, 0xF7, 0xE0, 0xC1, 0xEA, 0x04, 0x0F, 0xBE, 0xC2, 0x6B,
	0xC8, 0x34, 0x41, 0x8A, 0xC0, 0x44, 0x03, 0xC6, 0x2A, 0xC1, 0x41, 0x02,
	0xC7, 0x41, 0x30, 0x01, 0x4C, 0x03, 0xCE, 0x41, 0x83, 0xF8, 0x0C, 0x7C,
	0xDA, 0x48, 0x8D, 0x55, 0xD0, 0x48, 0x8B, 0xCB, 0xE8, 0x13, 0xF3, 0xFF,
	0xFF, 0x0F, 0x10, 0x05, 0x68, 0xC4, 0x00, 0x00, 0x48, 0x89, 0x05, 0x09,
	0xE3, 0x00, 0x00, 0x4C, 0x8D, 0x4D, 0xD0, 0x8B, 0x05, 0x6F, 0xC4, 0x00,
	0x00, 0x44, 0x8B, 0xC7, 0x89, 0x45, 0xE8, 0x0F, 0xB7, 0x05, 0x66, 0xC4,
	0x00, 0x00, 0x66, 0x89, 0x45, 0xEC, 0x8A, 0x05, 0x5E, 0xC4, 0x00, 0x00,
	0x0F, 0x11, 0x45, 0xD0, 0x88, 0x45, 0xEE, 0xF2, 0x0F, 0x10, 0x05, 0x41,
	0xC4, 0x00, 0x00, 0xF2, 0x0F, 0x11, 0x45, 0xE0, 0x41, 0x8B, 0xC6, 0x41,
	0xF7, 0xE0, 0xC1, 0xEA, 0x04, 0x0F, 0xBE, 0xC2, 0x6B, 0xC8, 0x34, 0x41,
	0x8A, 0xC0, 0x44, 0x03, 0xC6, 0x2A, 0xC1, 0x41, 0x02, 0xC7, 0x41, 0x30,
	0x01, 0x4C, 0x03, 0xCE, 0x41, 0x83, 0xF8, 0x1F, 0x7C, 0xDA, 0x48, 0x8D,
	0x55, 0xD0, 0x48, 0x8B, 0xCB, 0xE8, 0x9E, 0xF2, 0xFF, 0xFF, 0x40, 0x38,
	0x3D, 0x28, 0xC4, 0x00, 0x00, 0x0F, 0x10, 0x05, 0x0C, 0xC4, 0x00, 0x00,
	0x48, 0x89, 0x05, 0x95, 0xE2, 0x00, 0x00, 0x8B, 0x05, 0x0F, 0xC4, 0x00,
	0x00, 0x89, 0x45, 0xE0, 0x0F, 0xB7, 0x05, 0x09, 0xC4, 0x00, 0x00, 0x66,
	0x89, 0x45, 0xE4, 0x0F, 0x11, 0x45, 0xD0, 0x74, 0x2D, 0x44, 0x8B, 0xC7,
	0x4C, 0x8D, 0x4D, 0xD0, 0x41, 0x8B, 0xC6, 0x41, 0xF7, 0xE0, 0xC1, 0xEA,
	0x04, 0x0F, 0xBE, 0xC2, 0x6B, 0xC8, 0x34, 0x41, 0x8A, 0xC0, 0x44, 0x03,
	0xC6, 0x2A, 0xC1, 0x41, 0x02, 0xC7, 0x41, 0x30, 0x01, 0x4C, 0x03, 0xCE,
	0x41, 0x83, 0xF8, 0x16, 0x7C, 0xDA, 0x48, 0x8D, 0x55, 0xD0, 0x48, 0x8B,
	0xCB, 0xE8, 0x36, 0xF2, 0xFF, 0xFF, 0x0F, 0x10, 0x0D, 0xD3, 0xC3, 0x00,
	0x00, 0x48, 0x89, 0x05, 0x3C, 0xE2, 0x00, 0x00, 0x0F, 0x10, 0x05, 0xB5,
	0xC3, 0x00, 0x00, 0x0F, 0x11, 0x4D, 0xE0, 0x66, 0x0F, 0x73, 0xD9, 0x0F,
	0x66, 0x0F, 0x7E, 0xC8, 0x0F, 0x11, 0x45, 0xD0, 0x84, 0xC0, 0x74, 0x2D,
	0x44, 0x8B, 0xC7, 0x4C, 0x8D, 0x4D, 0xD0, 0x41, 0x8B, 0xC6, 0x41, 0xF7,
	0xE0, 0xC1, 0xEA, 0x04, 0x0F, 0xBE, 0xC2, 0x6B, 0xC8, 0x34, 0x41, 0x8A,
	0xC0, 0x44, 0x03, 0xC6, 0x2A, 0xC1, 0x41, 0x02, 0xC7, 0x41, 0x30, 0x01,
	0x4C, 0x03, 0xCE, 0x41, 0x83, 0xF8, 0x20, 0x7C, 0xDA, 0x48, 0x8D, 0x55,
	0xD0, 0x48, 0x8B, 0xCB, 0xE8, 0xD3, 0xF1, 0xFF, 0xFF, 0x0F, 0x10, 0x0D,
	0x90, 0xC3, 0x00, 0x00, 0x48, 0x89, 0x05, 0xE1, 0xE1, 0x00, 0x00, 0x0F,
	0x10, 0x05, 0x72, 0xC3, 0x00, 0x00, 0x0F, 0x11, 0x4D, 0xE0, 0x66, 0x0F,
	0x73, 0xD9, 0x0F, 0x66, 0x0F, 0x7E, 0xC8, 0x0F, 0x11, 0x45, 0xD0, 0x84,
	0xC0, 0x74, 0x2D, 0x44, 0x8B, 0xC7, 0x4C, 0x8D, 0x4D, 0xD0, 0x41, 0x8B,
	0xC6, 0x41, 0xF7, 0xE0, 0xC1, 0xEA, 0x04, 0x0F, 0xBE, 0xC2, 0x6B, 0xC8,
	0x34, 0x41, 0x8A, 0xC0, 0x44, 0x03, 0xC6, 0x2A, 0xC1, 0x41, 0x02, 0xC7,
	0x41, 0x30, 0x01, 0x4C, 0x03, 0xCE, 0x41, 0x83, 0xF8, 0x20, 0x7C, 0xDA,
	0x48, 0x8D, 0x55, 0xD0, 0x48, 0x8B, 0xCB, 0xE8, 0x70, 0xF1, 0xFF, 0xFF,
	0x40, 0x38, 0x3D, 0x52, 0xC3, 0x00, 0x00, 0x0F, 0x10, 0x05, 0x36, 0xC3,
	0x00, 0x00, 0x48, 0x89, 0x05, 0x7F, 0xE1, 0x00, 0x00, 0x8B, 0x05, 0x39,
	0xC3, 0x00, 0x00, 0x89, 0x45, 0xE0, 0x0F, 0xB7, 0x05, 0x33, 0xC3, 0x00,
	0x00, 0x66, 0x89, 0x45, 0xE4, 0x0F, 0x11, 0x45, 0xD0, 0x74, 0x2D, 0x44,
	0x8B, 0xC7, 0x4C, 0x8D, 0x4D, 0xD0, 0x41, 0x8B, 0xC6, 0x41, 0xF7, 0xE0,
	0xC1, 0xEA, 0x04, 0x0F, 0xBE, 0xC2, 0x6B, 0xC8, 0x34, 0x41, 0x8A, 0xC0,
	0x44, 0x03, 0xC6, 0x2A, 0xC1, 0x41, 0x02, 0xC7, 0x41, 0x30, 0x01, 0x4C,
	0x03, 0xCE, 0x41, 0x83, 0xF8, 0x16, 0x7C, 0xDA, 0x48, 0x8D, 0x55, 0xD0,
	0x48, 0x8B, 0xCB, 0xE8, 0x08, 0xF1, 0xFF, 0xFF, 0x40, 0x38, 0x3D, 0x02,
	0xC3, 0x00, 0x00, 0x0F, 0x10, 0x05, 0xE6, 0xC2, 0x00, 0x00, 0x48, 0x89,
	0x05, 0x1F, 0xE1, 0x00, 0x00, 0x8B, 0x05, 0xE9, 0xC2, 0x00, 0x00, 0x89,
	0x45, 0xE0, 0x0F, 0xB7, 0x05, 0xE3, 0xC2, 0x00, 0x00, 0x66, 0x89, 0x45,
	0xE4, 0x0F, 0x11, 0x45, 0xD0, 0x74, 0x2D, 0x44, 0x8B, 0xC7, 0x4C, 0x8D,
	0x4D, 0xD0, 0x41, 0x8B, 0xC6, 0x41, 0xF7, 0xE0, 0xC1, 0xEA, 0x04, 0x0F,
	0xBE, 0xC2, 0x6B, 0xC8, 0x34, 0x41, 0x8A, 0xC0, 0x44, 0x03, 0xC6, 0x2A,
	0xC1, 0x41, 0x02, 0xC7, 0x41, 0x30, 0x01, 0x4C, 0x03, 0xCE, 0x41, 0x83,
	0xF8, 0x16, 0x7C, 0xDA, 0x48, 0x8D, 0x55, 0xD0, 0x48, 0x8B, 0xCB, 0xE8,
	0xA0, 0xF0, 0xFF, 0xFF, 0x40, 0x38, 0x3D, 0xA6, 0xC2, 0x00, 0x00, 0xF2,
	0x0F, 0x10, 0x05, 0x95, 0xC2, 0x00, 0x00, 0x48, 0x89, 0x05, 0xBE, 0xE0,
	0x00, 0x00, 0x0F, 0xB7, 0x05, 0x8F, 0xC2, 0x00, 0x00, 0x66, 0x89, 0x45,
	0xD8, 0xF2, 0x0F, 0x11, 0x45, 0xD0, 0x74, 0x2D, 0x44, 0x8B, 0xC7, 0x4C,
	0x8D, 0x4D, 0xD0, 0x41, 0x8B, 0xC6, 0x41, 0xF7, 0xE0, 0xC1, 0xEA, 0x04,
	0x0F, 0xBE, 0xC2, 0x6B, 0xC8, 0x34, 0x41, 0x8A, 0xC0, 0x44, 0x03, 0xC6,
	0x2A, 0xC1, 0x41, 0x02, 0xC7, 0x41, 0x30, 0x01, 0x4C, 0x03, 0xCE, 0x41,
	0x83, 0xF8, 0x0A, 0x7C, 0xDA, 0x48, 0x8D, 0x55, 0xD0, 0x48, 0x8B, 0xCB,
	0xE8, 0x3F, 0xF0, 0xFF, 0xFF, 0x0F, 0x10, 0x05, 0x4C, 0xC2, 0x00, 0x00,
	0x48, 0x89, 0x05, 0x6D, 0xE0, 0x00, 0x00, 0xF3, 0x0F, 0x7F, 0x45, 0xD0,
	0x66, 0x0F, 0x73, 0xD8, 0x0F, 0x66, 0x0F, 0x7E, 0xC0, 0x84, 0xC0, 0x74,
	0x2D, 0x44, 0x8B, 0xC7, 0x4C, 0x8D, 0x4D, 0xD0, 0x41, 0x8B, 0xC6, 0x41,
	0xF7, 0xE0, 0xC1, 0xEA, 0x04, 0x0F, 0xBE, 0xC2, 0x6B, 0xC8, 0x34, 0x41,
	0x8A, 0xC0, 0x44, 0x03, 0xC6, 0x2A, 0xC1, 0x41, 0x02, 0xC7, 0x41, 0x30,
	0x01, 0x4C, 0x03, 0xCE, 0x41, 0x83, 0xF8, 0x10, 0x7C, 0xDA, 0x48, 0x8D,
	0x55, 0xD0, 0x48, 0x8B, 0xCB, 0xE8, 0xE6, 0xEF, 0xFF, 0xFF, 0xF2, 0x0F,
	0x10, 0x05, 0x02, 0xC2, 0x00, 0x00, 0x4C, 0x8D, 0x4D, 0xD0, 0x48, 0x89,
	0x05, 0x17, 0xE0, 0x00, 0x00, 0x44, 0x8B, 0xC7, 0x8B, 0x05, 0xF6, 0xC1,
	0x00, 0x00, 0x89, 0x45, 0xD8, 0x8A, 0x05, 0xF1, 0xC1, 0x00, 0x00, 0x88,
	0x45, 0xDC, 0xF2, 0x0F, 0x11, 0x45, 0xD0, 0x41, 0x8B, 0xC6, 0x41, 0xF7,
	0xE0, 0xC1, 0xEA, 0x04, 0x0F, 0xBE, 0xC2, 0x6B, 0xC8, 0x34, 0x41, 0x8A,
	0xC0, 0x44, 0x03, 0xC6, 0x2A, 0xC1, 0x41, 0x02, 0xC7, 0x41, 0x30, 0x01,
	0x4C, 0x03, 0xCE, 0x41, 0x83, 0xF8, 0x0D, 0x7C, 0xDA, 0x48, 0x8D, 0x55,
	0xD0, 0x48, 0x8B, 0xCB, 0xE8, 0x87, 0xEF, 0xFF, 0xFF, 0x0F, 0x10, 0x05,
	0xB4, 0xC1, 0x00, 0x00, 0x48, 0x89, 0x05, 0xC5, 0xDF, 0x00, 0x00, 0x4C,
	0x8D, 0x4D, 0xD0, 0x8B, 0x05, 0xB3, 0xC1, 0x00, 0x00, 0x44, 0x8B, 0xC7,
	0x89, 0x45, 0xE0, 0x8A, 0x05, 0xAB, 0xC1, 0x00, 0x00, 0x88, 0x45, 0xE4,
	0x0F, 0x11, 0x45, 0xD0, 0x41, 0x8B, 0xC6, 0x41, 0xF7, 0xE0, 0xC1, 0xEA,
	0x04, 0x0F, 0xBE, 0xC2, 0x6B, 0xC8, 0x34, 0x41, 0x8A, 0xC0, 0x44, 0x03,
	0xC6, 0x2A, 0xC1, 0x41, 0x02, 0xC7, 0x41, 0x30, 0x01, 0x4C, 0x03, 0xCE,
	0x41, 0x83, 0xF8, 0x15, 0x7C, 0xDA, 0x48, 0x8D, 0x55, 0xD0, 0x48, 0x8B,
	0xCB, 0xE8, 0x2A, 0xEF, 0xFF, 0xFF, 0xF2, 0x0F, 0x10, 0x05, 0x6E, 0xC1,
	0x00, 0x00, 0x4C, 0x8D, 0x4D, 0xD0, 0x48, 0x89, 0x05, 0x6B, 0xDF, 0x00,
	0x00, 0x44, 0x8B, 0xC7, 0x8B, 0x05, 0x62, 0xC1, 0x00, 0x00, 0x89, 0x45,
	0xD8, 0x0F, 0xB7, 0x05, 0x5C, 0xC1, 0x00, 0x00, 0x66, 0x89, 0x45, 0xDC,
	0x8A, 0x05, 0x54, 0xC1, 0x00, 0x00, 0x88, 0x45, 0xDE, 0xF2, 0x0F, 0x11,
	0x45, 0xD0, 0x41, 0x8B, 0xC6, 0x41, 0xF7, 0xE0, 0xC1, 0xEA, 0x04, 0x0F,
	0xBE, 0xC2, 0x6B, 0xC8, 0x34, 0x41, 0x8A, 0xC0, 0x44, 0x03, 0xC6, 0x2A,
	0xC1, 0x41, 0x02, 0xC7, 0x41, 0x30, 0x01, 0x4C, 0x03, 0xCE, 0x41, 0x83,
	0xF8, 0x0F, 0x7C, 0xDA, 0x48, 0x8D, 0x55, 0xD0, 0x48, 0x8B, 0xCB, 0xE8,
	0xC0, 0xEE, 0xFF, 0xFF, 0x0F, 0x10, 0x0D, 0x25, 0xC1, 0x00, 0x00, 0x48,
	0x89, 0x05, 0x0E, 0xDF, 0x00, 0x00, 0x0F, 0x10, 0x05, 0x07, 0xC1, 0x00,
	0x00, 0x0F, 0x11, 0x4D, 0xE0, 0x66, 0x0F, 0x73, 0xD9, 0x0F, 0x66, 0x0F,
	0x7E, 0xC8, 0x0F, 0x11, 0x45, 0xD0, 0x84, 0xC0, 0x74, 0x2D, 0x44, 0x8B,
	0xC7, 0x4C, 0x8D, 0x4D, 0xD0, 0x41, 0x8B, 0xC6, 0x41, 0xF7, 0xE0, 0xC1,
	0xEA, 0x04, 0x0F, 0xBE, 0xC2, 0x6B, 0xC8, 0x34, 0x41, 0x8A, 0xC0, 0x44,
	0x03, 0xC6, 0x2A, 0xC1, 0x41, 0x02, 0xC7, 0x41, 0x30, 0x01, 0x4C, 0x03,
	0xCE, 0x41, 0x83, 0xF8, 0x20, 0x7C, 0xDA, 0x48, 0x8D, 0x55, 0xD0, 0x48,
	0x8B, 0xCB, 0xE8, 0x5D, 0xEE, 0xFF, 0xFF, 0x0F, 0x10, 0x05, 0xD2, 0xC0,
	0x00, 0x00, 0x48, 0x89, 0x05, 0xB3, 0xDE, 0x00, 0x00, 0x44, 0x8B, 0xC7,
	0x0F, 0x10, 0x0D, 0xD1, 0xC0, 0x00, 0x00, 0x0F, 0xB7, 0x05, 0xDA, 0xC0,
	0x00, 0x00, 0x4C, 0x8D, 0x4D, 0xD0, 0x0F, 0x11, 0x45, 0xD0, 0x66, 0x89,
	0x45, 0xF0, 0x0F, 0x11, 0x4D, 0xE0, 0x41, 0x8B, 0xC6, 0x41, 0xF7, 0xE0,
	0xC1, 0xEA, 0x04, 0x0F, 0xBE, 0xC2, 0x6B, 0xC8, 0x34, 0x41, 0x8A, 0xC0,
	0x44, 0x03, 0xC6, 0x2A, 0xC1, 0x41, 0x02, 0xC7, 0x41, 0x30, 0x01, 0x4C,
	0x03, 0xCE, 0x41, 0x83, 0xF8, 0x22, 0x7C, 0xDA, 0x48, 0x8D, 0x55, 0xD0,
	0x48, 0x8B, 0xCB, 0xE8, 0xFC, 0xED, 0xFF, 0xFF, 0x40, 0x38, 0x3D, 0xB4,
	0xC0, 0x00, 0x00, 0x0F, 0x10, 0x05, 0x92, 0xC0, 0x00, 0x00, 0x48, 0x89,
	0x05, 0x53, 0xDE, 0x00, 0x00, 0x8B, 0x05, 0x9D, 0xC0, 0x00, 0x00, 0x0F,
	0x11, 0x45, 0xD0, 0x89, 0x45, 0xE8, 0xF2, 0x0F, 0x10, 0x05, 0x86, 0xC0,
	0x00, 0x00, 0xF2, 0x0F, 0x11, 0x45, 0xE0, 0x74, 0x2D, 0x44, 0x8B, 0xC7,
	0x4C, 0x8D, 0x4D, 0xD0, 0x41, 0x8B, 0xC6, 0x41, 0xF7, 0xE0, 0xC1, 0xEA,
	0x04, 0x0F, 0xBE, 0xC2, 0x6B, 0xC8, 0x34, 0x41, 0x8A, 0xC0, 0x44, 0x03,
	0xC6, 0x2A, 0xC1, 0x41, 0x02, 0xC7, 0x41, 0x30, 0x01, 0x4C, 0x03, 0xCE,
	0x41, 0x83, 0xF8, 0x1C, 0x7C, 0xDA, 0x48, 0x8D, 0x55, 0xD0, 0x48, 0x8B,
	0xCB, 0xE8, 0x92, 0xED, 0xFF, 0xFF, 0x0F, 0x10, 0x05, 0x4F, 0xC0, 0x00,
	0x00, 0x48, 0x89, 0x05, 0xF8, 0xDD, 0x00, 0x00, 0x4C, 0x8D, 0x4D, 0xD0,
	0x8B, 0x05, 0x56, 0xC0, 0x00, 0x00, 0x44, 0x8B, 0xC7, 0x89, 0x45, 0xE8,
	0x0F, 0xB7, 0x05, 0x4D, 0xC0, 0x00, 0x00, 0x66, 0x89, 0x45, 0xEC, 0x8A,
	0x05, 0x45, 0xC0, 0x00, 0x00, 0x0F, 0x11, 0x45, 0xD0, 0x88, 0x45, 0xEE,
	0xF2, 0x0F, 0x10, 0x05, 0x28, 0xC0, 0x00, 0x00, 0xF2, 0x0F, 0x11, 0x45,
	0xE0, 0x41, 0x8B, 0xC6, 0x41, 0xF7, 0xE0, 0xC1, 0xEA, 0x04, 0x0F, 0xBE,
	0xC2, 0x6B, 0xC8, 0x34, 0x41, 0x8A, 0xC0, 0x44, 0x03, 0xC6, 0x2A, 0xC1,
	0x41, 0x02, 0xC7, 0x41, 0x30, 0x01, 0x4C, 0x03, 0xCE, 0x41, 0x83, 0xF8,
	0x1F, 0x7C, 0xDA, 0x48, 0x8D, 0x55, 0xD0, 0x48, 0x8B, 0xCB, 0xE8, 0x1D,
	0xED, 0xFF, 0xFF, 0x0F, 0x10, 0x05, 0xFA, 0xBF, 0x00, 0x00, 0x48, 0x89,
	0x05, 0x8B, 0xDD, 0x00, 0x00, 0x4C, 0x8D, 0x4D, 0xD0, 0x0F, 0xB7, 0x05,
	0xF8, 0xBF, 0x00, 0x00, 0x44, 0x8B, 0xC7, 0x66, 0x89, 0x45, 0xE0, 0x8A,
	0x05, 0xED, 0xBF, 0x00, 0x00, 0x88, 0x45, 0xE2, 0x0F, 0x11, 0x45, 0xD0,
	0x41, 0x8B, 0xC6, 0x41, 0xF7, 0xE0, 0xC1, 0xEA, 0x04, 0x0F, 0xBE, 0xC2,
	0x6B, 0xC8, 0x34, 0x41, 0x8A, 0xC0, 0x44, 0x03, 0xC6, 0x2A, 0xC1, 0x41,
	0x02, 0xC7, 0x41, 0x30, 0x01, 0x4C, 0x03, 0xCE, 0x41, 0x83, 0xF8, 0x13,
	0x7C, 0xDA, 0x48, 0x8D, 0x55, 0xD0, 0x48, 0x8B, 0xCB, 0xE8, 0xBE, 0xEC,
	0xFF, 0xFF, 0x40, 0x38, 0x3D, 0xC0, 0xBF, 0x00, 0x00, 0xF2, 0x0F, 0x10,
	0x05, 0xAB, 0xBF, 0x00, 0x00, 0x48, 0x89, 0x05, 0x2C, 0xDD, 0x00, 0x00,
	0x8B, 0x05, 0xA6, 0xBF, 0x00, 0x00, 0x89, 0x45, 0xD8, 0x0F, 0xB7, 0x05,
	0xA0, 0xBF, 0x00, 0x00, 0x66, 0x89, 0x45, 0xDC, 0xF2, 0x0F, 0x11, 0x45,
	0xD0, 0x74, 0x2D, 0x44, 0x8B, 0xC7, 0x4C, 0x8D, 0x4D, 0xD0, 0x41, 0x8B,
	0xC6, 0x41, 0xF7, 0xE0, 0xC1, 0xEA, 0x04, 0x0F, 0xBE, 0xC2, 0x6B, 0xC8,
	0x34, 0x41, 0x8A, 0xC0, 0x44, 0x03, 0xC6, 0x2A, 0xC1, 0x41, 0x02, 0xC7,
	0x41, 0x30, 0x01, 0x4C, 0x03, 0xCE, 0x41, 0x83, 0xF8, 0x0E, 0x7C, 0xDA,
	0x48, 0x8D, 0x55, 0xD0, 0x48, 0x8B, 0xCB, 0xE8, 0x54, 0xEC, 0xFF, 0xFF,
	0x0F, 0x10, 0x05, 0x59, 0xBF, 0x00, 0x00, 0x48, 0x89, 0x05, 0xD2, 0xDC,
	0x00, 0x00, 0x4C, 0x8D, 0x4D, 0xD0, 0x0F, 0xB7, 0x05, 0x57, 0xBF, 0x00,
	0x00, 0x44, 0x8B, 0xC7, 0x66, 0x89, 0x45, 0xE0, 0x8A, 0x05, 0x4C, 0xBF,
	0x00, 0x00, 0x88, 0x45, 0xE2, 0x0F, 0x11, 0x45, 0xD0, 0x41, 0x8B, 0xC6,
	0x41, 0xF7, 0xE0, 0xC1, 0xEA, 0x04, 0x0F, 0xBE, 0xC2, 0x6B, 0xC8, 0x34,
	0x41, 0x8A, 0xC0, 0x44, 0x03, 0xC6, 0x2A, 0xC1, 0x41, 0x02, 0xC7, 0x41,
	0x30, 0x01, 0x4C, 0x03, 0xCE, 0x41, 0x83, 0xF8, 0x13, 0x7C, 0xDA, 0x48,
	0x8D, 0x55, 0xD0, 0x48, 0x8B, 0xCB, 0xE8, 0xF5, 0xEB, 0xFF, 0xFF, 0x48,
	0x39, 0x3D, 0x02, 0xDB, 0x00, 0x00, 0x48, 0x89, 0x05, 0x7B, 0xDC, 0x00,
	0x00, 0x0F, 0x84, 0xDC, 0x00, 0x00, 0x00, 0x48, 0x39, 0x3D, 0xF6, 0xDA,
	0x00, 0x00, 0x0F, 0x84, 0xCF, 0x00, 0x00, 0x00, 0x48, 0x39, 0x3D, 0x01,
	0xDB, 0x00, 0x00, 0x0F, 0x84, 0xC2, 0x00, 0x00, 0x00, 0x48, 0x39, 0x3D,
	0xFC, 0xDA, 0x00, 0x00, 0x0F, 0x84, 0xB5, 0x00, 0x00, 0x00, 0x48, 0x39,
	0x3D, 0xF7, 0xDA, 0x00, 0x00, 0x0F, 0x84, 0xA8, 0x00, 0x00, 0x00, 0x48,
	0x39, 0x3D, 0xF2, 0xDA, 0x00, 0x00, 0x0F, 0x84, 0x9B, 0x00, 0x00, 0x00,
	0x48, 0x39, 0x3D, 0xED, 0xDA, 0x00, 0x00, 0x0F, 0x84, 0x8E, 0x00, 0x00,
	0x00, 0x48, 0x39, 0x3D, 0xF8, 0xDA, 0x00, 0x00, 0x0F, 0x84, 0x81, 0x00,
	0x00, 0x00, 0x48, 0x39, 0x3D, 0xF3, 0xDA, 0x00, 0x00, 0x74, 0x78, 0x48,
	0x39, 0x3D, 0xF2, 0xDA, 0x00, 0x00, 0x74, 0x6F, 0x48, 0x39, 0x3D, 0xF1,
	0xDA, 0x00, 0x00, 0x74, 0x66, 0x48, 0x39, 0x3D, 0x00, 0xDB, 0x00, 0x00,
	0x74, 0x5D, 0x48, 0x39, 0x3D, 0xFF, 0xDA, 0x00, 0x00, 0x74, 0x54, 0x48,
	0x39, 0x3D, 0xFE, 0xDA, 0x00, 0x00, 0x74, 0x4B, 0x48, 0x39, 0x3D, 0xFD,
	0xDA, 0x00, 0x00, 0x74, 0x42, 0x48, 0x39, 0x3D, 0xFC, 0xDA, 0x00, 0x00,
	0x74, 0x39, 0x48, 0x39, 0x3D, 0xFB, 0xDA, 0x00, 0x00, 0x74, 0x30, 0x48,
	0x39, 0x3D, 0x12, 0xDB, 0x00, 0x00, 0x74, 0x27, 0x48, 0x39, 0x3D, 0x11,
	0xDB, 0x00, 0x00, 0x74, 0x1E, 0x48, 0x39, 0x3D, 0x10, 0xDB, 0x00, 0x00,
	0x74, 0x15, 0x48, 0x39, 0x3D, 0x1F, 0xDB, 0x00, 0x00, 0x74, 0x0C, 0x48,
	0x39, 0x3D, 0x1E, 0xDB, 0x00, 0x00, 0x0F, 0x95, 0xC0, 0xEB, 0x02, 0x32,
	0xC0, 0x4C, 0x8D, 0x5C, 0x24, 0x50, 0x49, 0x8B, 0x5B, 0x28, 0x49, 0x8B,
	0x73, 0x30, 0x49, 0x8B, 0x7B, 0x38, 0x49, 0x8B, 0xE3, 0x41, 0x5F, 0x41,
	0x5E, 0x5D, 0xC3, 0xCC, 0x48, 0x8B, 0xC4, 0x4C, 0x89, 0x40, 0x18, 0x89,
	0x50, 0x10, 0x48, 0x89, 0x48, 0x08, 0x53, 0x56, 0x57, 0x41, 0x54, 0x41,
	0x55, 0x41, 0x56, 0x41, 0x57, 0x48, 0x81, 0xEC, 0x80, 0x00, 0x00, 0x00,
	0x33, 0xDB, 0x48, 0x85, 0xC9, 0x0F, 0x84, 0xA3, 0x04, 0x00, 0x00, 0x81,
	0xFA, 0x00, 0x02, 0x00, 0x00, 0x0F, 0x82, 0x97, 0x04, 0x00, 0x00, 0x48,
	0x89, 0x58, 0x20, 0x45, 0x33, 0xC9, 0x45, 0x33, 0xC0, 0x48, 0x8D, 0x15,
	0x24, 0xA3, 0x00, 0x00, 0x48, 0x8D, 0x48, 0x20, 0xE8, 0xA5, 0x98, 0x00,
	0x00, 0x85, 0xC0, 0x78, 0x28, 0x45, 0x33, 0xC9, 0x44, 0x8D, 0x43, 0x08,
	0x48, 0x8D, 0x54, 0x24, 0x70, 0x48, 0x8B, 0x8C, 0x24, 0xD8, 0x00, 0x00,
	0x00, 0xE8, 0xAC, 0x98, 0x00, 0x00, 0x33, 0xD2, 0x48, 0x8B, 0x8C, 0x24,
	0xD8, 0x00, 0x00, 0x00, 0xE8, 0x7F, 0x98, 0x00, 0x00, 0x4C, 0x8B, 0x74,
	0x24, 0x70, 0x4C, 0x89, 0x74, 0x24, 0x68, 0x8B, 0xFB, 0x89, 0x5C, 0x24,
	0x40, 0x48, 0x8B, 0x05, 0xE8, 0xDD, 0x00, 0x00, 0x48, 0x85, 0xC0, 0x74,
	0x67, 0x8B, 0x05, 0xE5, 0xDD, 0x00, 0x00, 0x85, 0xC0, 0x74, 0x5D, 0x8B,
	0x0D, 0xDB, 0xDD, 0x00, 0x00, 0x4C, 0x8B, 0x0D, 0xCC, 0xDD, 0x00, 0x00,
	0x4D, 0x85, 0xC9, 0x74, 0x47, 0x85, 0xC9, 0x74, 0x43, 0xBF, 0xFF, 0xFF,
	0xFF, 0xFF, 0x8B, 0xD1, 0x83, 0xE2, 0xF8, 0x44, 0x8B, 0xC3, 0x76, 0x13,
	0x41, 0x8B, 0xC0, 0xF2, 0x4A, 0x0F, 0x38, 0xF1, 0x3C, 0x08, 0x41, 0x83,
	0xC0, 0x08, 0x44, 0x3B, 0xC2, 0x72, 0xED, 0x3B, 0xD1, 0x73, 0x1B, 0x44,
	0x8B, 0xC2, 0x4D, 0x03, 0xC1, 0x2B, 0xCA, 0x8B, 0xC1, 0xF2, 0x41, 0x0F,
	0x38, 0xF0, 0x38, 0x8B, 0xFF, 0x49, 0xFF, 0xC0, 0x48, 0x83, 0xE8, 0x01,
	0x75, 0xEF, 0xF7, 0xD7, 0x89, 0x7C, 0x24, 0x40, 0x83, 0xC9, 0xFF, 0x8B,
	0xC1, 0xF0, 0x0F, 0xB1, 0x0D, 0x7F, 0xD2, 0x00, 0x00, 0x85, 0xC0, 0x78,
	0x06, 0x40, 0x0F, 0x95, 0xC6, 0xEB, 0x15, 0xE8, 0x54, 0x2B, 0x00, 0x00,
	0x40, 0x8A, 0xF0, 0x8B, 0xCB, 0x84, 0xC0, 0x0F, 0x95, 0xC1, 0x87, 0x0D,
	0x60, 0xD2, 0x00, 0x00, 0x40, 0x88, 0xB4, 0x24, 0xD8, 0x00, 0x00, 0x00,
	0x48, 0xB8, 0x60, 0x02, 0x00, 0x00, 0x80, 0xF7, 0xFF, 0xFF, 0x89, 0x5C,
	0x24, 0x48, 0x8B, 0x00, 0x44, 0x0F, 0xB7, 0xE0, 0x44, 0x89, 0x64, 0x24,
	0x48, 0xEB, 0x18, 0x33, 0xDB, 0x4C, 0x8B, 0x74, 0x24, 0x68, 0x8B, 0x7C,
	0x24, 0x40, 0x44, 0x8B, 0x64, 0x24, 0x48, 0x40, 0x8A, 0xB4, 0x24, 0xD8,
	0x00, 0x00, 0x00, 0x33, 0xC0, 0xF0, 0x0F, 0xB1, 0x1D, 0x1F, 0xE2, 0x00,
	0x00, 0x89, 0x84, 0x24, 0xD8, 0x00, 0x00, 0x00, 0x89, 0x5C, 0x24, 0x20,
	0x8B, 0xD3, 0x44, 0x8B, 0xDB, 0x8B, 0xCB, 0x44, 0x8B, 0xCB, 0x44, 0x8B,
	0xEB, 0x4C, 0x8D, 0x3D, 0x0C, 0xA2, 0x00, 0x00, 0x44, 0x8B, 0xD1, 0x45,
	0x8B, 0xC1, 0x8B, 0x8C, 0x24, 0xC8, 0x00, 0x00, 0x00, 0xFF, 0xC9, 0x3B,
	0xD1, 0x7D, 0x39, 0x49, 0x63, 0xCB, 0x49, 0x63, 0xD5, 0x42, 0x8A, 0x0C,
	0x39, 0x48, 0x8B, 0x84, 0x24, 0xC0, 0x00, 0x00, 0x00, 0x88, 0x0C, 0x02,
	0x8B, 0x54, 0x24, 0x20, 0xFF, 0xC2, 0x89, 0x54, 0x24, 0x20, 0x44, 0x8B,
	0xDA, 0x8B, 0xCA, 0x44, 0x8B, 0xD2, 0x44, 0x8B, 0xCA, 0x44, 0x8B, 0xC2,
	0x44, 0x8B, 0xEA, 0x48, 0x63, 0xC2, 0x42, 0x38, 0x1C, 0x38, 0x75, 0xB4,
	0x48, 0x8D, 0x44, 0x24, 0x20, 0x48, 0x89, 0x44, 0x24, 0x50, 0x48, 0x8D,
	0x84, 0x24, 0xC8, 0x00, 0x00, 0x00, 0x48, 0x89, 0x44, 0x24, 0x58, 0x48,
	0x8D, 0x84, 0x24, 0xC0, 0x00, 0x00, 0x00, 0x48, 0x89, 0x44, 0x24, 0x60,
	0x48, 0x8D, 0x44, 0x24, 0x20, 0x48, 0x89, 0x44, 0x24, 0x28, 0x48, 0x8D,
	0x84, 0x24, 0xC8, 0x00, 0x00, 0x00, 0x48, 0x89, 0x44, 0x24, 0x30, 0x48,
	0x8D, 0x84, 0x24, 0xC0, 0x00, 0x00, 0x00, 0x48, 0x89, 0x44, 0x24, 0x38,
	0x48, 0x8D, 0x44, 0x24, 0x28, 0x48, 0x89, 0x44, 0x24, 0x68, 0x48, 0x8D,
	0x44, 0x24, 0x50, 0x48, 0x89, 0x44, 0x24, 0x40, 0x8B, 0x84, 0x24, 0xC8,
	0x00, 0x00, 0x00, 0xFF, 0xC8, 0x44, 0x3B, 0xD0, 0x4C, 0x8B, 0xBC, 0x24,
	0xD0, 0x00, 0x00, 0x00, 0x7D, 0x16, 0x49, 0x63, 0xC8, 0x48, 0x8B, 0x84,
	0x24, 0xC0, 0x00, 0x00, 0x00, 0xC6, 0x04, 0x01, 0x7B, 0x48, 0x8B, 0x44,
	0x24, 0x50, 0xFF, 0x00, 0x4C, 0x8D, 0x15, 0x91, 0xA1, 0x00, 0x00, 0x48,
	0x8B, 0x44, 0x24, 0x28, 0x4C, 0x63, 0x00, 0x48, 0x8B, 0x44, 0x24, 0x30,
	0x8B, 0x08, 0xFF, 0xC9, 0x44, 0x3B, 0xC1, 0x7D, 0x1E, 0x45, 0x8A, 0x0A,
	0x49, 0xFF, 0xC2, 0x48, 0x8B, 0x44, 0x24, 0x38, 0x48, 0x8B, 0x08, 0x45,
	0x88, 0x0C, 0x08, 0x48, 0x8B, 0x44, 0x24, 0x28, 0xFF, 0x00, 0x41, 0x38,
	0x1A, 0x75, 0xCC, 0x49, 0x8B, 0xD6, 0x48, 0x8D, 0x4C, 0x24, 0x68, 0xE8,
	0xE0, 0xE0, 0xFF, 0xFF, 0x4C, 0x8D, 0x35, 0x59, 0xA1, 0x00, 0x00, 0x4D,
	0x8B, 0xCE, 0x48, 0x8B, 0x44, 0x24, 0x28, 0x48, 0x63, 0x10, 0x48, 0x8B,
	0x44, 0x24, 0x30, 0x8B, 0x08, 0xFF, 0xC9, 0x3B, 0xD1, 0x7D, 0x22, 0x45,
	0x8A, 0x01, 0x49, 0xFF, 0xC1, 0x48, 0x8B, 0x44, 0x24, 0x38, 0x48, 0x8B,
	0x08, 0x44, 0x88, 0x04, 0x0A, 0x48, 0x8B, 0x4C, 0x24, 0x28, 0x8B, 0x11,
	0xFF, 0xC2, 0x89, 0x11, 0x41, 0x38, 0x19, 0x75, 0xC9, 0x4C, 0x8D, 0x0D,
	0x28, 0xA1, 0x00, 0x00, 0x48, 0x8B, 0x44, 0x24, 0x30, 0x8B, 0x08, 0xFF,
	0xC9, 0x3B, 0xD1, 0x7D, 0x28, 0x45, 0x8A, 0x01, 0x49, 0xFF, 0xC1, 0x48,
	0x63, 0xD2, 0x48, 0x8B, 0x44, 0x24, 0x38, 0x48, 0x8B, 0x08, 0x44, 0x88,
	0x04, 0x0A, 0x48, 0x8B, 0x44, 0x24, 0x28, 0xFF, 0x00, 0x48, 0x8B, 0x44,
	0x24, 0x28, 0x8B, 0x10, 0x41, 0x38, 0x19, 0x75, 0xCB, 0x8B, 0xD7, 0x48,
	0x8D, 0x4C, 0x24, 0x68, 0xE8, 0x57, 0xE0, 0xFF, 0xFF, 0x48, 0x8B, 0x44,
	0x24, 0x28, 0x48, 0x63, 0x10, 0x48, 0x8B, 0x44, 0x24, 0x30, 0x8B, 0x08,
	0xFF, 0xC9, 0x3B, 0xD1, 0x7D, 0x22, 0x45, 0x8A, 0x06, 0x49, 0xFF, 0xC6,
	0x48, 0x8B, 0x44, 0x24, 0x38, 0x48, 0x8B, 0x08, 0x44, 0x88, 0x04, 0x0A,
	0x48, 0x8B, 0x4C, 0x24, 0x28, 0x8B, 0x11, 0xFF, 0xC2, 0x89, 0x11, 0x41,
	0x38, 0x1E, 0x75, 0xC9, 0x4C, 0x8D, 0x0D, 0xB9, 0xA0, 0x00, 0x00, 0x48,
	0x8B, 0x44, 0x24, 0x30, 0x8B, 0x08, 0xFF, 0xC9, 0x3B, 0xD1, 0x7D, 0x28,
	0x45, 0x8A, 0x01, 0x49, 0xFF, 0xC1, 0x48, 0x63, 0xD2, 0x48, 0x8B, 0x44,
	0x24, 0x38, 0x48, 0x8B, 0x08, 0x44, 0x88, 0x04, 0x0A, 0x48, 0x8B, 0x44,
	0x24, 0x28, 0xFF, 0x00, 0x48, 0x8B, 0x44, 0x24, 0x28, 0x8B, 0x10, 0x41,
	0x38, 0x19, 0x75, 0xCB, 0x8B, 0xD3, 0x40, 0x84, 0xF6, 0x0F, 0x95, 0xC2,
	0x48, 0x8D, 0x4C, 0x24, 0x40, 0xE8, 0x4A, 0xE0, 0xFF, 0xFF, 0x48, 0x8B,
	0x44, 0x24, 0x50, 0x48, 0x63, 0x10, 0x48, 0x8B, 0x44, 0x24, 0x58, 0x8B,
	0x08, 0xFF, 0xC9, 0x3B, 0xD1, 0x7D, 0x13, 0x48, 0x8B, 0x44, 0x24, 0x60,
	0x48, 0x8B, 0x08, 0xC6, 0x04, 0x0A, 0x2C, 0x48, 0x8B, 0x44, 0x24, 0x50,
	0xFF, 0x00, 0x4C, 0x8D, 0x15, 0x53, 0xA0, 0x00, 0x00, 0x48, 0x8B, 0x44,
	0x24, 0x28, 0x4C, 0x63, 0x00, 0x48, 0x8B, 0x44, 0x24, 0x30, 0x8B, 0x08,
	0xFF, 0xC9, 0x44, 0x3B, 0xC1, 0x7D, 0x1E, 0x45, 0x8A, 0x0A, 0x49, 0xFF,
	0xC2, 0x48, 0x8B, 0x44, 0x24, 0x38, 0x48, 0x8B, 0x08, 0x45, 0x88, 0x0C,
	0x08, 0x48, 0x8B, 0x44, 0x24, 0x28, 0xFF, 0x00, 0x41, 0x38, 0x1A, 0x75,
	0xCC, 0x41, 0x8B, 0xD4, 0x48, 0x8D, 0x4C, 0x24, 0x40, 0xE8, 0xDA, 0xDF,
	0xFF, 0xFF, 0x48, 0x8B, 0x44, 0x24, 0x50, 0x48, 0x63, 0x10, 0x48, 0x8B,
	0x44, 0x24, 0x58, 0x8B, 0x08, 0xFF, 0xC9, 0x3B, 0xD1, 0x7D, 0x13, 0x48,
	0x8B, 0x44, 0x24, 0x60, 0x48, 0x8B, 0x08, 0xC6, 0x04, 0x0A, 0x2C, 0x48,
	0x8B, 0x44, 0x24, 0x50, 0xFF, 0x00, 0x4C, 0x8D, 0x0D, 0xF3, 0x9F, 0x00,
	0x00, 0x48, 0x8B, 0x44, 0x24, 0x28, 0x48, 0x63, 0x10, 0x48, 0x8B, 0x44,
	0x24, 0x30, 0x8B, 0x08, 0xFF, 0xC9, 0x3B, 0xD1, 0x7D, 0x1E, 0x45, 0x8A,
	0x01, 0x49, 0xFF, 0xC1, 0x48, 0x8B, 0x44, 0x24, 0x38, 0x48, 0x8B, 0x08,
	0x44, 0x88, 0x04, 0x0A, 0x48, 0x8B, 0x44, 0x24, 0x28, 0xFF, 0x00, 0x41,
	0x38, 0x19, 0x75, 0xCD, 0x8B, 0x94, 0x24, 0xD8, 0x00, 0x00, 0x00, 0x48,
	0x8D, 0x4C, 0x24, 0x40, 0xE8, 0x67, 0xDF, 0xFF, 0xFF, 0x48, 0x8B, 0x44,
	0x24, 0x50, 0x48, 0x63, 0x10, 0x48, 0x8B, 0x44, 0x24, 0x58, 0x8B, 0x08,
	0xFF, 0xC9, 0x3B, 0xD1, 0x7D, 0x13, 0x48, 0x8B, 0x44, 0x24, 0x60, 0x48,
	0x8B, 0x08, 0xC6, 0x04, 0x0A, 0x7D, 0x48, 0x8B, 0x44, 0x24, 0x50, 0xFF,
	0x00, 0x8B, 0x44, 0x24, 0x20, 0x41, 0x89, 0x07, 0xEB, 0x03, 0x41, 0x89,
	0x18, 0x48, 0x81, 0xC4, 0x80, 0x00, 0x00, 0x00, 0x41, 0x5F, 0x41, 0x5E,
	0x41, 0x5D, 0x41, 0x5C, 0x5F, 0x5E, 0x5B, 0xC3, 0x48, 0x89, 0x5C, 0x24,
	0x08, 0x48, 0x89, 0x74, 0x24, 0x10, 0x48, 0x89, 0x7C, 0x24, 0x18, 0x41,
	0x54, 0x41, 0x56, 0x41, 0x57, 0x48, 0x83, 0xEC, 0x30, 0x44, 0x8B, 0xFA,
	0x4C, 0x8B, 0xF1, 0x41, 0xBC, 0x01, 0x00, 0x00, 0x00, 0x41, 0x8B, 0xC4,
	0xF0, 0x44, 0x0F, 0xB1, 0x25, 0x2F, 0xD9, 0x00, 0x00, 0x85, 0xC0, 0x0F,
	0x84, 0xAD, 0x00, 0x00, 0x00, 0x48, 0x8B, 0x0D, 0x18, 0xD9, 0x00, 0x00,
	0x48, 0x85, 0xC9, 0x0F, 0x84, 0x9D, 0x00, 0x00, 0x00, 0x48, 0x8B, 0x05,
	0xC8, 0xD4, 0x00, 0x00, 0xFF, 0xD0, 0x84, 0xC0, 0x0F, 0x84, 0x8C, 0x00,
	0x00, 0x00, 0x33, 0xFF, 0x89, 0x7C, 0x24, 0x20, 0x48, 0x8B, 0x05, 0xF1,
	0xD8, 0x00, 0x00, 0x48, 0x8B, 0x18, 0xBE, 0x00, 0x02, 0x00, 0x00, 0x89,
	0x74, 0x24, 0x24, 0x48, 0x85, 0xDB, 0x74, 0x64, 0x48, 0x3B, 0x1D, 0xD9,
	0xD8, 0x00, 0x00, 0x74, 0x5B, 0x8B, 0xC6, 0xFF, 0xCE, 0x89, 0x74, 0x24,
	0x24, 0x85, 0xC0, 0x74, 0x4F, 0x41, 0x3B, 0xFF, 0x73, 0x4A, 0x48, 0x8B,
	0x05, 0x7F, 0xD4, 0x00, 0x00, 0x48, 0x8B, 0xCB, 0xFF, 0xD0, 0x84, 0xC0,
	0x74, 0x3A, 0x48, 0x8B, 0x05, 0x6F, 0xD4, 0x00, 0x00, 0x48, 0x8B, 0xCB,
	0xFF, 0xD0, 0x84, 0xC0, 0x74, 0x2A, 0x48, 0x8B, 0x53, 0x30, 0x8B, 0x4B,
	0x40, 0x48, 0x85, 0xD2, 0x74, 0x19, 0x85, 0xC9, 0x74, 0x15, 0x8B, 0xC7,
	0x48, 0x03, 0xC0, 0x49, 0x89, 0x14, 0xC6, 0x41, 0x89, 0x4C, 0xC6, 0x08,
	0x41, 0x03, 0xFC, 0x89, 0x7C, 0x24, 0x20, 0x48, 0x8B, 0x1B, 0xEB, 0x97,
	0x8B, 0xC7, 0xEB, 0x08, 0x8B, 0x44, 0x24, 0x20, 0xEB, 0x02, 0x33, 0xC0,
	0x48, 0x8B, 0x5C, 0x24, 0x50, 0x48, 0x8B, 0x74, 0x24, 0x58, 0x48, 0x8B,
	0x7C, 0x24, 0x60, 0x48, 0x83, 0xC4, 0x30, 0x41, 0x5F, 0x41, 0x5E, 0x41,
	0x5C, 0xC3, 0xCC, 0xCC, 0x4C, 0x89, 0x44, 0x24, 0x18, 0x48, 0x89, 0x54,
	0x24, 0x10, 0x48, 0x89, 0x4C, 0x24, 0x08, 0x53, 0x56, 0x57, 0x41, 0x54,
	0x41, 0x55, 0x41, 0x56, 0x41, 0x57, 0x48, 0x81, 0xEC, 0x60, 0x01, 0x00,
	0x00, 0x49, 0x8B, 0xF8, 0x4C, 0x8B, 0xEA, 0x4C, 0x8B, 0xF1, 0x33, 0xDB,
	0x48, 0x85, 0xC9, 0x0F, 0x84, 0x7C, 0x0B, 0x00, 0x00, 0x48, 0x85, 0xD2,
	0x0F, 0x84, 0x73, 0x0B, 0x00, 0x00, 0x4D, 0x85, 0xC0, 0x0F, 0x84, 0x6A,
	0x0B, 0x00, 0x00, 0x33, 0xC0, 0xF0, 0x0F, 0xB1, 0x1D, 0x93, 0xD8, 0x00,
	0x00, 0x8D, 0x4B, 0x02, 0x44, 0x8D, 0x63, 0x01, 0x3B, 0xC1, 0x0F, 0x84,
	0xE0, 0x09, 0x00, 0x00, 0x33, 0xC0, 0xF0, 0x44, 0x0F, 0xB1, 0x25, 0x79,
	0xD8, 0x00, 0x00, 0x3B, 0xC1, 0x0F, 0x84, 0xCD, 0x09, 0x00, 0x00, 0x41,
	0x3B, 0xC4, 0x0F, 0x84, 0x90, 0x00, 0x00, 0x00, 0xB8, 0x4D, 0x5A, 0x00,
	0x00, 0x66, 0x41, 0x39, 0x06, 0x0F, 0x85, 0x92, 0x00, 0x00, 0x00, 0x49,
	0x63, 0x7E, 0x3C, 0x49, 0x03, 0xFE, 0x48, 0x8B, 0x05, 0x7B, 0xD3, 0x00,
	0x00, 0x48, 0x8B, 0xCF, 0xFF, 0xD0, 0x84, 0xC0, 0x74, 0x7B, 0x81, 0x3F,
	0x50, 0x45, 0x00, 0x00, 0x75, 0x73, 0x8B, 0xF3, 0x0F, 0xB7, 0x57, 0x14,
	0x48, 0x03, 0xD7, 0x44, 0x0F, 0xB7, 0xC3, 0x44, 0x0F, 0xB7, 0x5F, 0x06,
	0x66, 0x41, 0x3B, 0xDB, 0x73, 0x5D, 0x83, 0xFE, 0x10, 0x73, 0x58, 0x41,
	0x0F, 0xB7, 0xC0, 0x4C, 0x8D, 0x0C, 0x80, 0x42, 0xF7, 0x44, 0xCA, 0x3C,
	0x00, 0x00, 0x00, 0x20, 0x74, 0x24, 0x46, 0x8B, 0x54, 0xCA, 0x20, 0x45,
	0x85, 0xD2, 0x74, 0x1A, 0x8B, 0xCE, 0x42, 0x8B, 0x44, 0xCA, 0x24, 0x49,
	0x03, 0xC6, 0x48, 0x89, 0x84, 0xCC, 0xE0, 0x00, 0x00, 0x00, 0x4C, 0x89,
	0x54, 0xCC, 0x60, 0x41, 0x03, 0xF4, 0x66, 0x45, 0x03, 0xC4, 0x66, 0x45,
	0x3B, 0xC3, 0x72, 0xBA, 0xEB, 0x15, 0xF3, 0x90, 0x8B, 0xC1, 0xF0, 0x0F,
	0xB1, 0x0D, 0xCE, 0xD7, 0x00, 0x00, 0x75, 0xF2, 0xE9, 0x23, 0x09, 0x00,
	0x00, 0x8B, 0xF3, 0x8B, 0xD3, 0x89, 0x9C, 0x24, 0xB8, 0x01, 0x00, 0x00,
	0x85, 0xF6, 0x0F, 0x84, 0x6B, 0x01, 0x00, 0x00, 0x48, 0x8B, 0xCB, 0x48,
	0x89, 0x5C, 0x24, 0x28, 0x4C, 0x8D, 0x05, 0xD5, 0x97, 0x00, 0x00, 0x48,
	0x8B, 0x44, 0x0C, 0x60, 0x48, 0x89, 0x44, 0x24, 0x40, 0x4C, 0x8B, 0xAC,
	0x0C, 0xE0, 0x00, 0x00, 0x00, 0x4C, 0x89, 0x6C, 0x24, 0x38, 0x4D, 0x85,
	0xED, 0x0F, 0x84, 0x15, 0x01, 0x00, 0x00, 0x48, 0x85, 0xC0, 0x0F, 0x84,
	0x0C, 0x01, 0x00, 0x00, 0x4C, 0x8B, 0xF3, 0x4D, 0x03, 0xF4, 0x43, 0x38,
	0x1C, 0x06, 0x75, 0xF7, 0x4D, 0x85, 0xF6, 0x0F, 0x84, 0x03, 0x01, 0x00,
	0x00, 0x4C, 0x3B, 0xF0, 0x0F, 0x87, 0xFA, 0x00, 0x00, 0x00, 0x48, 0x8B,
	0xFB, 0x49, 0x2B, 0xC6, 0x48, 0x89, 0x44, 0x24, 0x30, 0x4C, 0x03, 0xEF,
	0x4D, 0x8B, 0xFD, 0x49, 0x81, 0xE7, 0x00, 0xF0, 0xFF, 0xFF, 0x48, 0x8B,
	0x05, 0x6F, 0xD2, 0x00, 0x00, 0x49, 0x8B, 0xCF, 0xFF, 0xD0, 0x84, 0xC0,
	0x75, 0x17, 0x4D, 0x2B, 0xFD, 0x48, 0x81, 0xC7, 0x00, 0x10, 0x00, 0x00,
	0x49, 0x03, 0xFF, 0x4C, 0x8B, 0x6C, 0x24, 0x38, 0xE9, 0x91, 0x00, 0x00,
	0x00, 0x4C, 0x8B, 0x6C, 0x24, 0x38, 0x4D, 0x2B, 0xFD, 0x49, 0x81, 0xC7,
	0x00, 0x10, 0x00, 0x00, 0x4C, 0x3B, 0x7C, 0x24, 0x40, 0x4C, 0x0F, 0x47,
	0x7C, 0x24, 0x40, 0x4D, 0x2B, 0xFE, 0x49, 0x3B, 0xFF, 0x77, 0x6F, 0x4D,
	0x8B, 0xD5, 0x48, 0x8D, 0x05, 0x23, 0x97, 0x00, 0x00, 0x4C, 0x2B, 0xD0,
	0x4C, 0x8B, 0x4C, 0x24, 0x30, 0x49, 0x3B, 0xF9, 0x77, 0x58, 0x45, 0x8A,
	0xC4, 0x48, 0x8B, 0xCB, 0x4D, 0x85, 0xF6, 0x74, 0x35, 0x4D, 0x8D, 0x1C,
	0x3A, 0x48, 0x8D, 0x14, 0x01, 0x80, 0x3A, 0x78, 0x75, 0x1B, 0x48, 0x8D,
	0x05, 0x87, 0xCB, 0xFF, 0xFF, 0x8A, 0x84, 0x01, 0x68, 0xEB, 0x00, 0x00,
	0x42, 0x38, 0x04, 0x1A, 0x75, 0x11, 0x48, 0x8D, 0x05, 0xE3, 0x96, 0x00,
	0x00, 0x49, 0x03, 0xCC, 0x49, 0x3B, 0xCE, 0x72, 0xD4, 0xEB, 0x03, 0x44,
	0x8A, 0xC3, 0x45, 0x84, 0xC0, 0x0F, 0x85, 0xFC, 0x00, 0x00, 0x00, 0x49,
	0x03, 0xFC, 0x49, 0x3B, 0xFF, 0x48, 0x8D, 0x05, 0xC0, 0x96, 0x00, 0x00,
	0x76, 0xA3, 0x48, 0x3B, 0x7C, 0x24, 0x30, 0x0F, 0x86, 0x30, 0xFF, 0xFF,
	0xFF, 0x48, 0x8B, 0x4C, 0x24, 0x28, 0x8B, 0x94, 0x24, 0xB8, 0x01, 0x00,
	0x00, 0x4C, 0x8D, 0x05, 0xA0, 0x96, 0x00, 0x00, 0x48, 0x8B, 0xFB, 0x48,
	0x85, 0xFF, 0x0F, 0x85, 0x63, 0x02, 0x00, 0x00, 0x41, 0x03, 0xD4, 0x89,
	0x94, 0x24, 0xB8, 0x01, 0x00, 0x00, 0x48, 0x83, 0xC1, 0x08, 0x48, 0x89,
	0x4C, 0x24, 0x28, 0x3B, 0xD6, 0x0F, 0x82, 0xA4, 0xFE, 0xFF, 0xFF, 0x48,
	0x8B, 0xFB, 0x48, 0x85, 0xDB, 0x0F, 0x85, 0x3C, 0x02, 0x00, 0x00, 0x48,
	0x8B, 0xB4, 0x24, 0xA0, 0x01, 0x00, 0x00, 0xB8, 0x4D, 0x5A, 0x00, 0x00,
	0x66, 0x39, 0x06, 0x0F, 0x85, 0xA1, 0x00, 0x00, 0x00, 0x48, 0x63, 0x7E,
	0x3C, 0x48, 0x03, 0xFE, 0x48, 0x8B, 0x05, 0x49, 0xD1, 0x00, 0x00, 0x48,
	0x8B, 0xCF, 0xFF, 0xD0, 0x84, 0xC0, 0x0F, 0x84, 0x86, 0x00, 0x00, 0x00,
	0x81, 0x3F, 0x50, 0x45, 0x00, 0x00, 0x75, 0x7E, 0x44, 0x8B, 0xFB, 0x0F,
	0xB7, 0x57, 0x14, 0x48, 0x03, 0xD7, 0x44, 0x0F, 0xB7, 0xC3, 0x44, 0x0F,
	0xB7, 0x5F, 0x06, 0x66, 0x41, 0x3B, 0xDB, 0x73, 0x68, 0x41, 0x83, 0xFF,
	0x10, 0x73, 0x62, 0x41, 0x0F, 0xB7, 0xC0, 0x4C, 0x8D, 0x0C, 0x80, 0x42,
	0xF7, 0x44, 0xCA, 0x3C, 0x00, 0x00, 0x00, 0x20, 0x74, 0x25, 0x46, 0x8B,
	0x54, 0xCA, 0x20, 0x45, 0x85, 0xD2, 0x74, 0x1B, 0x41, 0x8B, 0xCF, 0x42,
	0x8B, 0x44, 0xCA, 0x24, 0x48, 0x03, 0xC6, 0x48, 0x89, 0x44, 0xCC, 0x60,
	0x4C, 0x89, 0x94, 0xCC, 0xE0, 0x00, 0x00, 0x00, 0x45, 0x03, 0xFC, 0x66,
	0x45, 0x03, 0xC4, 0x66, 0x45, 0x3B, 0xC3, 0x72, 0xB8, 0xEB, 0x1E, 0x49,
	0x03, 0xFD, 0x48, 0x8B, 0x4C, 0x24, 0x28, 0x8B, 0x94, 0x24, 0xB8, 0x01,
	0x00, 0x00, 0x4C, 0x8D, 0x05, 0xBB, 0x95, 0x00, 0x00, 0xE9, 0x19, 0xFF,
	0xFF, 0xFF, 0x44, 0x8B, 0xFB, 0x8B, 0xD3, 0x89, 0x9C, 0x24, 0xB8, 0x01,
	0x00, 0x00, 0x45, 0x85, 0xFF, 0x0F, 0x84, 0x68, 0x01, 0x00, 0x00, 0x48,
	0x8B, 0xCB, 0x48, 0x89, 0x5C, 0x24, 0x28, 0x4C, 0x8D, 0x05, 0x92, 0x95,
	0x00, 0x00, 0x48, 0x8B, 0x84, 0x0C, 0xE0, 0x00, 0x00, 0x00, 0x48, 0x89,
	0x44, 0x24, 0x40, 0x4C, 0x8B, 0x6C, 0x0C, 0x60, 0x4C, 0x89, 0x6C, 0x24,
	0x30, 0x4D, 0x85, 0xED, 0x0F, 0x84, 0x15, 0x01, 0x00, 0x00, 0x48, 0x85,
	0xC0, 0x0F, 0x84, 0x0C, 0x01, 0x00, 0x00, 0x48, 0x8B, 0xF3, 0x49, 0x03,
	0xF4, 0x42, 0x38, 0x1C, 0x06, 0x75, 0xF7, 0x48, 0x85, 0xF6, 0x0F, 0x84,
	0xFF, 0x00, 0x00, 0x00, 0x48, 0x3B, 0xF0, 0x0F, 0x87, 0xF6, 0x00, 0x00,
	0x00, 0x48, 0x8B, 0xFB, 0x48, 0x2B, 0xC6, 0x48, 0x89, 0x44, 0x24, 0x38,
	0x4C, 0x03, 0xEF, 0x4D, 0x8B, 0xF5, 0x49, 0x81, 0xE6, 0x00, 0xF0, 0xFF,
	0xFF, 0x48, 0x8B, 0x05, 0x2C, 0xD0, 0x00, 0x00, 0x49, 0x8B, 0xCE, 0xFF,
	0xD0, 0x84, 0xC0, 0x75, 0x17, 0x4D, 0x2B, 0xF5, 0x48, 0x81, 0xC7, 0x00,
	0x10, 0x00, 0x00, 0x49, 0x03, 0xFE, 0x4C, 0x8B, 0x6C, 0x24, 0x30, 0xE9,
	0x91, 0x00, 0x00, 0x00, 0x4C, 0x8B, 0x6C, 0x24, 0x30, 0x4D, 0x2B, 0xF5,
	0x49, 0x81, 0xC6, 0x00, 0x10, 0x00, 0x00, 0x4C, 0x3B, 0x74, 0x24, 0x40,
	0x4C, 0x0F, 0x47, 0x74, 0x24, 0x40, 0x4C, 0x2B, 0xF6, 0x49, 0x3B, 0xFE,
	0x77, 0x6F, 0x4D, 0x8B, 0xD5, 0x48, 0x8D, 0x05, 0xE0, 0x94, 0x00, 0x00,
	0x4C, 0x2B, 0xD0, 0x4C, 0x8B, 0x4C, 0x24, 0x38, 0x49, 0x3B, 0xF9, 0x77,
	0x58, 0x45, 0x8A, 0xC4, 0x48, 0x8B, 0xCB, 0x48, 0x85, 0xF6, 0x74, 0x35,
	0x4D, 0x8D, 0x1C, 0x3A, 0x48, 0x8D, 0x14, 0x01, 0x80, 0x3A, 0x78, 0x75,
	0x1B, 0x48, 0x8D, 0x05, 0x44, 0xC9, 0xFF, 0xFF, 0x8A, 0x84, 0x01, 0x78,
	0xEB, 0x00, 0x00, 0x42, 0x38, 0x04, 0x1A, 0x75, 0x11, 0x48, 0x8D, 0x05,
	0xA0, 0x94, 0x00, 0x00, 0x49, 0x03, 0xCC, 0x48, 0x3B, 0xCE, 0x72, 0xD4,
	0xEB, 0x03, 0x44, 0x8A, 0xC3, 0x45, 0x84, 0xC0, 0x0F, 0x85, 0x2A, 0x01,
	0x00, 0x00, 0x49, 0x03, 0xFC, 0x49, 0x3B, 0xFE, 0x48, 0x8D, 0x05, 0x7D,
	0x94, 0x00, 0x00, 0x76, 0xA3, 0x48, 0x3B, 0x7C, 0x24, 0x38, 0x0F, 0x86,
	0x30, 0xFF, 0xFF, 0xFF, 0x48, 0x8B, 0x4C, 0x24, 0x28, 0x8B, 0x94, 0x24,
	0xB8, 0x01, 0x00, 0x00, 0x4C, 0x8D, 0x05, 0x5D, 0x94, 0x00, 0x00, 0x48,
	0x8B, 0xFB, 0x48, 0x85, 0xFF, 0x75, 0x24, 0x41, 0x03, 0xD4, 0x89, 0x94,
	0x24, 0xB8, 0x01, 0x00, 0x00, 0x48, 0x83, 0xC1, 0x08, 0x48, 0x89, 0x4C,
	0x24, 0x28, 0x41, 0x3B, 0xD7, 0x0F, 0x82, 0xA7, 0xFE, 0xFF, 0xFF, 0x48,
	0x8B, 0xFB, 0x48, 0x85, 0xDB, 0x74, 0x35, 0x48, 0x8B, 0x05, 0x2A, 0xCF,
	0x00, 0x00, 0x48, 0x8D, 0x4F, 0x03, 0xFF, 0xD0, 0x84, 0xC0, 0x74, 0x24,
	0x48, 0x63, 0x47, 0x03, 0x48, 0x83, 0xC7, 0x07, 0x48, 0x03, 0xF8, 0x74,
	0x17, 0x48, 0x8B, 0x05, 0x0C, 0xCF, 0x00, 0x00, 0x48, 0x8B, 0xCF, 0xFF,
	0xD0, 0x84, 0xC0, 0x74, 0x07, 0x48, 0x89, 0x3D, 0xBC, 0xD3, 0x00, 0x00,
	0x48, 0x8B, 0xB4, 0x24, 0xA0, 0x01, 0x00, 0x00, 0xB8, 0x4D, 0x5A, 0x00,
	0x00, 0x66, 0x39, 0x06, 0x0F, 0x85, 0xA1, 0x00, 0x00, 0x00, 0x48, 0x63,
	0x7E, 0x3C, 0x48, 0x03, 0xFE, 0x48, 0x8B, 0x05, 0xD8, 0xCE, 0x00, 0x00,
	0x48, 0x8B, 0xCF, 0xFF, 0xD0, 0x84, 0xC0, 0x0F, 0x84, 0x86, 0x00, 0x00,
	0x00, 0x81, 0x3F, 0x50, 0x45, 0x00, 0x00, 0x75, 0x7E, 0x44, 0x8B, 0xFB,
	0x0F, 0xB7, 0x57, 0x14, 0x48, 0x03, 0xD7, 0x44, 0x0F, 0xB7, 0xC3, 0x44,
	0x0F, 0xB7, 0x5F, 0x06, 0x66, 0x41, 0x3B, 0xDB, 0x73, 0x68, 0x41, 0x83,
	0xFF, 0x10, 0x73, 0x62, 0x41, 0x0F, 0xB7, 0xC0, 0x4C, 0x8D, 0x0C, 0x80,
	0x42, 0xF7, 0x44, 0xCA, 0x3C, 0x00, 0x00, 0x00, 0x20, 0x74, 0x25, 0x46,
	0x8B, 0x54, 0xCA, 0x20, 0x45, 0x85, 0xD2, 0x74, 0x1B, 0x41, 0x8B, 0xCF,
	0x42, 0x8B, 0x44, 0xCA, 0x24, 0x48, 0x03, 0xC6, 0x48, 0x89, 0x44, 0xCC,
	0x60, 0x4C, 0x89, 0x94, 0xCC, 0xE0, 0x00, 0x00, 0x00, 0x45, 0x03, 0xFC,
	0x66, 0x45, 0x03, 0xC4, 0x66, 0x45, 0x3B, 0xC3, 0x72, 0xB8, 0xEB, 0x1E,
	0x49, 0x03, 0xFD, 0x48, 0x8B, 0x4C, 0x24, 0x28, 0x8B, 0x94, 0x24, 0xB8,
	0x01, 0x00, 0x00, 0x4C, 0x8D, 0x05, 0x4A, 0x93, 0x00, 0x00, 0xE9, 0xEB,
	0xFE, 0xFF, 0xFF, 0x44, 0x8B, 0xFB, 0x8B, 0xD3, 0x89, 0x9C, 0x24, 0xB8,
	0x01, 0x00, 0x00, 0x45, 0x85, 0xFF, 0x0F, 0x84, 0x68, 0x01, 0x00, 0x00,
	0x48, 0x8B, 0xCB, 0x48, 0x89, 0x5C, 0x24, 0x28, 0x4C, 0x8D, 0x05, 0x81,
	0x93, 0x00, 0x00, 0x48, 0x8B, 0x84, 0x0C, 0xE0, 0x00, 0x00, 0x00, 0x48,
	0x89, 0x44, 0x24, 0x40, 0x4C, 0x8B, 0x6C, 0x0C, 0x60, 0x4C, 0x89, 0x6C,
	0x24, 0x30, 0x4D, 0x85, 0xED, 0x0F, 0x84, 0x15, 0x01, 0x00, 0x00, 0x48,
	0x85, 0xC0, 0x0F, 0x84, 0x0C, 0x01, 0x00, 0x00, 0x48, 0x8B, 0xF3, 0x49,
	0x03, 0xF4, 0x42, 0x38, 0x1C, 0x06, 0x75, 0xF7, 0x48, 0x85, 0xF6, 0x0F,
	0x84, 0xFF, 0x00, 0x00, 0x00, 0x48, 0x3B, 0xF0, 0x0F, 0x87, 0xF6, 0x00,
	0x00, 0x00, 0x48, 0x8B, 0xFB, 0x48, 0x2B, 0xC6, 0x48, 0x89, 0x44, 0x24,
	0x38, 0x4C, 0x03, 0xEF, 0x4D, 0x8B, 0xF5, 0x49, 0x81, 0xE6, 0x00, 0xF0,
	0xFF, 0xFF, 0x48, 0x8B, 0x05, 0xBB, 0xCD, 0x00, 0x00, 0x49, 0x8B, 0xCE,
	0xFF, 0xD0, 0x84, 0xC0, 0x75, 0x17, 0x4D, 0x2B, 0xF5, 0x48, 0x81, 0xC7,
	0x00, 0x10, 0x00, 0x00, 0x49, 0x03, 0xFE, 0x4C, 0x8B, 0x6C, 0x24, 0x30,
	0xE9, 0x91, 0x00, 0x00, 0x00, 0x4C, 0x8B, 0x6C, 0x24, 0x30, 0x4D, 0x2B,
	0xF5, 0x49, 0x81, 0xC6, 0x00, 0x10, 0x00, 0x00, 0x4C, 0x3B, 0x74, 0x24,
	0x40, 0x4C, 0x0F, 0x47, 0x74, 0x24, 0x40, 0x4C, 0x2B, 0xF6, 0x49, 0x3B,
	0xFE, 0x77, 0x6F, 0x4D, 0x8B, 0xD5, 0x48, 0x8D, 0x05, 0xCF, 0x92, 0x00,
	0x00, 0x4C, 0x2B, 0xD0, 0x4C, 0x8B, 0x4C, 0x24, 0x38, 0x49, 0x3B, 0xF9,
	0x77, 0x58, 0x45, 0x8A, 0xC4, 0x48, 0x8B, 0xCB, 0x48, 0x85, 0xF6, 0x74,
	0x35, 0x4D, 0x8D, 0x1C, 0x3A, 0x48, 0x8D, 0x14, 0x01, 0x80, 0x3A, 0x78,
	0x75, 0x1B, 0x48, 0x8D, 0x05, 0xD3, 0xC6, 0xFF, 0xFF, 0x8A, 0x84, 0x01,
	0x84, 0xEB, 0x00, 0x00, 0x42, 0x38, 0x04, 0x1A, 0x75, 0x11, 0x48, 0x8D,
	0x05, 0x8F, 0x92, 0x00, 0x00, 0x49, 0x03, 0xCC, 0x48, 0x3B, 0xCE, 0x72,
	0xD4, 0xEB, 0x03, 0x44, 0x8A, 0xC3, 0x45, 0x84, 0xC0, 0x0F, 0x85, 0x37,
	0x01, 0x00, 0x00, 0x49, 0x03, 0xFC, 0x49, 0x3B, 0xFE, 0x48, 0x8D, 0x05,
	0x6C, 0x92, 0x00, 0x00, 0x76, 0xA3, 0x48, 0x3B, 0x7C, 0x24, 0x38, 0x0F,
	0x86, 0x30, 0xFF, 0xFF, 0xFF, 0x48, 0x8B, 0x4C, 0x24, 0x28, 0x8B, 0x94,
	0x24, 0xB8, 0x01, 0x00, 0x00, 0x4C, 0x8D, 0x05, 0x4C, 0x92, 0x00, 0x00,
	0x48, 0x8B, 0xFB, 0x48, 0x85, 0xFF, 0x75, 0x24, 0x41, 0x03, 0xD4, 0x89,
	0x94, 0x24, 0xB8, 0x01, 0x00, 0x00, 0x48, 0x83, 0xC1, 0x08, 0x48, 0x89,
	0x4C, 0x24, 0x28, 0x41, 0x3B, 0xD7, 0x0F, 0x82, 0xA7, 0xFE, 0xFF, 0xFF,
	0x48, 0x8B, 0xFB, 0x48, 0x85, 0xDB, 0x74, 0x35, 0x48, 0x8B, 0x05, 0xB9,
	0xCC, 0x00, 0x00, 0x48, 0x8D, 0x4F, 0x03, 0xFF, 0xD0, 0x84, 0xC0, 0x74,
	0x24, 0x48, 0x63, 0x47, 0x03, 0x48, 0x83, 0xC7, 0x07, 0x48, 0x03, 0xF8,
	0x74, 0x17, 0x48, 0x8B, 0x05, 0x9B, 0xCC, 0x00, 0x00, 0x48, 0x8B, 0xCF,
	0xFF, 0xD0, 0x84, 0xC0, 0x74, 0x07, 0x48, 0x89, 0x3D, 0x53, 0xD1, 0x00,
	0x00, 0x48, 0x39, 0x1D, 0x4C, 0xD1, 0x00, 0x00, 0x0F, 0x85, 0x8B, 0x02,
	0x00, 0x00, 0x48, 0x8B, 0xB4, 0x24, 0xA0, 0x01, 0x00, 0x00, 0xB8, 0x4D,
	0x5A, 0x00, 0x00, 0x66, 0x39, 0x06, 0x0F, 0x85, 0xA1, 0x00, 0x00, 0x00,
	0x48, 0x63, 0x7E, 0x3C, 0x48, 0x03, 0xFE, 0x48, 0x8B, 0x05, 0x5A, 0xCC,
	0x00, 0x00, 0x48, 0x8B, 0xCF, 0xFF, 0xD0, 0x84, 0xC0, 0x0F, 0x84, 0x86,
	0x00, 0x00, 0x00, 0x81, 0x3F, 0x50, 0x45, 0x00, 0x00, 0x75, 0x7E, 0x44,
	0x8B, 0xFB, 0x0F, 0xB7, 0x57, 0x14, 0x48, 0x03, 0xD7, 0x44, 0x0F, 0xB7,
	0xC3, 0x44, 0x0F, 0xB7, 0x5F, 0x06, 0x66, 0x41, 0x3B, 0xDB, 0x73, 0x68,
	0x41, 0x83, 0xFF, 0x10, 0x73, 0x62, 0x41, 0x0F, 0xB7, 0xC0, 0x4C, 0x8D,
	0x0C, 0x80, 0x42, 0xF7, 0x44, 0xCA, 0x3C, 0x00, 0x00, 0x00, 0x20, 0x74,
	0x25, 0x46, 0x8B, 0x54, 0xCA, 0x20, 0x45, 0x85, 0xD2, 0x74, 0x1B, 0x41,
	0x8B, 0xCF, 0x42, 0x8B, 0x44, 0xCA, 0x24, 0x48, 0x03, 0xC6, 0x48, 0x89,
	0x44, 0xCC, 0x60, 0x4C, 0x89, 0x94, 0xCC, 0xE0, 0x00, 0x00, 0x00, 0x45,
	0x03, 0xFC, 0x66, 0x45, 0x03, 0xC4, 0x66, 0x45, 0x3B, 0xC3, 0x72, 0xB8,
	0xEB, 0x1E, 0x49, 0x03, 0xFD, 0x48, 0x8B, 0x4C, 0x24, 0x28, 0x8B, 0x94,
	0x24, 0xB8, 0x01, 0x00, 0x00, 0x4C, 0x8D, 0x05, 0x2C, 0x91, 0x00, 0x00,
	0xE9, 0xDE, 0xFE, 0xFF, 0xFF, 0x44, 0x8B, 0xFB, 0x8B, 0xCB, 0x89, 0x9C,
	0x24, 0xA0, 0x01, 0x00, 0x00, 0x45, 0x85, 0xFF, 0x0F, 0x84, 0x82, 0x01,
	0x00, 0x00, 0x48, 0x8B, 0xC3, 0x48, 0x89, 0x5C, 0x24, 0x28, 0x4C, 0x8D,
	0x0D, 0x13, 0x91, 0x00, 0x00, 0x4C, 0x8B, 0xAC, 0x04, 0xE0, 0x00, 0x00,
	0x00, 0x4C, 0x8B, 0x44, 0x04, 0x60, 0x4C, 0x89, 0x84, 0x24, 0xB8, 0x01,
	0x00, 0x00, 0x4D, 0x85, 0xC0, 0x0F, 0x84, 0x31, 0x01, 0x00, 0x00, 0x4D,
	0x85, 0xED, 0x0F, 0x84, 0x28, 0x01, 0x00, 0x00, 0x48, 0x8B, 0xF3, 0x49,
	0x03, 0xF4, 0x42, 0x38, 0x1C, 0x0E, 0x75, 0xF7, 0x48, 0x85, 0xF6, 0x0F,
	0x84, 0x1B, 0x01, 0x00, 0x00, 0x49, 0x3B, 0xF5, 0x0F, 0x87, 0x12, 0x01,
	0x00, 0x00, 0x48, 0x8B, 0xFB, 0x49, 0x8B, 0xC5, 0x48, 0x2B, 0xC6, 0x48,
	0x89, 0x44, 0x24, 0x30, 0x4A, 0x8D, 0x04, 0x07, 0x48, 0x89, 0x44, 0x24,
	0x40, 0x4C, 0x8B, 0xF0, 0x49, 0x81, 0xE6, 0x00, 0xF0, 0xFF, 0xFF, 0x48,
	0x8B, 0x05, 0x36, 0xCB, 0x00, 0x00, 0x49, 0x8B, 0xCE, 0xFF, 0xD0, 0x4C,
	0x8B, 0x84, 0x24, 0xB8, 0x01, 0x00, 0x00, 0x84, 0xC0, 0x75, 0x14, 0x4C,
	0x2B, 0x74, 0x24, 0x40, 0x48, 0x81, 0xC7, 0x00, 0x10, 0x00, 0x00, 0x49,
	0x03, 0xFE, 0xE9, 0x8C, 0x00, 0x00, 0x00, 0x4D, 0x2B, 0xF0, 0x49, 0x81,
	0xC6, 0x00, 0x10, 0x00, 0x00, 0x4D, 0x3B, 0xF5, 0x4D, 0x0F, 0x47, 0xF5,
	0x4C, 0x2B, 0xF6, 0x49, 0x3B, 0xFE, 0x77, 0x73, 0x4D, 0x8B, 0xD8, 0x4C,
	0x8D, 0x0D, 0x5E, 0x90, 0x00, 0x00, 0x4D, 0x2B, 0xD9, 0x48, 0x8B, 0x54,
	0x24, 0x30, 0x48, 0x3B, 0xFA, 0x77, 0x5C, 0x45, 0x8A, 0xD4, 0x48, 0x8B,
	0xCB, 0x48, 0x85, 0xF6, 0x74, 0x44, 0x4C, 0x03, 0xC9, 0x41, 0x80, 0x39,
	0x78, 0x75, 0x20, 0x48, 0x8D, 0x05, 0x56, 0xC4, 0xFF, 0xFF, 0x8A, 0x84,
	0x01, 0x8C, 0xEB, 0x00, 0x00, 0x4D, 0x8D, 0x04, 0x3B, 0x43, 0x38, 0x04,
	0x01, 0x4C, 0x8B, 0x84, 0x24, 0xB8, 0x01, 0x00, 0x00, 0x75, 0x11, 0x49,
	0x03, 0xCC, 0x4C, 0x8D, 0x0D, 0x13, 0x90, 0x00, 0x00, 0x48, 0x3B, 0xCE,
	0x73, 0x0C, 0xEB, 0xC6, 0x44, 0x8A, 0xD3, 0x4C, 0x8D, 0x0D, 0x02, 0x90,
	0x00, 0x00, 0x45, 0x84, 0xD2, 0x75, 0x15, 0x49, 0x03, 0xFC, 0x49, 0x3B,
	0xFE, 0x76, 0x9F, 0x48, 0x3B, 0x7C, 0x24, 0x30, 0x0F, 0x86, 0x2A, 0xFF,
	0xFF, 0xFF, 0xEB, 0x11, 0x49, 0x03, 0xF8, 0x48, 0x8B, 0x44, 0x24, 0x28,
	0x8B, 0x8C, 0x24, 0xA0, 0x01, 0x00, 0x00, 0xEB, 0x16, 0x48, 0x8B, 0x44,
	0x24, 0x28, 0x8B, 0x8C, 0x24, 0xA0, 0x01, 0x00, 0x00, 0x4C, 0x8D, 0x0D,
	0xC4, 0x8F, 0x00, 0x00, 0x48, 0x8B, 0xFB, 0x48, 0x85, 0xFF, 0x75, 0x24,
	0x41, 0x03, 0xCC, 0x89, 0x8C, 0x24, 0xA0, 0x01, 0x00, 0x00, 0x48, 0x83,
	0xC0, 0x08, 0x48, 0x89, 0x44, 0x24, 0x28, 0x41, 0x3B, 0xCF, 0x0F, 0x82,
	0x8D, 0xFE, 0xFF, 0xFF, 0x48, 0x8B, 0xFB, 0x48, 0x85, 0xDB, 0x74, 0x35,
	0x48, 0x8B, 0x05, 0x21, 0xCA, 0x00, 0x00, 0x48, 0x8D, 0x4F, 0x02, 0xFF,
	0xD0, 0x84, 0xC0, 0x74, 0x24, 0x48, 0x63, 0x47, 0x02, 0x48, 0x83, 0xC7,
	0x06, 0x48, 0x03, 0xF8, 0x74, 0x17, 0x48, 0x8B, 0x05, 0x03, 0xCA, 0x00,
	0x00, 0x48, 0x8B, 0xCF, 0xFF, 0xD0, 0x84, 0xC0, 0x74, 0x07, 0x48, 0x89,
	0x3D, 0xBB, 0xCE, 0x00, 0x00, 0xF0, 0x09, 0x1C, 0x24, 0xB8, 0x02, 0x00,
	0x00, 0x00, 0x87, 0x05, 0xB4, 0xCE, 0x00, 0x00, 0x4C, 0x8B, 0xAC, 0x24,
	0xA8, 0x01, 0x00, 0x00, 0x48, 0x8B, 0xBC, 0x24, 0xB0, 0x01, 0x00, 0x00,
	0x48, 0x8B, 0x0D, 0x8D, 0xCE, 0x00, 0x00, 0x48, 0x85, 0xC9, 0x0F, 0x95,
	0xC0, 0x84, 0xC0, 0x0F, 0x84, 0x5C, 0x01, 0x00, 0x00, 0x48, 0x85, 0xC9,
	0x0F, 0x84, 0x53, 0x01, 0x00, 0x00, 0x48, 0x8B, 0x05, 0xAF, 0xC9, 0x00,
	0x00, 0xFF, 0xD0, 0x84, 0xC0, 0x0F, 0x84, 0x42, 0x01, 0x00, 0x00, 0x48,
	0x8B, 0x05, 0x5E, 0xCE, 0x00, 0x00, 0x4C, 0x8B, 0x30, 0x4C, 0x89, 0x74,
	0x24, 0x30, 0x4D, 0x85, 0xF6, 0x0F, 0x84, 0x2A, 0x01, 0x00, 0x00, 0x48,
	0x8B, 0x05, 0x86, 0xC9, 0x00, 0x00, 0x49, 0x8B, 0xCE, 0xFF, 0xD0, 0x84,
	0xC0, 0x0F, 0x84, 0x16, 0x01, 0x00, 0x00, 0x48, 0x8B, 0xF3, 0x48, 0x8B,
	0x0D, 0x37, 0xCE, 0x00, 0x00, 0x48, 0x85, 0xC9, 0x74, 0x17, 0x48, 0x8B,
	0x05, 0x63, 0xC9, 0x00, 0x00, 0xFF, 0xD0, 0x84, 0xC0, 0x74, 0x0A, 0x48,
	0x8B, 0x05, 0x1E, 0xCE, 0x00, 0x00, 0x48, 0x8B, 0x30, 0x48, 0x8D, 0x46,
	0xFF, 0xB9, 0x00, 0x00, 0x01, 0x00, 0x48, 0x3D, 0xFF, 0xFF, 0x0F, 0x00,
	0x48, 0x0F, 0x47, 0xF1, 0x48, 0x89, 0x74, 0x24, 0x38, 0x4C, 0x89, 0x6C,
	0x24, 0x28, 0x4A, 0x8D, 0x04, 0x2F, 0x48, 0x89, 0x44, 0x24, 0x40, 0x44,
	0x8A, 0xFB, 0x88, 0x5C, 0x24, 0x20, 0x48, 0x8B, 0xFB, 0x48, 0x89, 0xBC,
	0x24, 0xB8, 0x01, 0x00, 0x00, 0x48, 0x3B, 0xFE, 0x0F, 0x83, 0xAA, 0x00,
	0x00, 0x00, 0x48, 0x8D, 0x04, 0x7F, 0x4D, 0x8D, 0x2C, 0xC6, 0x48, 0x8B,
	0x05, 0x03, 0xC9, 0x00, 0x00, 0x49, 0x8B, 0xCD, 0xFF, 0xD0, 0x84, 0xC0,
	0x0F, 0x84, 0x86, 0x00, 0x00, 0x00, 0x49, 0x8B, 0x45, 0x00, 0x48, 0x89,
	0x84, 0x24, 0xA0, 0x01, 0x00, 0x00, 0x48, 0x8B, 0x84, 0x24, 0xA0, 0x01,
	0x00, 0x00, 0x48, 0x3B, 0x84, 0x24, 0xA8, 0x01, 0x00, 0x00, 0x72, 0x3C,
	0x48, 0x8B, 0x84, 0x24, 0xA0, 0x01, 0x00, 0x00, 0x48, 0x3B, 0x44, 0x24,
	0x40, 0x73, 0x2D, 0x0F, 0x57, 0xC0, 0x33, 0xC0, 0x0F, 0x11, 0x44, 0x24,
	0x48, 0x48, 0x89, 0x44, 0x24, 0x58, 0x4C, 0x89, 0x64, 0x24, 0x48, 0x44,
	0x8D, 0x40, 0x18, 0x48, 0x8D, 0x54, 0x24, 0x48, 0x49, 0x8B, 0xCD, 0xE8,
	0xA0, 0x6F, 0x00, 0x00, 0x45, 0x8A, 0xFC, 0x44, 0x88, 0x64, 0x24, 0x20,
	0xEB, 0x2A, 0x33, 0xDB, 0x44, 0x8D, 0x63, 0x01, 0x4C, 0x8B, 0x74, 0x24,
	0x30, 0x48, 0x8B, 0x74, 0x24, 0x38, 0x48, 0x8B, 0x44, 0x24, 0x28, 0x48,
	0x89, 0x84, 0x24, 0xA8, 0x01, 0x00, 0x00, 0x44, 0x8A, 0x7C, 0x24, 0x20,
	0x48, 0x8B, 0xBC, 0x24, 0xB8, 0x01, 0x00, 0x00, 0x49, 0x03, 0xFC, 0xE9,
	0x45, 0xFF, 0xFF, 0xFF, 0x41, 0x8A, 0xC7, 0xEB, 0x02, 0x32, 0xC0, 0x48,
	0x81, 0xC4, 0x60, 0x01, 0x00, 0x00, 0x41, 0x5F, 0x41, 0x5E, 0x41, 0x5D,
	0x41, 0x5C, 0x5F, 0x5E, 0x5B, 0xC3, 0xCC, 0xCC, 0x40, 0x53, 0x56, 0x57,
	0x41, 0x54, 0x41, 0x55, 0x41, 0x56, 0x41, 0x57, 0x48, 0x81, 0xEC, 0xB0,
	0x03, 0x00, 0x00, 0x48, 0x8B, 0xF1, 0x48, 0x89, 0x94, 0x24, 0x88, 0x00,
	0x00, 0x00, 0x33, 0xDB, 0x48, 0x85, 0xC9, 0x0F, 0x84, 0x72, 0x09, 0x00,
	0x00, 0x48, 0x85, 0xD2, 0x0F, 0x84, 0x69, 0x09, 0x00, 0x00, 0x48, 0x8B,
	0x4A, 0x30, 0x48, 0x85, 0xC9, 0x0F, 0x84, 0x5C, 0x09, 0x00, 0x00, 0x48,
	0x39, 0x1D, 0xFE, 0xC8, 0x00, 0x00, 0x0F, 0x84, 0x4F, 0x09, 0x00, 0x00,
	0x48, 0x39, 0x1D, 0xF9, 0xC8, 0x00, 0x00, 0x0F, 0x84, 0x42, 0x09, 0x00,
	0x00, 0x48, 0x39, 0x1D, 0x04, 0xC9, 0x00, 0x00, 0x0F, 0x84, 0x35, 0x09,
	0x00, 0x00, 0x48, 0x39, 0x1D, 0xFF, 0xC8, 0x00, 0x00, 0x0F, 0x84, 0x28,
	0x09, 0x00, 0x00, 0x48, 0x39, 0x1D, 0xDA, 0xC8, 0x00, 0x00, 0x0F, 0x84,
	0x1B, 0x09, 0x00, 0x00, 0x48, 0x39, 0x1D, 0xD5, 0xC8, 0x00, 0x00, 0x0F,
	0x84, 0x0E, 0x09, 0x00, 0x00, 0x41, 0xBF, 0x4D, 0x5A, 0x00, 0x00, 0x66,
	0x44, 0x39, 0x39, 0x0F, 0x85, 0xFE, 0x08, 0x00, 0x00, 0x48, 0x63, 0x79,
	0x3C, 0x48, 0x03, 0xF9, 0x48, 0x8B, 0x05, 0xA1, 0xC7, 0x00, 0x00, 0x48,
	0x8B, 0xCF, 0xFF, 0xD0, 0x84, 0xC0, 0x0F, 0x84, 0xE3, 0x08, 0x00, 0x00,
	0x41, 0xBE, 0x50, 0x45, 0x00, 0x00, 0x44, 0x39, 0x37, 0x0F, 0x85, 0xD4,
	0x08, 0x00, 0x00, 0x8B, 0x47, 0x08, 0x89, 0x84, 0x24, 0xF0, 0x03, 0x00,
	0x00, 0x89, 0x84, 0x24, 0x08, 0x04, 0x00, 0x00, 0x66, 0x44, 0x39, 0x3E,
	0x0F, 0x85, 0x89, 0x00, 0x00, 0x00, 0x48, 0x63, 0x7E, 0x3C, 0x48, 0x03,
	0xFE, 0x48, 0x8B, 0x05, 0x5C, 0xC7, 0x00, 0x00, 0x48, 0x8B, 0xCF, 0xFF,
	0xD0, 0x84, 0xC0, 0x74, 0x72, 0x44, 0x39, 0x37, 0x75, 0x6D, 0x44, 0x8B,
	0xE3, 0x0F, 0xB7, 0x57, 0x14, 0x48, 0x03, 0xD7, 0x44, 0x0F, 0xB7, 0xC3,
	0x44, 0x0F, 0xB7, 0x5F, 0x06, 0x44, 0x8D, 0x73, 0x01, 0x66, 0x41, 0x3B,
	0xDB, 0x73, 0x59, 0x44, 0x8D, 0x7B, 0x10, 0x45, 0x3B, 0xE7, 0x73, 0x50,
	0x41, 0x0F, 0xB7, 0xC0, 0x4C, 0x8D, 0x0C, 0x80, 0x42, 0xF7, 0x44, 0xCA,
	0x3C, 0x00, 0x00, 0x00, 0x20, 0x74, 0x28, 0x46, 0x8B, 0x54, 0xCA, 0x20,
	0x45, 0x85, 0xD2, 0x74, 0x1E, 0x41, 0x8B, 0xCC, 0x42, 0x8B, 0x44, 0xCA,
	0x24, 0x48, 0x03, 0xC6, 0x48, 0x89, 0x84, 0xCC, 0x10, 0x02, 0x00, 0x00,
	0x4C, 0x89, 0x94, 0xCC, 0x90, 0x01, 0x00, 0x00, 0x45, 0x03, 0xE6, 0x66,
	0x45, 0x03, 0xC6, 0x66, 0x45, 0x3B, 0xC3, 0x72, 0xB6, 0xEB, 0x09, 0x41,
	0xBE, 0x01, 0x00, 0x00, 0x00, 0x44, 0x8B, 0xE3, 0x45, 0x85, 0xE4, 0x0F,
	0x84, 0x1E, 0x08, 0x00, 0x00, 0x48, 0x8D, 0x05, 0xD8, 0xAA, 0x00, 0x00,
	0x48, 0x89, 0x84, 0x24, 0x00, 0x01, 0x00, 0x00, 0x48, 0x8D, 0x0D, 0x79,
	0x8B, 0x00, 0x00, 0x48, 0x89, 0x8C, 0x24, 0x08, 0x01, 0x00, 0x00, 0x89,
	0x9C, 0x24, 0x10, 0x01, 0x00, 0x00, 0x48, 0x8D, 0x05, 0xCB, 0xAA, 0x00,
	0x00, 0x48, 0x89, 0x84, 0x24, 0x18, 0x01, 0x00, 0x00, 0x48, 0x89, 0x8C,
	0x24, 0x20, 0x01, 0x00, 0x00, 0x89, 0x9C, 0x24, 0x28, 0x01, 0x00, 0x00,
	0x48, 0x8D, 0x05, 0xCD, 0xAA, 0x00, 0x00, 0x48, 0x89, 0x84, 0x24, 0x30,
	0x01, 0x00, 0x00, 0x48, 0x8D, 0x05, 0x56, 0x8B, 0x00, 0x00, 0x48, 0x89,
	0x84, 0x24, 0x38, 0x01, 0x00, 0x00, 0x89, 0x9C, 0x24, 0x40, 0x01, 0x00,
	0x00, 0x48, 0x8D, 0x05, 0x9C, 0xAA, 0x00, 0x00, 0x48, 0x89, 0x84, 0x24,
	0x48, 0x01, 0x00, 0x00, 0x48, 0x8D, 0x05, 0x41, 0x8B, 0x00, 0x00, 0x48,
	0x89, 0x84, 0x24, 0x50, 0x01, 0x00, 0x00, 0xC7, 0x84, 0x24, 0x58, 0x01,
	0x00, 0x00, 0x03, 0x00, 0x00, 0x00, 0x48, 0x8D, 0x05, 0x8F, 0xAA, 0x00,
	0x00, 0x48, 0x89, 0x84, 0x24, 0x60, 0x01, 0x00, 0x00, 0x48, 0x8D, 0x05,
	0x28, 0x8B, 0x00, 0x00, 0x48, 0x89, 0x84, 0x24, 0x68, 0x01, 0x00, 0x00,
	0x89, 0x9C, 0x24, 0x70, 0x01, 0x00, 0x00, 0x48, 0x8D, 0x05, 0x76, 0xAA,
	0x00, 0x00, 0x48, 0x89, 0x84, 0x24, 0x78, 0x01, 0x00, 0x00, 0x48, 0x8D,
	0x05, 0x13, 0x8B, 0x00, 0x00, 0x48, 0x89, 0x84, 0x24, 0x80, 0x01, 0x00,
	0x00, 0xC7, 0x84, 0x24, 0x88, 0x01, 0x00, 0x00, 0x04, 0x00, 0x00, 0x00,
	0x4C, 0x8B, 0xEB, 0x48, 0x89, 0x5C, 0x24, 0x28, 0x48, 0x8B, 0xD3, 0x48,
	0x89, 0x5C, 0x24, 0x40, 0x48, 0x8B, 0xC3, 0x48, 0x89, 0x5C, 0x24, 0x78,
	0x48, 0x8D, 0x8C, 0x24, 0x10, 0x01, 0x00, 0x00, 0x48, 0x89, 0x8C, 0x24,
	0x00, 0x04, 0x00, 0x00, 0x4D, 0x85, 0xED, 0x0F, 0x85, 0xA0, 0x02, 0x00,
	0x00, 0x44, 0x8B, 0xFB, 0x45, 0x85, 0xE4, 0x0F, 0x84, 0x73, 0x02, 0x00,
	0x00, 0x4D, 0x85, 0xED, 0x0F, 0x85, 0x60, 0x02, 0x00, 0x00, 0x48, 0x8B,
	0xFB, 0x4C, 0x8B, 0x41, 0xF8, 0x4C, 0x89, 0x44, 0x24, 0x30, 0x4C, 0x8B,
	0x49, 0xF0, 0x4C, 0x89, 0x4C, 0x24, 0x70, 0x41, 0x8B, 0xC7, 0x48, 0x8B,
	0x94, 0xC4, 0x90, 0x01, 0x00, 0x00, 0x48, 0x89, 0x54, 0x24, 0x28, 0x48,
	0x8B, 0x84, 0xC4, 0x10, 0x02, 0x00, 0x00, 0x48, 0x89, 0x84, 0x24, 0x80,
	0x00, 0x00, 0x00, 0x48, 0x85, 0xC0, 0x0F, 0x84, 0x68, 0x01, 0x00, 0x00,
	0x48, 0x3B, 0xFA, 0x0F, 0x83, 0x5F, 0x01, 0x00, 0x00, 0x48, 0x8B, 0xCA,
	0x48, 0x2B, 0xCF, 0x48, 0x89, 0x4C, 0x24, 0x50, 0x48, 0x8D, 0x14, 0x38,
	0x48, 0x89, 0x54, 0x24, 0x38, 0x48, 0x85, 0xD2, 0x0F, 0x84, 0x29, 0x01,
	0x00, 0x00, 0x4D, 0x85, 0xC9, 0x0F, 0x84, 0x20, 0x01, 0x00, 0x00, 0x4D,
	0x85, 0xC0, 0x0F, 0x84, 0x17, 0x01, 0x00, 0x00, 0x48, 0x85, 0xC9, 0x0F,
	0x84, 0x0E, 0x01, 0x00, 0x00, 0x48, 0x8B, 0xC3, 0x48, 0x89, 0x5C, 0x24,
	0x58, 0x41, 0x38, 0x18, 0x74, 0x0E, 0x49, 0x03, 0xC6, 0x41, 0x38, 0x1C,
	0x00, 0x75, 0xF7, 0x48, 0x89, 0x44, 0x24, 0x58, 0x48, 0x85, 0xC0, 0x0F,
	0x84, 0xEA, 0x00, 0x00, 0x00, 0x48, 0x3B, 0xC1, 0x0F, 0x87, 0xE1, 0x00,
	0x00, 0x00, 0x48, 0x8B, 0xFB, 0x48, 0x2B, 0xC8, 0x48, 0x89, 0x4C, 0x24,
	0x68, 0x48, 0x8D, 0x34, 0x17, 0x48, 0x81, 0xE6, 0x00, 0xF0, 0xFF, 0xFF,
	0x48, 0x8B, 0x05, 0xE1, 0xC4, 0x00, 0x00, 0x48, 0x8B, 0xCE, 0xFF, 0xD0,
	0x48, 0x8B, 0x54, 0x24, 0x38, 0x84, 0xC0, 0x75, 0x16, 0x48, 0x8D, 0x04,
	0x17, 0x48, 0x2B, 0xF0, 0x48, 0x81, 0xC7, 0x00, 0x10, 0x00, 0x00, 0x48,
	0x03, 0xFE, 0xE9, 0x95, 0x00, 0x00, 0x00, 0x48, 0x2B, 0xF2, 0x48, 0x81,
	0xC6, 0x00, 0x10, 0x00, 0x00, 0x48, 0x3B, 0x74, 0x24, 0x50, 0x48, 0x0F,
	0x47, 0x74, 0x24, 0x50, 0x48, 0x8B, 0x4C, 0x24, 0x58, 0x48, 0x2B, 0xF1,
	0x48, 0x3B, 0xFE, 0x77, 0x73, 0x48, 0x8B, 0xC2, 0x4C, 0x8B, 0x44, 0x24,
	0x30, 0x49, 0x2B, 0xC0, 0x48, 0x89, 0x44, 0x24, 0x60, 0x4C, 0x8B, 0x54,
	0x24, 0x68, 0x49, 0x3B, 0xFA, 0x77, 0x54, 0x45, 0x8A, 0xCE, 0x48, 0x85,
	0xC9, 0x74, 0x3F, 0x49, 0x8B, 0xD0, 0x4C, 0x8D, 0x1C, 0x38, 0x4C, 0x8B,
	0x44, 0x24, 0x70, 0x4C, 0x2B, 0x44, 0x24, 0x30, 0x80, 0x3A, 0x78, 0x75,
	0x0A, 0x41, 0x8A, 0x04, 0x10, 0x41, 0x38, 0x04, 0x13, 0x75, 0x12, 0x49,
	0x03, 0xD6, 0x48, 0x8B, 0xC2, 0x48, 0x2B, 0x44, 0x24, 0x30, 0x48, 0x3B,
	0xC1, 0x72, 0xE1, 0xEB, 0x03, 0x44, 0x8A, 0xCB, 0x4C, 0x8B, 0x44, 0x24,
	0x30, 0x48, 0x8B, 0x44, 0x24, 0x60, 0x45, 0x84, 0xC9, 0x75, 0x2A, 0x49,
	0x03, 0xFE, 0x48, 0x3B, 0xFE, 0x76, 0xA7, 0x48, 0x8B, 0x54, 0x24, 0x38,
	0x48, 0x3B, 0x7C, 0x24, 0x68, 0x0F, 0x86, 0x2A, 0xFF, 0xFF, 0xFF, 0x48,
	0x8B, 0xFB, 0x48, 0x8B, 0x8C, 0x24, 0x00, 0x04, 0x00, 0x00, 0x48, 0x8B,
	0x54, 0x24, 0x28, 0xEB, 0x0A, 0x48, 0x03, 0x7C, 0x24, 0x38, 0xEB, 0xEA,
	0x48, 0x8B, 0xFB, 0x48, 0x85, 0xFF, 0x0F, 0x84, 0x95, 0x00, 0x00, 0x00,
	0x48, 0x63, 0x31, 0x48, 0x03, 0xF7, 0x48, 0x89, 0x74, 0x24, 0x50, 0x74,
	0x57, 0x48, 0x8D, 0x4E, 0x03, 0x48, 0x8B, 0x05, 0xE0, 0xC3, 0x00, 0x00,
	0xFF, 0xD0, 0x84, 0xC0, 0x74, 0x39, 0x48, 0x63, 0x46, 0x03, 0x48, 0x83,
	0xC6, 0x07, 0x48, 0x03, 0xF0, 0x74, 0x2C, 0x48, 0x8B, 0x05, 0xC6, 0xC3,
	0x00, 0x00, 0x48, 0x8B, 0xCE, 0xFF, 0xD0, 0x84, 0xC0, 0x74, 0x1C, 0x4C,
	0x8B, 0x84, 0x24, 0x90, 0x01, 0x00, 0x00, 0x48, 0x8B, 0x94, 0x24, 0x10,
	0x02, 0x00, 0x00, 0x48, 0x8B, 0xCE, 0xE8, 0x45, 0x73, 0x00, 0x00, 0x84,
	0xC0, 0x75, 0x2F, 0x48, 0x8B, 0x54, 0x24, 0x28, 0x48, 0x8B, 0x8C, 0x24,
	0x00, 0x04, 0x00, 0x00, 0x48, 0x8B, 0x84, 0x24, 0x80, 0x00, 0x00, 0x00,
	0x48, 0x2B, 0xF8, 0x48, 0xFF, 0xC7, 0x48, 0x3B, 0xFA, 0x73, 0x1E, 0x4C,
	0x8B, 0x44, 0x24, 0x30, 0x4C, 0x8B, 0x4C, 0x24, 0x70, 0xE9, 0xFD, 0xFD,
	0xFF, 0xFF, 0x4C, 0x8B, 0xEE, 0x48, 0x8B, 0x54, 0x24, 0x50, 0x48, 0x89,
	0x54, 0x24, 0x40, 0xEB, 0x05, 0x48, 0x8B, 0x54, 0x24, 0x40, 0x45, 0x03,
	0xFE, 0x45, 0x3B, 0xFC, 0x48, 0x8B, 0x8C, 0x24, 0x00, 0x04, 0x00, 0x00,
	0x0F, 0x82, 0x97, 0xFD, 0xFF, 0xFF, 0x4C, 0x89, 0x6C, 0x24, 0x28, 0x48,
	0x8B, 0x44, 0x24, 0x78, 0x49, 0x03, 0xC6, 0x48, 0x89, 0x44, 0x24, 0x78,
	0x48, 0x83, 0xC1, 0x18, 0x48, 0x89, 0x8C, 0x24, 0x00, 0x04, 0x00, 0x00,
	0x48, 0x83, 0xF8, 0x06, 0x0F, 0x8C, 0x5A, 0xFD, 0xFF, 0xFF, 0x4D, 0x85,
	0xED, 0x41, 0xBF, 0x10, 0x00, 0x00, 0x00, 0x0F, 0x84, 0x62, 0x04, 0x00,
	0x00, 0x48, 0x8B, 0xFB, 0x48, 0x89, 0x5C, 0x24, 0x48, 0x44, 0x89, 0xBC,
	0x24, 0x00, 0x04, 0x00, 0x00, 0x41, 0x81, 0xFF, 0xC0, 0x00, 0x00, 0x00,
	0x0F, 0x8D, 0xA3, 0x00, 0x00, 0x00, 0x49, 0x63, 0xC7, 0x48, 0x8B, 0xF2,
	0x48, 0x2B, 0xF0, 0x48, 0x8B, 0x05, 0xE6, 0xC2, 0x00, 0x00, 0x48, 0x8B,
	0xCE, 0xFF, 0xD0, 0x84, 0xC0, 0x0F, 0x84, 0x86, 0x00, 0x00, 0x00, 0x80,
	0x3E, 0x48, 0x75, 0x4C, 0x80, 0x7E, 0x01, 0x8D, 0x75, 0x46, 0x8A, 0x46,
	0x02, 0x2C, 0x0D, 0xA8, 0xF7, 0x75, 0x3D, 0x48, 0x8B, 0x05, 0xBE, 0xC2,
	0x00, 0x00, 0x48, 0x8D, 0x4E, 0x03, 0xFF, 0xD0, 0x84, 0xC0, 0x74, 0x2C,
	0x48, 0x63, 0x46, 0x03, 0x48, 0x83, 0xC6, 0x07, 0x48, 0x03, 0xF0, 0x74,
	0x1F, 0x48, 0x8B, 0x05, 0xA0, 0xC2, 0x00, 0x00, 0x48, 0x8B, 0xCE, 0xFF,
	0xD0, 0x84, 0xC0, 0x74, 0x0F, 0x49, 0x3B, 0xF5, 0x74, 0x0A, 0x48, 0x8B,
	0xFE, 0x48, 0x89, 0x74, 0x24, 0x48, 0xEB, 0x35, 0xEB, 0x26, 0x33, 0xDB,
	0x44, 0x8D, 0x73, 0x01, 0x8B, 0x84, 0x24, 0x08, 0x04, 0x00, 0x00, 0x89,
	0x84, 0x24, 0xF0, 0x03, 0x00, 0x00, 0x4C, 0x8B, 0x6C, 0x24, 0x28, 0x48,
	0x8B, 0x7C, 0x24, 0x48, 0x44, 0x8B, 0xBC, 0x24, 0x00, 0x04, 0x00, 0x00,
	0x45, 0x03, 0xFE, 0x48, 0x8B, 0x54, 0x24, 0x40, 0xE9, 0x48, 0xFF, 0xFF,
	0xFF, 0x48, 0x85, 0xFF, 0x0F, 0x85, 0xBA, 0x00, 0x00, 0x00, 0x8D, 0x77,
	0x07, 0x89, 0xB4, 0x24, 0x00, 0x04, 0x00, 0x00, 0x81, 0xFE, 0xC0, 0x00,
	0x00, 0x00, 0x0F, 0x8D, 0x9F, 0x00, 0x00, 0x00, 0x4C, 0x63, 0xFE, 0x4C,
	0x03, 0x7C, 0x24, 0x40, 0x48, 0x8B, 0x05, 0x25, 0xC2, 0x00, 0x00, 0x49,
	0x8B, 0xCF, 0xFF, 0xD0, 0x84, 0xC0, 0x0F, 0x84, 0x83, 0x00, 0x00, 0x00,
	0x41, 0x80, 0x3F, 0x48, 0x75, 0x4E, 0x41, 0x80, 0x7F, 0x01, 0x8D, 0x75,
	0x47, 0x41, 0x8A, 0x47, 0x02, 0x2C, 0x0D, 0xA8, 0xF7, 0x75, 0x3D, 0x48,
	0x8B, 0x05, 0xFA, 0xC1, 0x00, 0x00, 0x49, 0x8D, 0x4F, 0x03, 0xFF, 0xD0,
	0x84, 0xC0, 0x74, 0x2C, 0x49, 0x63, 0x47, 0x03, 0x49, 0x83, 0xC7, 0x07,
	0x4C, 0x03, 0xF8, 0x74, 0x1F, 0x48, 0x8B, 0x05, 0xDC, 0xC1, 0x00, 0x00,
	0x49, 0x8B, 0xCF, 0xFF, 0xD0, 0x84, 0xC0, 0x74, 0x0F, 0x4D, 0x3B, 0xFD,
	0x74, 0x0A, 0x49, 0x8B, 0xFF, 0x4C, 0x89, 0x7C, 0x24, 0x48, 0xEB, 0x2F,
	0xEB, 0x25, 0x33, 0xDB, 0x44, 0x8D, 0x73, 0x01, 0x8B, 0x84, 0x24, 0x08,
	0x04, 0x00, 0x00, 0x89, 0x84, 0x24, 0xF0, 0x03, 0x00, 0x00, 0x4C, 0x8B,
	0x6C, 0x24, 0x28, 0x48, 0x8B, 0x7C, 0x24, 0x48, 0x8B, 0xB4, 0x24, 0x00,
	0x04, 0x00, 0x00, 0x41, 0x03, 0xF6, 0xE9, 0x4E, 0xFF, 0xFF, 0xFF, 0x48,
	0x85, 0xFF, 0x74, 0x18, 0x48, 0x8B, 0x05, 0xA1, 0xC2, 0x00, 0x00, 0xFF,
	0xD0, 0x41, 0x8A, 0xD6, 0x48, 0x8B, 0xCF, 0x48, 0x8B, 0x05, 0x72, 0xC2,
	0x00, 0x00, 0xFF, 0xD0, 0x44, 0x8A, 0xFB, 0x33, 0xC0, 0xF0, 0x0F, 0xB1,
	0x1D, 0x1F, 0xC6, 0x00, 0x00, 0xBE, 0x02, 0x00, 0x00, 0x00, 0x3B, 0xC6,
	0x0F, 0x84, 0x81, 0x00, 0x00, 0x00, 0x33, 0xC0, 0xF0, 0x44, 0x0F, 0xB1,
	0x35, 0x07, 0xC6, 0x00, 0x00, 0x3B, 0xC6, 0x74, 0x72, 0x41, 0x3B, 0xC6,
	0x75, 0x10, 0x8B, 0xC6, 0xF0, 0x0F, 0xB1, 0x35, 0xF4, 0xC5, 0x00, 0x00,
	0x74, 0x61, 0xF3, 0x90, 0xEB, 0xF0, 0xC7, 0x84, 0x24, 0x90, 0x02, 0x00,
	0x00, 0x14, 0x01, 0x00, 0x00, 0x33, 0xD2, 0x41, 0xB8, 0x10, 0x01, 0x00,
	0x00, 0x48, 0x8D, 0x8C, 0x24, 0x94, 0x02, 0x00, 0x00, 0xE8, 0xEA, 0x83,
	0x00, 0x00, 0x48, 0x8B, 0x05, 0xF3, 0xC1, 0x00, 0x00, 0x48, 0x85, 0xC0,
	0x74, 0x1D, 0x48, 0x8D, 0x8C, 0x24, 0x90, 0x02, 0x00, 0x00, 0xFF, 0xD0,
	0x85, 0xC0, 0x78, 0x0F, 0x8B, 0x84, 0x24, 0x9C, 0x02, 0x00, 0x00, 0x89,
	0x05, 0xA3, 0xC5, 0x00, 0x00, 0xEB, 0x0A, 0xC7, 0x05, 0x97, 0xC5, 0x00,
	0x00, 0x65, 0x4A, 0x00, 0x00, 0xF0, 0x09, 0x1C, 0x24, 0x87, 0x35, 0x91,
	0xC5, 0x00, 0x00, 0x8B, 0x05, 0x87, 0xC5, 0x00, 0x00, 0x48, 0x8B, 0x8C,
	0x24, 0x88, 0x00, 0x00, 0x00, 0x0F, 0x57, 0xC0, 0x3D, 0xF4, 0x65, 0x00,
	0x00, 0x0F, 0x82, 0xFC, 0x00, 0x00, 0x00, 0x33, 0xC0, 0x0F, 0x11, 0x84,
	0x24, 0x90, 0x00, 0x00, 0x00, 0x0F, 0x11, 0x84, 0x24, 0xA0, 0x00, 0x00,
	0x00, 0x0F, 0x11, 0x84, 0x24, 0xB0, 0x00, 0x00, 0x00, 0x48, 0x89, 0x84,
	0x24, 0xC0, 0x00, 0x00, 0x00, 0x0F, 0x10, 0x41, 0x58, 0xF3, 0x0F, 0x7F,
	0x84, 0x24, 0xA0, 0x00, 0x00, 0x00, 0x8B, 0x84, 0x24, 0xF0, 0x03, 0x00,
	0x00, 0x89, 0x84, 0x24, 0xB0, 0x00, 0x00, 0x00, 0x89, 0x9C, 0x24, 0xB4,
	0x00, 0x00, 0x00, 0x48, 0x89, 0x9C, 0x24, 0xB8, 0x00, 0x00, 0x00, 0x48,
	0x8D, 0x94, 0x24, 0x90, 0x00, 0x00, 0x00, 0x49, 0x8B, 0xCD, 0x48, 0x8B,
	0x05, 0x6B, 0xC1, 0x00, 0x00, 0xFF, 0xD0, 0x48, 0x8B, 0xF0, 0x48, 0x85,
	0xC0, 0x0F, 0x84, 0x76, 0x01, 0x00, 0x00, 0x48, 0x8B, 0x15, 0x4E, 0xC0,
	0x00, 0x00, 0x48, 0x8B, 0xC8, 0xFF, 0xD2, 0x84, 0xC0, 0x0F, 0x84, 0x62,
	0x01, 0x00, 0x00, 0x48, 0x8B, 0x15, 0x3A, 0xC0, 0x00, 0x00, 0x48, 0x8B,
	0xCE, 0xFF, 0xD2, 0x84, 0xC0, 0x0F, 0x84, 0x4E, 0x01, 0x00, 0x00, 0x48,
	0x8B, 0x0E, 0x48, 0x85, 0xC9, 0x0F, 0x84, 0x42, 0x01, 0x00, 0x00, 0x48,
	0x8B, 0x05, 0x1A, 0xC0, 0x00, 0x00, 0xFF, 0xD0, 0x84, 0xC0, 0x0F, 0x84,
	0x31, 0x01, 0x00, 0x00, 0x48, 0x8B, 0x4E, 0x08, 0x48, 0x85, 0xC9, 0x0F,
	0x84, 0x24, 0x01, 0x00, 0x00, 0x48, 0x8B, 0x05, 0xFC, 0xBF, 0x00, 0x00,
	0xFF, 0xD0, 0x84, 0xC0, 0x0F, 0x84, 0x13, 0x01, 0x00, 0x00, 0x48, 0x8B,
	0x16, 0x48, 0x8B, 0x46, 0x08, 0x48, 0x39, 0x72, 0x08, 0x75, 0x19, 0x48,
	0x39, 0x30, 0x75, 0x14, 0x48, 0x89, 0x10, 0x48, 0x89, 0x42, 0x08, 0x48,
	0x8D, 0x94, 0x24, 0x90, 0x00, 0x00, 0x00, 0xE9, 0xD0, 0x00, 0x00, 0x00,
	0xB9, 0x03, 0x00, 0x00, 0x00, 0xCD, 0x29, 0x33, 0xC0, 0x0F, 0x11, 0x84,
	0x24, 0xC8, 0x00, 0x00, 0x00, 0x0F, 0x11, 0x84, 0x24, 0xD8, 0x00, 0x00,
	0x00, 0x0F, 0x11, 0x84, 0x24, 0xE8, 0x00, 0x00, 0x00, 0x48, 0x89, 0x84,
	0x24, 0xF8, 0x00, 0x00, 0x00, 0x0F, 0x10, 0x41, 0x58, 0xF3, 0x0F, 0x7F,
	0x84, 0x24, 0xD8, 0x00, 0x00, 0x00, 0x8B, 0x84, 0x24, 0xF0, 0x03, 0x00,
	0x00, 0x89, 0x84, 0x24, 0xE8, 0x00, 0x00, 0x00, 0x48, 0x8D, 0x94, 0x24,
	0xC8, 0x00, 0x00, 0x00, 0x49, 0x8B, 0xCD, 0x48, 0x8B, 0x05, 0x7E, 0xC0,
	0x00, 0x00, 0xFF, 0xD0, 0x48, 0x8B, 0xF0, 0x48, 0x85, 0xC0, 0x0F, 0x84,
	0x89, 0x00, 0x00, 0x00, 0x48, 0x8B, 0x15, 0x61, 0xBF, 0x00, 0x00, 0x48,
	0x8B, 0xC8, 0xFF, 0xD2, 0x84, 0xC0, 0x74, 0x79, 0x48, 0x8B, 0x15, 0x51,
	0xBF, 0x00, 0x00, 0x48, 0x8B, 0xCE, 0xFF, 0xD2, 0x84, 0xC0, 0x74, 0x69,
	0x48, 0x8B, 0x0E, 0x48, 0x85, 0xC9, 0x74, 0x61, 0x48, 0x8B, 0x05, 0x39,
	0xBF, 0x00, 0x00, 0xFF, 0xD0, 0x84, 0xC0, 0x74, 0x54, 0x48, 0x8B, 0x4E,
	0x08, 0x48, 0x85, 0xC9, 0x74, 0x4B, 0x48, 0x8B, 0x05, 0x23, 0xBF, 0x00,
	0x00, 0xFF, 0xD0, 0x84, 0xC0, 0x74, 0x3E, 0x48, 0x8B, 0x0E, 0x48, 0x8B,
	0x46, 0x08, 0x48, 0x39, 0x71, 0x08, 0x75, 0x2A, 0x48, 0x39, 0x30, 0x75,
	0x25, 0x48, 0x89, 0x08, 0x48, 0x89, 0x41, 0x08, 0x48, 0x8D, 0x94, 0x24,
	0xC8, 0x00, 0x00, 0x00, 0x49, 0x8B, 0xCD, 0x48, 0x8B, 0x05, 0x02, 0xC0,
	0x00, 0x00, 0xFF, 0xD0, 0x45, 0x8A, 0xFE, 0x44, 0x88, 0x74, 0x24, 0x20,
	0xEB, 0x07, 0xB9, 0x03, 0x00, 0x00, 0x00, 0xCD, 0x29, 0xEB, 0x0D, 0x45,
	0x32, 0xFF, 0x44, 0x88, 0x7C, 0x24, 0x20, 0x48, 0x8B, 0x7C, 0x24, 0x48,
	0x48, 0x85, 0xFF, 0x74, 0x15, 0x48, 0x8B, 0xCF, 0x48, 0x8B, 0x15, 0xC1,
	0xBF, 0x00, 0x00, 0xFF, 0xD2, 0x48, 0x8B, 0x0D, 0xD8, 0xBF, 0x00, 0x00,
	0xFF, 0xD1, 0x41, 0x8A, 0xC7, 0xEB, 0x02, 0x32, 0xC0, 0x48, 0x81, 0xC4,
	0xB0, 0x03, 0x00, 0x00, 0x41, 0x5F, 0x41, 0x5E, 0x41, 0x5D, 0x41, 0x5C,
	0x5F, 0x5E, 0x5B, 0xC3, 0x48, 0x8B, 0xC4, 0x53, 0x56, 0x57, 0x41, 0x54,
	0x41, 0x55, 0x41, 0x56, 0x41, 0x57, 0x48, 0x81, 0xEC, 0x00, 0x06, 0x00,
	0x00, 0x33, 0xF6, 0x89, 0x70, 0x10, 0x4C, 0x8D, 0x48, 0x10, 0x45, 0x33,
	0xC0, 0x33, 0xD2, 0x44, 0x8D, 0x66, 0x4C, 0x41, 0x8B, 0xCC, 0xE8, 0xA9,
	0x7D, 0x00, 0x00, 0x3D, 0x04, 0x00, 0x00, 0xC0, 0x0F, 0x85, 0x1B, 0x02,
	0x00, 0x00, 0x8B, 0x84, 0x24, 0x48, 0x06, 0x00, 0x00, 0x85, 0xC0, 0x0F,
	0x84, 0x0C, 0x02, 0x00, 0x00, 0x8D, 0x58, 0x14, 0x8B, 0xD3, 0x41, 0xB8,
	0x69, 0x62, 0x6D, 0x73, 0x44, 0x8D, 0x7E, 0x40, 0x41, 0x8B, 0xCF, 0xFF,
	0x15, 0x83, 0x98, 0x00, 0x00, 0x48, 0x8B, 0xF8, 0x44, 0x8D, 0x76, 0x01,
	0x48, 0x85, 0xC0, 0x0F, 0x84, 0xEE, 0x01, 0x00, 0x00, 0xC7, 0x00, 0x42,
	0x4D, 0x53, 0x52, 0x4C, 0x89, 0x70, 0x04, 0x8B, 0x84, 0x24, 0x48, 0x06,
	0x00, 0x00, 0x89, 0x47, 0x0C, 0x4C, 0x8D, 0x8C, 0x24, 0x48, 0x06, 0x00,
	0x00, 0x44, 0x8B, 0xC3, 0x48, 0x8B, 0xD7, 0x41, 0x8B, 0xCC, 0xE8, 0x3D,
	0x7D, 0x00, 0x00, 0x85, 0xC0, 0x0F, 0x88, 0xA3, 0x01, 0x00, 0x00, 0x4C,
	0x8D, 0x7F, 0x10, 0x8B, 0x5F, 0x0C, 0x83, 0xFB, 0x08, 0x76, 0x04, 0x4C,
	0x8D, 0x7F, 0x18, 0x8B, 0xD6, 0x40, 0x8A, 0xC6, 0x88, 0x84, 0x24, 0x40,
	0x06, 0x00, 0x00, 0x44, 0x8A, 0xDE, 0x41, 0xBD, 0x02, 0x00, 0x00, 0x00,
	0x4C, 0x8D, 0x25, 0x5D, 0xB7, 0xFF, 0xFF, 0x83, 0xFB, 0x04, 0x0F, 0x86,
	0x58, 0x01, 0x00, 0x00, 0x84, 0xC0, 0x74, 0x09, 0x45, 0x84, 0xDB, 0x0F,
	0x85, 0x4B, 0x01, 0x00, 0x00, 0x8B, 0xC2, 0x46, 0x8A, 0x14, 0x38, 0x8D,
	0x42, 0x01, 0x46, 0x0F, 0xB6, 0x0C, 0x38, 0x41, 0x80, 0xF9, 0x04, 0x0F,
	0x82, 0x33, 0x01, 0x00, 0x00, 0x46, 0x8D, 0x04, 0x0A, 0x44, 0x89, 0x84,
	0x24, 0x50, 0x06, 0x00, 0x00, 0x44, 0x3B, 0xC3, 0x0F, 0x87, 0x1E, 0x01,
	0x00, 0x00, 0x45, 0x3A, 0xD6, 0x75, 0x28, 0x41, 0x80, 0xF9, 0x19, 0x72,
	0x22, 0x40, 0x38, 0xB4, 0x24, 0x40, 0x06, 0x00, 0x00, 0x75, 0x18, 0x8D,
	0x42, 0x08, 0x42, 0x0F, 0x10, 0x04, 0x38, 0xF3, 0x0F, 0x7F, 0x05, 0x35,
	0xC4, 0x00, 0x00, 0x44, 0x88, 0xB4, 0x24, 0x40, 0x06, 0x00, 0x00, 0x45,
	0x3A, 0xD5, 0x0F, 0x85, 0xB3, 0x00, 0x00, 0x00, 0x45, 0x84, 0xDB, 0x0F,
	0x85, 0xAA, 0x00, 0x00, 0x00, 0x41, 0x80, 0xF9, 0x07, 0x76, 0x09, 0x8D,
	0x42, 0x07, 0x46, 0x8A, 0x14, 0x38, 0xEB, 0x03, 0x44, 0x8A, 0xD6, 0x45,
	0x84, 0xD2, 0x0F, 0x84, 0x8F, 0x00, 0x00, 0x00, 0x41, 0x8B, 0xC8, 0x45,
	0x8A, 0xCE, 0x44, 0x3B, 0xC3, 0x0F, 0x83, 0x80, 0x00, 0x00, 0x00, 0x45,
	0x3A, 0xCA, 0x74, 0x24, 0x3B, 0xCB, 0x73, 0x14, 0x8B, 0xD1, 0x49, 0x03,
	0xD7, 0x40, 0x38, 0x32, 0x74, 0x0A, 0x41, 0x03, 0xCE, 0x49, 0x03, 0xD6,
	0x3B, 0xCB, 0x72, 0xF1, 0x41, 0x03, 0xCE, 0x45, 0x02, 0xCE, 0x3B, 0xCB,
	0x72, 0xD9, 0xEB, 0x57, 0x48, 0x8B, 0xC6, 0x48, 0x89, 0x44, 0x24, 0x50,
	0x8B, 0xD1, 0x48, 0x3B, 0xD3, 0x73, 0x1E, 0x8B, 0xCA, 0x42, 0x38, 0x34,
	0x39, 0x74, 0x11, 0x48, 0x83, 0xF8, 0x3F, 0x73, 0x0B, 0x49, 0x03, 0xC6,
	0x49, 0x03, 0xCE, 0x48, 0x3B, 0xCB, 0x72, 0xE9, 0x48, 0x89, 0x44, 0x24,
	0x50, 0x49, 0x03, 0xD7, 0x4C, 0x8B, 0xC0, 0x48, 0x8D, 0x0D, 0x9E, 0xC3,
	0x00, 0x00, 0xE8, 0xC9, 0x7C, 0x00, 0x00, 0x48, 0x8B, 0x44, 0x24, 0x50,
	0x42, 0x88, 0xB4, 0x20, 0x50, 0x0D, 0x01, 0x00, 0x45, 0x8A, 0xDE, 0x44,
	0x8B, 0x84, 0x24, 0x50, 0x06, 0x00, 0x00, 0x41, 0x8D, 0x48, 0x01, 0xEB,
	0x15, 0x41, 0x8B, 0xC0, 0x42, 0x38, 0x34, 0x38, 0x75, 0x06, 0x42, 0x38,
	0x34, 0x39, 0x74, 0x0A, 0x45, 0x03, 0xC6, 0x41, 0x03, 0xCE, 0x3B, 0xCB,
	0x72, 0xE7, 0x41, 0x8D, 0x50, 0x02, 0x8D, 0x42, 0x04, 0x3B, 0xC3, 0x8A,
	0x84, 0x24, 0x40, 0x06, 0x00, 0x00, 0x0F, 0x82, 0xA8, 0xFE, 0xFF, 0xFF,
	0x41, 0xBF, 0x40, 0x00, 0x00, 0x00, 0xBA, 0x69, 0x62, 0x6D, 0x73, 0x48,
	0x8B, 0xCF, 0xFF, 0x15, 0xA8, 0x96, 0x00, 0x00, 0xEB, 0x26, 0x41, 0xBD,
	0x02, 0x00, 0x00, 0x00, 0x4C, 0x8D, 0x25, 0xD9, 0xB5, 0xFF, 0xFF, 0xEB,
	0xE1, 0x41, 0xBF, 0x40, 0x00, 0x00, 0x00, 0x45, 0x8D, 0x77, 0xC1, 0x4C,
	0x8D, 0x25, 0xC6, 0xB5, 0xFF, 0xFF, 0x41, 0xBD, 0x02, 0x00, 0x00, 0x00,
	0x48, 0x8D, 0x15, 0xA9, 0x84, 0x00, 0x00, 0x48, 0x8D, 0x4C, 0x24, 0x50,
	0xFF, 0x15, 0x8E, 0x96, 0x00, 0x00, 0x48, 0x89, 0xB4, 0x24, 0x40, 0x06,
	0x00, 0x00, 0x48, 0x89, 0xB4, 0x24, 0x48, 0x06, 0x00, 0x00, 0x4C, 0x8D,
	0x8C, 0x24, 0x48, 0x06, 0x00, 0x00, 0x4C, 0x8D, 0x84, 0x24, 0x40, 0x06,
	0x00, 0x00, 0x41, 0x8B, 0xD6, 0x48, 0x8D, 0x4C, 0x24, 0x50, 0xFF, 0x15,
	0x88, 0x96, 0x00, 0x00, 0x85, 0xC0, 0x0F, 0x88, 0x4E, 0x01, 0x00, 0x00,
	0xBA, 0x28, 0x01, 0x00, 0x00, 0x41, 0xB8, 0x53, 0x6B, 0x73, 0x64, 0x49,
	0x8B, 0xCF, 0xFF, 0x15, 0x1C, 0x96, 0x00, 0x00, 0x48, 0x8B, 0xF8, 0x48,
	0x85, 0xC0, 0x0F, 0x84, 0x20, 0x01, 0x00, 0x00, 0xBA, 0x0C, 0x00, 0x00,
	0x00, 0x41, 0xB8, 0x51, 0x6B, 0x73, 0x64, 0x49, 0x8B, 0xCF, 0xFF, 0x15,
	0xFC, 0x95, 0x00, 0x00, 0x48, 0x8B, 0xD8, 0x48, 0x89, 0x84, 0x24, 0x50,
	0x06, 0x00, 0x00, 0x48, 0x85, 0xC0, 0x0F, 0x84, 0xEA, 0x00, 0x00, 0x00,
	0x48, 0x89, 0x30, 0x45, 0x33, 0xC0, 0x33, 0xD2, 0x48, 0x8D, 0x4C, 0x24,
	0x70, 0xFF, 0x15, 0x95, 0x95, 0x00, 0x00, 0x0F, 0x57, 0xC0, 0x0F, 0x11,
	0x44, 0x24, 0x60, 0x48, 0x8D, 0x44, 0x24, 0x60, 0x48, 0x89, 0x44, 0x24,
	0x40, 0x48, 0x8D, 0x44, 0x24, 0x70, 0x48, 0x89, 0x44, 0x24, 0x38, 0x40,
	0x88, 0x74, 0x24, 0x30, 0xC7, 0x44, 0x24, 0x28, 0x28, 0x01, 0x00, 0x00,
	0x48, 0x89, 0x7C, 0x24, 0x20, 0x41, 0xB9, 0x0C, 0x00, 0x00, 0x00, 0x4C,
	0x8B, 0xC3, 0x48, 0x8B, 0x94, 0x24, 0x48, 0x06, 0x00, 0x00, 0xB9, 0x00,
	0x14, 0x2D, 0x00, 0xFF, 0x15, 0x83, 0x96, 0x00, 0x00, 0x48, 0x85, 0xC0,
	0x74, 0x7A, 0x48, 0x8B, 0xD0, 0x48, 0x8B, 0x8C, 0x24, 0x48, 0x06, 0x00,
	0x00, 0xFF, 0x15, 0xA5, 0x95, 0x00, 0x00, 0x3D, 0x03, 0x01, 0x00, 0x00,
	0x75, 0x1C, 0x48, 0x89, 0x74, 0x24, 0x20, 0x45, 0x33, 0xC9, 0x45, 0x33,
	0xC0, 0x33, 0xD2, 0x48, 0x8D, 0x4C, 0x24, 0x70, 0xFF, 0x15, 0x36, 0x95,
	0x00, 0x00, 0x8B, 0x44, 0x24, 0x60, 0x85, 0xC0, 0x78, 0x42, 0x8B, 0x4F,
	0x18, 0x8D, 0x41, 0xFF, 0x3D, 0x26, 0x01, 0x00, 0x00, 0x77, 0x35, 0x48,
	0x8D, 0x14, 0x0F, 0x48, 0x8B, 0xDE, 0x40, 0x38, 0x34, 0x1A, 0x74, 0x09,
	0x49, 0x03, 0xDE, 0x48, 0x83, 0xFB, 0x3F, 0x72, 0xF1, 0x4C, 0x8B, 0xC3,
	0x48, 0x8D, 0x0D, 0xF9, 0xC1, 0x00, 0x00, 0xE8, 0xE4, 0x7A, 0x00, 0x00,
	0x42, 0x88, 0xB4, 0x23, 0x90, 0x0D, 0x01, 0x00, 0x48, 0x8B, 0x9C, 0x24,
	0x50, 0x06, 0x00, 0x00, 0xBA, 0x51, 0x6B, 0x73, 0x64, 0x48, 0x8B, 0xCB,
	0xFF, 0x15, 0x06, 0x95, 0x00, 0x00, 0xBA, 0x53, 0x6B, 0x73, 0x64, 0x48,
	0x8B, 0xCF, 0xFF, 0x15, 0xF8, 0x94, 0x00, 0x00, 0x48, 0x8B, 0x8C, 0x24,
	0x40, 0x06, 0x00, 0x00, 0xFF, 0x15, 0x42, 0x95, 0x00, 0x00, 0x48, 0x8D,
	0x15, 0x43, 0x83, 0x00, 0x00, 0x48, 0x8D, 0x8C, 0x24, 0x88, 0x00, 0x00,
	0x00, 0xFF, 0x15, 0xF5, 0x94, 0x00, 0x00, 0xC7, 0x84, 0x24, 0xB8, 0x00,
	0x00, 0x00, 0x30, 0x00, 0x00, 0x00, 0x48, 0x89, 0xB4, 0x24, 0xC0, 0x00,
	0x00, 0x00, 0xC7, 0x84, 0x24, 0xD0, 0x00, 0x00, 0x00, 0x40, 0x02, 0x00,
	0x00, 0x48, 0x8D, 0x84, 0x24, 0x88, 0x00, 0x00, 0x00, 0x48, 0x89, 0x84,
	0x24, 0xC8, 0x00, 0x00, 0x00, 0x0F, 0x57, 0xC0, 0xF3, 0x0F, 0x7F, 0x84,
	0x24, 0xD8, 0x00, 0x00, 0x00, 0x48, 0x89, 0xB4, 0x24, 0x48, 0x06, 0x00,
	0x00, 0x4C, 0x8D, 0x84, 0x24, 0xB8, 0x00, 0x00, 0x00, 0xBA, 0x19, 0x00,
	0x02, 0x00, 0x48, 0x8D, 0x8C, 0x24, 0x48, 0x06, 0x00, 0x00, 0xFF, 0x15,
	0xE8, 0x94, 0x00, 0x00, 0x85, 0xC0, 0x0F, 0x88, 0xD2, 0x00, 0x00, 0x00,
	0x48, 0x8D, 0x15, 0x39, 0x83, 0x00, 0x00, 0x48, 0x8D, 0x4C, 0x24, 0x70,
	0xFF, 0x15, 0x7E, 0x94, 0x00, 0x00, 0xBF, 0x90, 0x00, 0x00, 0x00, 0x41,
	0xB8, 0x64, 0x69, 0x67, 0x6D, 0x8B, 0xD7, 0x49, 0x8B, 0xCF, 0xFF, 0x15,
	0x40, 0x94, 0x00, 0x00, 0x48, 0x8B, 0xD8, 0x48, 0x8B, 0x8C, 0x24, 0x48,
	0x06, 0x00, 0x00, 0x48, 0x85, 0xC0, 0x0F, 0x84, 0x90, 0x00, 0x00, 0x00,
	0x89, 0xB4, 0x24, 0x40, 0x06, 0x00, 0x00, 0x48, 0x8D, 0x84, 0x24, 0x40,
	0x06, 0x00, 0x00, 0x48, 0x89, 0x44, 0x24, 0x28, 0x89, 0x7C, 0x24, 0x20,
	0x4C, 0x8B, 0xCB, 0x45, 0x8B, 0xC5, 0x48, 0x8D, 0x54, 0x24, 0x70, 0xFF,
	0x15, 0x8B, 0x94, 0x00, 0x00, 0x85, 0xC0, 0x78, 0x4D, 0x44, 0x39, 0x73,
	0x04, 0x75, 0x47, 0x39, 0x73, 0x08, 0x76, 0x42, 0x48, 0x8D, 0x43, 0x0C,
	0x48, 0x89, 0x44, 0x24, 0x58, 0x0F, 0xB7, 0x43, 0x08, 0x66, 0x41, 0x2B,
	0xC5, 0x66, 0x89, 0x44, 0x24, 0x50, 0x66, 0x89, 0x44, 0x24, 0x52, 0x48,
	0x8D, 0x05, 0xEA, 0xC0, 0x00, 0x00, 0x48, 0x89, 0x44, 0x24, 0x68, 0xC7,
	0x44, 0x24, 0x60, 0x00, 0x00, 0x40, 0x00, 0x45, 0x33, 0xC0, 0x48, 0x8D,
	0x54, 0x24, 0x50, 0x48, 0x8D, 0x4C, 0x24, 0x60, 0xFF, 0x15, 0xA2, 0x94,
	0x00, 0x00, 0xBA, 0x64, 0x69, 0x67, 0x6D, 0x48, 0x8B, 0xCB, 0xFF, 0x15,
	0xAC, 0x93, 0x00, 0x00, 0x48, 0x8B, 0x8C, 0x24, 0x48, 0x06, 0x00, 0x00,
	0xFF, 0x15, 0x06, 0x94, 0x00, 0x00, 0x48, 0x8D, 0x15, 0x87, 0x82, 0x00,
	0x00, 0x48, 0x8D, 0x4C, 0x24, 0x70, 0xFF, 0x15, 0xAC, 0x93, 0x00, 0x00,
	0x48, 0x89, 0xB4, 0x24, 0x40, 0x06, 0x00, 0x00, 0x48, 0x89, 0xB4, 0x24,
	0x48, 0x06, 0x00, 0x00, 0x4C, 0x8D, 0x8C, 0x24, 0x48, 0x06, 0x00, 0x00,
	0x4C, 0x8D, 0x84, 0x24, 0x40, 0x06, 0x00, 0x00, 0xBA, 0x80, 0x00, 0x00,
	0x00, 0x48, 0x8D, 0x4C, 0x24, 0x70, 0xFF, 0x15, 0xA4, 0x93, 0x00, 0x00,
	0x85, 0xC0, 0x0F, 0x88, 0xF4, 0x00, 0x00, 0x00, 0xBF, 0x53, 0x6C, 0x6F,
	0x76, 0x44, 0x8B, 0xC7, 0xBA, 0x98, 0x00, 0x00, 0x00, 0x49, 0x8B, 0xCF,
	0xFF, 0x15, 0x36, 0x93, 0x00, 0x00, 0x48, 0x8B, 0xD8, 0x48, 0x85, 0xC0,
	0x0F, 0x84, 0xC4, 0x00, 0x00, 0x00, 0x45, 0x33, 0xC0, 0x33, 0xD2, 0x48,
	0x8D, 0x8C, 0x24, 0x88, 0x00, 0x00, 0x00, 0xFF, 0x15, 0xD7, 0x92, 0x00,
	0x00, 0x0F, 0x57, 0xC0, 0x0F, 0x11, 0x44, 0x24, 0x60, 0x48, 0x8D, 0x44,
	0x24, 0x60, 0x48, 0x89, 0x44, 0x24, 0x40, 0x48, 0x8D, 0x84, 0x24, 0x88,
	0x00, 0x00, 0x00, 0x48, 0x89, 0x44, 0x24, 0x38, 0x40, 0x88, 0x74, 0x24,
	0x30, 0xC7, 0x44, 0x24, 0x28, 0x98, 0x00, 0x00, 0x00, 0x48, 0x89, 0x5C,
	0x24, 0x20, 0x45, 0x33, 0xC9, 0x45, 0x33, 0xC0, 0x48, 0x8B, 0x94, 0x24,
	0x48, 0x06, 0x00, 0x00, 0x33, 0xC9, 0xFF, 0x15, 0xC8, 0x93, 0x00, 0x00,
	0x48, 0x8B, 0xD0, 0x48, 0x85, 0xC0, 0x74, 0x57, 0x48, 0x8B, 0x80, 0xB8,
	0x00, 0x00, 0x00, 0xC6, 0x40, 0xB8, 0x0A, 0x44, 0x89, 0x70, 0xC8, 0xC7,
	0x40, 0xC0, 0x98, 0x00, 0x00, 0x00, 0x48, 0x8B, 0x8C, 0x24, 0x48, 0x06,
	0x00, 0x00, 0xFF, 0x15, 0xD4, 0x92, 0x00, 0x00, 0x3D, 0x03, 0x01, 0x00,
	0x00, 0x75, 0x1F, 0x48, 0x89, 0x74, 0x24, 0x20, 0x45, 0x33, 0xC9, 0x45,
	0x33, 0xC0, 0x33, 0xD2, 0x48, 0x8D, 0x8C, 0x24, 0x88, 0x00, 0x00, 0x00,
	0xFF, 0x15, 0x62, 0x92, 0x00, 0x00, 0x8B, 0x44, 0x24, 0x60, 0x85, 0xC0,
	0x78, 0x09, 0x8B, 0x43, 0x08, 0x89, 0x05, 0xD9, 0xBF, 0x00, 0x00, 0x8B,
	0xD7, 0x48, 0x8B, 0xCB, 0xFF, 0x15, 0x6E, 0x92, 0x00, 0x00, 0x48, 0x8B,
	0x8C, 0x24, 0x40, 0x06, 0x00, 0x00, 0xFF, 0x15, 0xB8, 0x92, 0x00, 0x00,
	0x0F, 0x57, 0xC0, 0x0F, 0x11, 0x44, 0x24, 0x50, 0x33, 0xC0, 0x33, 0xC9,
	0x0F, 0xA2, 0x48, 0x63, 0xF9, 0x48, 0xC1, 0xE7, 0x20, 0x48, 0x63, 0xC3,
	0x48, 0x0B, 0xF8, 0x41, 0x8B, 0xC6, 0x33, 0xC9, 0x0F, 0xA2, 0x4C, 0x63,
	0xC2, 0x49, 0xC1, 0xE0, 0x20, 0x48, 0x63, 0xC8, 0x4C, 0x0B, 0xC1, 0x4C,
	0x33, 0xC7, 0xB8, 0x07, 0x00, 0x00, 0x00, 0x33, 0xC9, 0x0F, 0xA2, 0x89,
	0x44, 0x24, 0x50, 0x48, 0x63, 0xF9, 0x48, 0xC1, 0xE7, 0x10, 0x48, 0x63,
	0xC3, 0x48, 0x33, 0xF8, 0x49, 0x33, 0xF8, 0xB8, 0x08, 0x00, 0x00, 0x80,
	0x33, 0xC9, 0x0F, 0xA2, 0x89, 0x5C, 0x24, 0x54, 0x89, 0x4C, 0x24, 0x58,
	0x89, 0x54, 0x24, 0x5C, 0x48, 0x98, 0x48, 0x33, 0xC7, 0x48, 0x89, 0x05,
	0x48, 0xBF, 0x00, 0x00, 0x48, 0x8D, 0x15, 0xF9, 0x81, 0x00, 0x00, 0x48,
	0x8D, 0x8C, 0x24, 0xE8, 0x00, 0x00, 0x00, 0xFF, 0x15, 0xFB, 0x91, 0x00,
	0x00, 0xBF, 0x30, 0x00, 0x00, 0x00, 0x89, 0xBC, 0x24, 0xF8, 0x00, 0x00,
	0x00, 0x48, 0x89, 0xB4, 0x24, 0x00, 0x01, 0x00, 0x00, 0xC7, 0x84, 0x24,
	0x10, 0x01, 0x00, 0x00, 0x40, 0x02, 0x00, 0x00, 0x48, 0x8D, 0x84, 0x24,
	0xE8, 0x00, 0x00, 0x00, 0x48, 0x89, 0x84, 0x24, 0x08, 0x01, 0x00, 0x00,
	0x0F, 0x57, 0xC0, 0xF3, 0x0F, 0x7F, 0x84, 0x24, 0x18, 0x01, 0x00, 0x00,
	0x48, 0x89, 0xB4, 0x24, 0x58, 0x06, 0x00, 0x00, 0x4C, 0x8D, 0x84, 0x24,
	0xF8, 0x00, 0x00, 0x00, 0xBA, 0x19, 0x00, 0x02, 0x00, 0x48, 0x8D, 0x8C,
	0x24, 0x58, 0x06, 0x00, 0x00, 0xFF, 0x15, 0xED, 0x91, 0x00, 0x00, 0x85,
	0xC0, 0x0F, 0x88, 0xAB, 0x03, 0x00, 0x00, 0x33, 0xD2, 0x41, 0xB8, 0x00,
	0x01, 0x00, 0x00, 0x48, 0x8D, 0x8C, 0x24, 0x00, 0x02, 0x00, 0x00, 0xE8,
	0xE0, 0x79, 0x00, 0x00, 0x44, 0x8B, 0xFE, 0x89, 0xB4, 0x24, 0x40, 0x06,
	0x00, 0x00, 0x33, 0xD2, 0xE9, 0x90, 0x02, 0x00, 0x00, 0x48, 0x8D, 0x84,
	0x24, 0x10, 0x02, 0x00, 0x00, 0x48, 0x89, 0x44, 0x24, 0x68, 0x48, 0x8B,
	0x84, 0x24, 0x0C, 0x02, 0x00, 0x00, 0x66, 0x89, 0x44, 0x24, 0x60, 0x66,
	0x89, 0x44, 0x24, 0x62, 0x89, 0xBC, 0x24, 0xB8, 0x00, 0x00, 0x00, 0x48,
	0x8B, 0x84, 0x24, 0x58, 0x06, 0x00, 0x00, 0x48, 0x89, 0x84, 0x24, 0xC0,
	0x00, 0x00, 0x00, 0xC7, 0x84, 0x24, 0xD0, 0x00, 0x00, 0x00, 0x40, 0x02,
	0x00, 0x00, 0x48, 0x8D, 0x44, 0x24, 0x60, 0x48, 0x89, 0x84, 0x24, 0xC8,
	0x00, 0x00, 0x00, 0x0F, 0x57, 0xC0, 0xF3, 0x0F, 0x7F, 0x84, 0x24, 0xD8,
	0x00, 0x00, 0x00, 0x48, 0x89, 0xB4, 0x24, 0x50, 0x06, 0x00, 0x00, 0x4C,
	0x8D, 0x84, 0x24, 0xB8, 0x00, 0x00, 0x00, 0xBA, 0x19, 0x00, 0x02, 0x00,
	0x48, 0x8D, 0x8C, 0x24, 0x50, 0x06, 0x00, 0x00, 0xFF, 0x15, 0x42, 0x91,
	0x00, 0x00, 0x85, 0xC0, 0x0F, 0x88, 0x05, 0x02, 0x00, 0x00, 0x48, 0x8D,
	0x15, 0x73, 0x81, 0x00, 0x00, 0x48, 0x8D, 0x4C, 0x24, 0x70, 0xFF, 0x15,
	0xD8, 0x90, 0x00, 0x00, 0x33, 0xD2, 0x41, 0xB8, 0x00, 0x01, 0x00, 0x00,
	0x48, 0x8D, 0x8C, 0x24, 0x00, 0x03, 0x00, 0x00, 0xE8, 0x23, 0x79, 0x00,
	0x00, 0x48, 0x8D, 0x84, 0x24, 0x40, 0x06, 0x00, 0x00, 0x48, 0x89, 0x44,
	0x24, 0x28, 0xC7, 0x44, 0x24, 0x20, 0x00, 0x01, 0x00, 0x00, 0x4C, 0x8D,
	0x8C, 0x24, 0x00, 0x03, 0x00, 0x00, 0x45, 0x8B, 0xC5, 0x48, 0x8D, 0x54,
	0x24, 0x70, 0x48, 0x8B, 0x8C, 0x24, 0x50, 0x06, 0x00, 0x00, 0xFF, 0x15,
	0xF0, 0x90, 0x00, 0x00, 0x85, 0xC0, 0x0F, 0x88, 0x95, 0x01, 0x00, 0x00,
	0x44, 0x39, 0xB4, 0x24, 0x04, 0x03, 0x00, 0x00, 0x0F, 0x85, 0x87, 0x01,
	0x00, 0x00, 0x44, 0x39, 0xAC, 0x24, 0x08, 0x03, 0x00, 0x00, 0x0F, 0x86,
	0x79, 0x01, 0x00, 0x00, 0x33, 0xD2, 0x41, 0xB8, 0x00, 0x02, 0x00, 0x00,
	0x48, 0x8D, 0x8C, 0x24, 0x00, 0x04, 0x00, 0x00, 0xE8, 0xB7, 0x78, 0x00,
	0x00, 0x48, 0x8B, 0xD6, 0x48, 0x8B, 0xC6, 0xB9, 0x5C, 0x00, 0x00, 0x00,
	0x48, 0x8B, 0xDE, 0x66, 0x89, 0x8C, 0x04, 0x00, 0x04, 0x00, 0x00, 0x48,
	0x8D, 0x43, 0x02, 0x49, 0x03, 0xD6, 0x42, 0x0F, 0xB7, 0x8C, 0x20, 0x90,
	0xD1, 0x00, 0x00, 0x48, 0x8B, 0xD8, 0x66, 0x85, 0xC9, 0x75, 0xE0, 0x48,
	0x8B, 0xBC, 0x24, 0x0C, 0x02, 0x00, 0x00, 0xD1, 0xEF, 0x0F, 0xB7, 0xDE,
	0x66, 0x3B, 0xF7, 0x73, 0x28, 0x48, 0x81, 0xFA, 0xFE, 0x00, 0x00, 0x00,
	0x7D, 0x1F, 0x0F, 0xB7, 0xC3, 0x0F, 0xB7, 0x8C, 0x44, 0x10, 0x02, 0x00,
	0x00, 0x66, 0x89, 0x8C, 0x54, 0x00, 0x04, 0x00, 0x00, 0x49, 0x03, 0xD6,
	0x66, 0x41, 0x03, 0xDE, 0x66, 0x3B, 0xDF, 0x72, 0xD8, 0x66, 0x89, 0xB4,
	0x54, 0x00, 0x04, 0x00, 0x00, 0x48, 0x8D, 0x94, 0x24, 0x00, 0x04, 0x00,
	0x00, 0x48, 0x8D, 0x8C, 0x24, 0x88, 0x00, 0x00, 0x00, 0xFF, 0x15, 0xD1,
	0x8F, 0x00, 0x00, 0xBF, 0x30, 0x00, 0x00, 0x00, 0x89, 0xBC, 0x24, 0x28,
	0x01, 0x00, 0x00, 0x48, 0x89, 0xB4, 0x24, 0x30, 0x01, 0x00, 0x00, 0xC7,
	0x84, 0x24, 0x40, 0x01, 0x00, 0x00, 0x40, 0x02, 0x00, 0x00, 0x48, 0x8D,
	0x84, 0x24, 0x88, 0x00, 0x00, 0x00, 0x48, 0x89, 0x84, 0x24, 0x38, 0x01,
	0x00, 0x00, 0x0F, 0x57, 0xC0, 0xF3, 0x0F, 0x7F, 0x84, 0x24, 0x48, 0x01,
	0x00, 0x00, 0x48, 0x89, 0xB4, 0x24, 0x48, 0x06, 0x00, 0x00, 0x4C, 0x8D,
	0x84, 0x24, 0x28, 0x01, 0x00, 0x00, 0xBA, 0x19, 0x00, 0x02, 0x00, 0x48,
	0x8D, 0x8C, 0x24, 0x48, 0x06, 0x00, 0x00, 0xFF, 0x15, 0xC3, 0x8F, 0x00,
	0x00, 0x85, 0xC0, 0x78, 0x7C, 0x48, 0x8D, 0x15, 0xE8, 0x80, 0x00, 0x00,
	0x48, 0x8D, 0x4C, 0x24, 0x50, 0xFF, 0x15, 0x5D, 0x8F, 0x00, 0x00, 0x8D,
	0x5F, 0x50, 0x44, 0x8B, 0xC3, 0x33, 0xD2, 0x48, 0x8D, 0x8C, 0x24, 0x80,
	0x01, 0x00, 0x00, 0xE8, 0xA8, 0x77, 0x00, 0x00, 0x48, 0x8D, 0x84, 0x24,
	0x40, 0x06, 0x00, 0x00, 0x48, 0x89, 0x44, 0x24, 0x28, 0x89, 0x5C, 0x24,
	0x20, 0x4C, 0x8D, 0x8C, 0x24, 0x80, 0x01, 0x00, 0x00, 0x45, 0x8B, 0xC5,
	0x48, 0x8D, 0x54, 0x24, 0x50, 0x48, 0x8B, 0x8C, 0x24, 0x48, 0x06, 0x00,
	0x00, 0xFF, 0x15, 0x79, 0x8F, 0x00, 0x00, 0x85, 0xC0, 0x78, 0x14, 0x44,
	0x39, 0xB4, 0x24, 0x84, 0x01, 0x00, 0x00, 0x75, 0x0A, 0x83, 0xBC, 0x24,
	0x88, 0x01, 0x00, 0x00, 0x18, 0x73, 0x5D, 0x48, 0x8B, 0x8C, 0x24, 0x48,
	0x06, 0x00, 0x00, 0xFF, 0x15, 0x3B, 0x8F, 0x00, 0x00, 0x48, 0x8B, 0x8C,
	0x24, 0x50, 0x06, 0x00, 0x00, 0xFF, 0x15, 0x2D, 0x8F, 0x00, 0x00, 0x45,
	0x03, 0xFE, 0x41, 0x8B, 0xD7, 0x48, 0x8D, 0x84, 0x24, 0x40, 0x06, 0x00,
	0x00, 0x48, 0x89, 0x44, 0x24, 0x28, 0xC7, 0x44, 0x24, 0x20, 0x00, 0x01,
	0x00, 0x00, 0x4C, 0x8D, 0x8C, 0x24, 0x00, 0x02, 0x00, 0x00, 0x45, 0x33,
	0xC0, 0x48, 0x8B, 0x8C, 0x24, 0x58, 0x06, 0x00, 0x00, 0xFF, 0x15, 0x09,
	0x8F, 0x00, 0x00, 0x85, 0xC0, 0x0F, 0x89, 0x3A, 0xFD, 0xFF, 0xFF, 0xE9,
	0xAC, 0x00, 0x00, 0x00, 0x48, 0x8B, 0xDE, 0x66, 0x41, 0xB8, 0x05, 0x00,
	0x0F, 0xB7, 0x8C, 0x9C, 0x8C, 0x01, 0x00, 0x00, 0x66, 0x3B, 0xCF, 0x72,
	0x0B, 0x66, 0x83, 0xF9, 0x39, 0x77, 0x05, 0x40, 0x2A, 0xCF, 0xEB, 0x1F,
	0x8D, 0x41, 0xBF, 0x66, 0x41, 0x3B, 0xC0, 0x77, 0x05, 0x80, 0xE9, 0x37,
	0xEB, 0x11, 0x8D, 0x41, 0x9F, 0x66, 0x41, 0x3B, 0xC0, 0x77, 0x05, 0x80,
	0xE9, 0x57, 0xEB, 0x03, 0x40, 0x8A, 0xCE, 0x0F, 0xB7, 0x94, 0x9C, 0x8E,
	0x01, 0x00, 0x00, 0x66, 0x3B, 0xD7, 0x72, 0x0B, 0x66, 0x83, 0xFA, 0x39,
	0x77, 0x05, 0x40, 0x2A, 0xD7, 0xEB, 0x1F, 0x8D, 0x42, 0xBF, 0x66, 0x41,
	0x3B, 0xC0, 0x77, 0x05, 0x80, 0xEA, 0x37, 0xEB, 0x11, 0x8D, 0x42, 0x9F,
	0x66, 0x41, 0x3B, 0xC0, 0x77, 0x05, 0x80, 0xEA, 0x57, 0xEB, 0x03, 0x40,
	0x8A, 0xD6, 0xC0, 0xE1, 0x04, 0x0A, 0xCA, 0x42, 0x88, 0x8C, 0x23, 0x10,
	0x0E, 0x01, 0x00, 0x49, 0x03, 0xDE, 0x48, 0x83, 0xFB, 0x06, 0x0F, 0x8C,
	0x78, 0xFF, 0xFF, 0xFF, 0x48, 0x8B, 0x8C, 0x24, 0x48, 0x06, 0x00, 0x00,
	0xFF, 0x15, 0x4E, 0x8E, 0x00, 0x00, 0x48, 0x8B, 0x8C, 0x24, 0x50, 0x06,
	0x00, 0x00, 0xFF, 0x15, 0x40, 0x8E, 0x00, 0x00, 0x48, 0x8B, 0x8C, 0x24,
	0x58, 0x06, 0x00, 0x00, 0xFF, 0x15, 0x32, 0x8E, 0x00, 0x00, 0x33, 0xC9,
	0xFF, 0x15, 0x02, 0x8D, 0x00, 0x00, 0x48, 0x89, 0xB4, 0x24, 0xA8, 0x00,
	0x00, 0x00, 0x48, 0x89, 0xB4, 0x24, 0xB0, 0x00, 0x00, 0x00, 0x48, 0x89,
	0x84, 0x24, 0xA0, 0x00, 0x00, 0x00, 0x48, 0xB8, 0x14, 0x00, 0x00, 0x00,
	0x80, 0xF7, 0xFF, 0xFF, 0x48, 0x8B, 0x00, 0x48, 0x89, 0x84, 0x24, 0xA8,
	0x00, 0x00, 0x00, 0xEB, 0x0D, 0x33, 0xF6, 0x44, 0x8D, 0x76, 0x01, 0x4C,
	0x8D, 0x25, 0xC6, 0xAC, 0xFF, 0xFF, 0x4C, 0x8D, 0x3D, 0x37, 0xBB, 0x00,
	0x00, 0x49, 0x8B, 0xCF, 0xFF, 0x15, 0x5E, 0x8D, 0x00, 0x00, 0x44, 0x8A,
	0xC0, 0x80, 0x3D, 0xAC, 0xBB, 0x00, 0x00, 0x00, 0x0F, 0x85, 0xC7, 0x00,
	0x00, 0x00, 0x8A, 0xD0, 0x49, 0x8B, 0xCF, 0xFF, 0x15, 0x4B, 0x8D, 0x00,
	0x00, 0x48, 0x89, 0xB4, 0x24, 0x48, 0x06, 0x00, 0x00, 0x45, 0x33, 0xC9,
	0x45, 0x33, 0xC0, 0x48, 0x8D, 0x15, 0x56, 0x7C, 0x00, 0x00, 0x48, 0x8D,
	0x8C, 0x24, 0x48, 0x06, 0x00, 0x00, 0xE8, 0xE3, 0x71, 0x00, 0x00, 0x85,
	0xC0, 0x0F, 0x88, 0xAB, 0x01, 0x00, 0x00, 0x48, 0x89, 0xB4, 0x24, 0x40,
	0x06, 0x00, 0x00, 0x89, 0x74, 0x24, 0x30, 0x89, 0x74, 0x24, 0x28, 0x48,
	0x89, 0x74, 0x24, 0x20, 0x45, 0x33, 0xC9, 0x45, 0x33, 0xC0, 0x48, 0x8D,
	0x94, 0x24, 0x40, 0x06, 0x00, 0x00, 0x48, 0x8B, 0x8C, 0x24, 0x48, 0x06,
	0x00, 0x00, 0xE8, 0xB7, 0x71, 0x00, 0x00, 0x85, 0xC0, 0x79, 0x14, 0x33,
	0xD2, 0x48, 0x8B, 0x8C, 0x24, 0x48, 0x06, 0x00, 0x00, 0xE8, 0x9E, 0x71,
	0x00, 0x00, 0xE9, 0x63, 0x01, 0x00, 0x00, 0x45, 0x33, 0xC9, 0x45, 0x8D,
	0x41, 0x18, 0x48, 0x8D, 0x94, 0x24, 0xA0, 0x00, 0x00, 0x00, 0x48, 0x8B,
	0x8C, 0x24, 0x40, 0x06, 0x00, 0x00, 0xE8, 0x89, 0x71, 0x00, 0x00, 0x85,
	0xC0, 0x78, 0x1B, 0x45, 0x33, 0xC9, 0x45, 0x8D, 0x41, 0x20, 0x48, 0x8D,
	0x15, 0x2B, 0xBC, 0x00, 0x00, 0x48, 0x8B, 0x8C, 0x24, 0x40, 0x06, 0x00,
	0x00, 0xE8, 0x70, 0x71, 0x00, 0x00, 0x48, 0x8B, 0x8C, 0x24, 0x40, 0x06,
	0x00, 0x00, 0xE8, 0x69, 0x71, 0x00, 0x00, 0xEB, 0xA2, 0x48, 0x8D, 0x05,
	0x30, 0xBA, 0x00, 0x00, 0x48, 0x8B, 0x3D, 0x21, 0xBA, 0x00, 0x00, 0x48,
	0x2B, 0xF8, 0x48, 0x8B, 0xD6, 0xBB, 0x20, 0x00, 0x00, 0x00, 0x44, 0x8B,
	0xD3, 0x48, 0x8D, 0x0C, 0x3A, 0x42, 0x8A, 0x8C, 0x21, 0x58, 0x0E, 0x01,
	0x00, 0x42, 0x32, 0x8C, 0x22, 0x58, 0x0E, 0x01, 0x00, 0x88, 0x8C, 0x14,
	0x58, 0x01, 0x00, 0x00, 0x49, 0x03, 0xD6, 0x4D, 0x2B, 0xD6, 0x75, 0xDD,
	0x41, 0x8A, 0xD0, 0x49, 0x8B, 0xCF, 0xFF, 0x15, 0x44, 0x8C, 0x00, 0x00,
	0x48, 0x89, 0xB4, 0x24, 0x48, 0x06, 0x00, 0x00, 0x41, 0xB9, 0x08, 0x00,
	0x00, 0x00, 0x45, 0x33, 0xC0, 0x48, 0x8D, 0x15, 0x4C, 0x7B, 0x00, 0x00,
	0x48, 0x8D, 0x8C, 0x24, 0x48, 0x06, 0x00, 0x00, 0xE8, 0xD9, 0x70, 0x00,
	0x00, 0x85, 0xC0, 0x0F, 0x88, 0x92, 0x00, 0x00, 0x00, 0x48, 0x89, 0xB4,
	0x24, 0x40, 0x06, 0x00, 0x00, 0x89, 0x74, 0x24, 0x30, 0x89, 0x5C, 0x24,
	0x28, 0x48, 0x8D, 0x84, 0x24, 0x58, 0x01, 0x00, 0x00, 0x48, 0x89, 0x44,
	0x24, 0x20, 0x45, 0x33, 0xC9, 0x45, 0x33, 0xC0, 0x48, 0x8D, 0x94, 0x24,
	0x40, 0x06, 0x00, 0x00, 0x48, 0x8B, 0x8C, 0x24, 0x48, 0x06, 0x00, 0x00,
	0xE8, 0xA5, 0x70, 0x00, 0x00, 0x85, 0xC0, 0x78, 0x47, 0x45, 0x33, 0xC9,
	0x45, 0x8D, 0x41, 0x18, 0x48, 0x8D, 0x94, 0x24, 0xA0, 0x00, 0x00, 0x00,
	0x48, 0x8B, 0x8C, 0x24, 0x40, 0x06, 0x00, 0x00, 0xE8, 0x8B, 0x70, 0x00,
	0x00, 0x85, 0xC0, 0x78, 0x1A, 0x45, 0x33, 0xC9, 0x44, 0x8B, 0xC3, 0x48,
	0x8D, 0x15, 0x2E, 0xBB, 0x00, 0x00, 0x48, 0x8B, 0x8C, 0x24, 0x40, 0x06,
	0x00, 0x00, 0xE8, 0x73, 0x70, 0x00, 0x00, 0x48, 0x8B, 0x8C, 0x24, 0x40,
	0x06, 0x00, 0x00, 0xE8, 0x6C, 0x70, 0x00, 0x00, 0x33, 0xD2, 0x48, 0x8B,
	0x8C, 0x24, 0x48, 0x06, 0x00, 0x00, 0xE8, 0x45, 0x70, 0x00, 0x00, 0x48,
	0x8D, 0xBC, 0x24, 0x58, 0x01, 0x00, 0x00, 0x33, 0xC0, 0x48, 0x8B, 0xCB,
	0xF3, 0xAA, 0x33, 0xC0, 0x48, 0x81, 0xC4, 0x00, 0x06, 0x00, 0x00, 0x41,
	0x5F, 0x41, 0x5E, 0x41, 0x5D, 0x41, 0x5C, 0x5F, 0x5E, 0x5B, 0xC3, 0xCC,
	0x48, 0x89, 0x5C, 0x24, 0x10, 0x48, 0x89, 0x74, 0x24, 0x18, 0x48, 0x89,
	0x4C, 0x24, 0x08, 0x57, 0x41, 0x56, 0x41, 0x57, 0x48, 0x83, 0xEC, 0x50,
	0x48, 0x8B, 0xD9, 0x0F, 0x57, 0xC0, 0x33, 0xC0, 0x0F, 0x11, 0x01, 0x0F,
	0x11, 0x41, 0x10, 0x48, 0x89, 0x41, 0x20, 0x0F, 0x20, 0xE0, 0x25, 0x00,
	0x00, 0x30, 0x00, 0x48, 0x89, 0x01, 0xEB, 0x0C, 0x48, 0x8B, 0x5C, 0x24,
	0x70, 0x48, 0xC7, 0x03, 0x00, 0x00, 0x00, 0x00, 0xB9, 0x82, 0x00, 0x00,
	0xC0, 0x0F, 0x32, 0x48, 0xC1, 0xE2, 0x20, 0x48, 0x0B, 0xC2, 0x48, 0x89,
	0x43, 0x08, 0xEB, 0x0D, 0x48, 0x8B, 0x5C, 0x24, 0x70, 0x48, 0xC7, 0x43,
	0x08, 0x00, 0x00, 0x00, 0x00, 0x33, 0xFF, 0x66, 0x89, 0x7C, 0x24, 0x30,
	0x48, 0x89, 0x7C, 0x24, 0x32, 0x0F, 0x01, 0x4C, 0x24, 0x30, 0x0F, 0xB7,
	0x44, 0x24, 0x30, 0x66, 0x89, 0x43, 0x18, 0x48, 0x8B, 0x44, 0x24, 0x32,
	0x48, 0x89, 0x43, 0x10, 0xEB, 0x15, 0x48, 0x8B, 0x5C, 0x24, 0x70, 0x48,
	0xC7, 0x43, 0x10, 0x00, 0x00, 0x00, 0x00, 0x33, 0xC0, 0x66, 0x89, 0x43,
	0x18, 0x33, 0xFF, 0x48, 0x8B, 0x4B, 0x10, 0x48, 0x85, 0xC9, 0x0F, 0x84,
	0x23, 0x01, 0x00, 0x00, 0x48, 0x8B, 0x05, 0x6D, 0xB0, 0x00, 0x00, 0xFF,
	0xD0, 0x84, 0xC0, 0x0F, 0x84, 0x12, 0x01, 0x00, 0x00, 0x4C, 0x8B, 0x7B,
	0x10, 0x4D, 0x8D, 0xB7, 0xD0, 0x02, 0x00, 0x00, 0x48, 0x8B, 0x05, 0x51,
	0xB0, 0x00, 0x00, 0x49, 0x8B, 0xCE, 0xFF, 0xD0, 0x84, 0xC0, 0x74, 0x72,
	0x41, 0x8B, 0x76, 0x08, 0x48, 0xC1, 0xE6, 0x10, 0x41, 0x0F, 0xB7, 0x46,
	0x06, 0x48, 0x0B, 0xF0, 0x48, 0xC1, 0xE6, 0x10, 0x41, 0x0F, 0xB7, 0x06,
	0x48, 0x0B, 0xF0, 0x74, 0x55, 0x48, 0x8B, 0x05, 0x24, 0xB0, 0x00, 0x00,
	0x48, 0x8B, 0xCE, 0xFF, 0xD0, 0x84, 0xC0, 0x74, 0x45, 0x0F, 0x10, 0x06,
	0xF3, 0x0F, 0x7F, 0x44, 0x24, 0x30, 0xBE, 0xC5, 0x9D, 0x1C, 0x81, 0x44,
	0x8B, 0xC6, 0x89, 0x74, 0x24, 0x20, 0x8B, 0xD7, 0x89, 0x54, 0x24, 0x28,
	0x83, 0xFA, 0x10, 0x73, 0x1F, 0x8B, 0xC2, 0x0F, 0xB6, 0x4C, 0x04, 0x30,
	0x44, 0x33, 0xC1, 0x44, 0x89, 0x44, 0x24, 0x20, 0x45, 0x69, 0xC0, 0x93,
	0x01, 0x00, 0x01, 0x44, 0x89, 0x44, 0x24, 0x20, 0xFF, 0xC2, 0xEB, 0xD8,
	0x44, 0x89, 0x43, 0x1C, 0xEB, 0x05, 0xBE, 0xC5, 0x9D, 0x1C, 0x81, 0x48,
	0x8B, 0x05, 0xCA, 0xAF, 0x00, 0x00, 0x49, 0x8D, 0x8F, 0x90, 0x0E, 0x00,
	0x00, 0xFF, 0xD0, 0x84, 0xC0, 0x74, 0x6C, 0x45, 0x8B, 0xB7, 0x98, 0x0E,
	0x00, 0x00, 0x49, 0xC1, 0xE6, 0x10, 0x41, 0x0F, 0xB7, 0x87, 0x96, 0x0E,
	0x00, 0x00, 0x4C, 0x0B, 0xF0, 0x49, 0xC1, 0xE6, 0x10, 0x41, 0x0F, 0xB7,
	0x87, 0x90, 0x0E, 0x00, 0x00, 0x4C, 0x0B, 0xF0, 0x74, 0x45, 0x48, 0x8B,
	0x05, 0x8F, 0xAF, 0x00, 0x00, 0x49, 0x8B, 0xCE, 0xFF, 0xD0, 0x84, 0xC0,
	0x74, 0x35, 0x41, 0x0F, 0x10, 0x06, 0xF3, 0x0F, 0x7F, 0x44, 0x24, 0x40,
	0x89, 0x74, 0x24, 0x24, 0x89, 0x7C, 0x24, 0x2C, 0x83, 0xFF, 0x10, 0x73,
	0x1B, 0x8B, 0xC7, 0x0F, 0xB6, 0x4C, 0x04, 0x40, 0x33, 0xF1, 0x89, 0x74,
	0x24, 0x24, 0x69, 0xF6, 0x93, 0x01, 0x00, 0x01, 0x89, 0x74, 0x24, 0x24,
	0xFF, 0xC7, 0xEB, 0xDC, 0x89, 0x73, 0x20, 0xEB, 0x05, 0x48, 0x8B, 0x5C,
	0x24, 0x70, 0x48, 0x8B, 0xC3, 0x4C, 0x8D, 0x5C, 0x24, 0x50, 0x49, 0x8B,
	0x5B, 0x28, 0x49, 0x8B, 0x73, 0x30, 0x49, 0x8B, 0xE3, 0x41, 0x5F, 0x41,
	0x5E, 0x5F, 0xC3, 0xCC, 0x48, 0x89, 0x5C, 0x24, 0x08, 0x48, 0x89, 0x74,
	0x24, 0x10, 0x48, 0x89, 0x7C, 0x24, 0x18, 0x41, 0x56, 0x48, 0x83, 0xEC,
	0x30, 0x48, 0x8B, 0xF1, 0x48, 0x85, 0xC9, 0x74, 0x5C, 0x48, 0x8B, 0x05,
	0x0C, 0xAF, 0x00, 0x00, 0xFF, 0xD0, 0x84, 0xC0, 0x74, 0x4F, 0x33, 0xFF,
	0x89, 0x7C, 0x24, 0x20, 0x33, 0xDB, 0x89, 0x5C, 0x24, 0x24, 0x83, 0xFB,
	0x40, 0x73, 0x34, 0x48, 0x8B, 0x15, 0xEE, 0xAE, 0x00, 0x00, 0x4C, 0x8D,
	0x34, 0xDE, 0x49, 0x8B, 0xCE, 0xFF, 0xD2, 0x84, 0xC0, 0x74, 0x20, 0x49,
	0x8B, 0x0E, 0x48, 0x83, 0xE1, 0xF0, 0x74, 0x13, 0x48, 0x8B, 0x05, 0xD1,
	0xAE, 0x00, 0x00, 0xFF, 0xD0, 0x84, 0xC0, 0x74, 0x06, 0xFF, 0xC7, 0x89,
	0x7C, 0x24, 0x20, 0xFF, 0xC3, 0xEB, 0xC3, 0x8B, 0xC7, 0xEB, 0x08, 0x8B,
	0x44, 0x24, 0x20, 0xEB, 0x02, 0x33, 0xC0, 0x48, 0x8B, 0x5C, 0x24, 0x40,
	0x48, 0x8B, 0x74, 0x24, 0x48, 0x48, 0x8B, 0x7C, 0x24, 0x50, 0x48, 0x83,
	0xC4, 0x30, 0x41, 0x5E, 0xC3, 0xCC, 0xCC, 0xCC, 0x48, 0x89, 0x5C, 0x24,
	0x08, 0x48, 0x89, 0x74, 0x24, 0x10, 0x48, 0x89, 0x7C, 0x24, 0x18, 0x41,
	0x56, 0x48, 0x83, 0xEC, 0x30, 0x48, 0x8B, 0x0D, 0xF8, 0xB3, 0x00, 0x00,
	0x48, 0x85, 0xC9, 0x74, 0x54, 0x48, 0x8B, 0x05, 0x74, 0xAE, 0x00, 0x00,
	0xFF, 0xD0, 0x84, 0xC0, 0x74, 0x47, 0x33, 0xDB, 0x89, 0x5C, 0x24, 0x20,
	0x4C, 0x8B, 0x35, 0xD9, 0xB3, 0x00, 0x00, 0x49, 0x8B, 0x36, 0x33, 0xFF,
	0x89, 0x7C, 0x24, 0x24, 0x83, 0xFF, 0x40, 0x73, 0x22, 0x49, 0x3B, 0xF6,
	0x74, 0x1D, 0x48, 0x8B, 0x05, 0x47, 0xAE, 0x00, 0x00, 0x48, 0x8B, 0xCE,
	0xFF, 0xD0, 0x84, 0xC0, 0x74, 0x0D, 0xFF, 0xC3, 0x89, 0x5C, 0x24, 0x20,
	0xFF, 0xC7, 0x48, 0x8B, 0x36, 0xEB, 0xD5, 0xEB, 0x04, 0x8B, 0x5C, 0x24,
	0x20, 0x8B, 0xC3, 0xEB, 0x02, 0x33, 0xC0, 0x48, 0x8B, 0x5C, 0x24, 0x40,
	0x48, 0x8B, 0x74, 0x24, 0x48, 0x48, 0x8B, 0x7C, 0x24, 0x50, 0x48, 0x83,
	0xC4, 0x30, 0x41, 0x5E, 0xC3, 0xCC, 0xCC, 0xCC, 0x48, 0x89, 0x5C, 0x24,
	0x08, 0x57, 0x48, 0x83, 0xEC, 0x20, 0x48, 0x8B, 0xD9, 0x48, 0x85, 0xC9,
	0x74, 0x5F, 0x8D, 0x42, 0xFF, 0x3D, 0xFF, 0xFF, 0x9F, 0x00, 0x77, 0x55,
	0x8B, 0xFA, 0x41, 0xB8, 0x4D, 0x6D, 0x43, 0x6D, 0x8B, 0xD2, 0xB9, 0x40,
	0x00, 0x00, 0x00, 0xFF, 0x15, 0x23, 0x88, 0x00, 0x00, 0x48, 0x89, 0x05,
	0x64, 0xB2, 0x00, 0x00, 0x48, 0x85, 0xC0, 0x74, 0x34, 0x44, 0x8B, 0xC7,
	0x48, 0x8B, 0xD3, 0x48, 0x8B, 0xC8, 0xE8, 0xD1, 0x6D, 0x00, 0x00, 0x90,
	0xB0, 0x01, 0xEB, 0x23, 0xBA, 0x4D, 0x6D, 0x43, 0x6D, 0x48, 0x8B, 0x0D,
	0x40, 0xB2, 0x00, 0x00, 0xFF, 0x15, 0xFA, 0x87, 0x00, 0x00, 0x48, 0xC7,
	0x05, 0x2F, 0xB2, 0x00, 0x00, 0x00, 0x00, 0x00, 0x00, 0x32, 0xC0, 0xEB,
	0x02, 0x32, 0xC0, 0x48, 0x8B, 0x5C, 0x24, 0x30, 0x48, 0x83, 0xC4, 0x20,
	0x5F, 0xC3, 0xCC, 0xCC, 0x40, 0x53, 0x48, 0x83, 0xEC, 0x20, 0x48, 0xBB,
	0xA8, 0x03, 0x00, 0x00, 0x80, 0xF7, 0xFF, 0xFF, 0x48, 0x8B, 0x05, 0x75,
	0xAD, 0x00, 0x00, 0x48, 0x8B, 0xCB, 0xFF, 0xD0, 0x84, 0xC0, 0x74, 0x1C,
	0x8B, 0x03, 0x0F, 0xBA, 0xE0, 0x0A, 0x73, 0x04, 0xB0, 0x01, 0xEB, 0x10,
	0x0F, 0xBA, 0xE0, 0x0B, 0x73, 0x04, 0xB0, 0x01, 0xEB, 0x06, 0x32, 0xC0,
	0xEB, 0x02, 0xB0, 0x01, 0x48, 0x83, 0xC4, 0x20, 0x5B, 0xC3, 0xCC, 0xCC,
	0x48, 0x85, 0xC9, 0x0F, 0x84, 0x7C, 0x01, 0x00, 0x00, 0x48, 0x8B, 0xC4,
	0x48, 0x89, 0x58, 0x08, 0x48, 0x89, 0x70, 0x10, 0x48, 0x89, 0x78, 0x18,
	0x4C, 0x89, 0x70, 0x20, 0x41, 0x57, 0x48, 0x83, 0xEC, 0x60, 0x48, 0x8B,
	0xD9, 0x45, 0x33, 0xFF, 0x48, 0x8B, 0x05, 0x19, 0xAD, 0x00, 0x00, 0xFF,
	0xD0, 0x84, 0xC0, 0x0F, 0x84, 0x32, 0x01, 0x00, 0x00, 0x48, 0x8B, 0x4B,
	0x28, 0x48, 0x85, 0xC9, 0x0F, 0x84, 0x25, 0x01, 0x00, 0x00, 0x48, 0x8B,
	0x05, 0xFB, 0xAC, 0x00, 0x00, 0xFF, 0xD0, 0x84, 0xC0, 0x0F, 0x84, 0x14,
	0x01, 0x00, 0x00, 0x48, 0x8B, 0x5B, 0x28, 0x48, 0x8B, 0x4B, 0x60, 0x48,
	0x85, 0xC9, 0x0F, 0x84, 0x03, 0x01, 0x00, 0x00, 0x48, 0x8B, 0x05, 0xD9,
	0xAC, 0x00, 0x00, 0xFF, 0xD0, 0x84, 0xC0, 0x0F, 0x84, 0xF2, 0x00, 0x00,
	0x00, 0x0F, 0x31, 0x48, 0xC1, 0xE2, 0x20, 0x48, 0x0B, 0xC2, 0x4C, 0x8B,
	0xC0, 0x49, 0xC1, 0xE8, 0x08, 0x48, 0xB8, 0xAB, 0xAA, 0xAA, 0xAA, 0xAA,
	0xAA, 0xAA, 0xAA, 0x49, 0xF7, 0xE0, 0x48, 0xC1, 0xEA, 0x03, 0x48, 0x8D,
	0x0C, 0x52, 0x48, 0xC1, 0xE1, 0x02, 0x4C, 0x2B, 0xC1, 0x41, 0x8B, 0xC0,
	0x48, 0x8D, 0x35, 0x39, 0xA6, 0x00, 0x00, 0x48, 0x8B, 0x34, 0xC6, 0x41,
	0x0F, 0xB7, 0xCF, 0x66, 0x44, 0x39, 0x3E, 0x74, 0x0D, 0x66, 0xFF, 0xC1,
	0x0F, 0xB7, 0xC1, 0x66, 0x44, 0x39, 0x3C, 0x46, 0x75, 0xF3, 0x66, 0x03,
	0xC9, 0x0F, 0xB7, 0xF9, 0x66, 0x3B, 0x7B, 0x5A, 0x0F, 0x87, 0x91, 0x00,
	0x00, 0x00, 0x44, 0x8B, 0xF7, 0x44, 0x8B, 0xC7, 0x48, 0x8B, 0xD6, 0x48,
	0x8B, 0x4B, 0x60, 0xE8, 0x6C, 0x6C, 0x00, 0x00, 0x66, 0x89, 0x7B, 0x58,
	0x48, 0x8B, 0x4B, 0x50, 0x48, 0x85, 0xC9, 0x74, 0x70, 0x48, 0x8B, 0x05,
	0x48, 0xAC, 0x00, 0x00, 0xFF, 0xD0, 0x84, 0xC0, 0x74, 0x63, 0x0F, 0x10,
	0x15, 0xBB, 0x71, 0x00, 0x00, 0x0F, 0x10, 0x1D, 0xC4, 0x71, 0x00, 0x00,
	0x0F, 0x10, 0x25, 0xCD, 0x71, 0x00, 0x00, 0xF2, 0x0F, 0x10, 0x05, 0xD5,
	0x71, 0x00, 0x00, 0x8B, 0x05, 0xD7, 0x71, 0x00, 0x00, 0x89, 0x44, 0x24,
	0x58, 0xBA, 0x3A, 0x00, 0x00, 0x00, 0x66, 0x03, 0xFA, 0x66, 0x3B, 0x7B,
	0x4A, 0x77, 0x2E, 0x48, 0x8B, 0x4B, 0x50, 0x0F, 0x11, 0x11, 0x0F, 0x11,
	0x59, 0x10, 0x0F, 0x11, 0x61, 0x20, 0xF2, 0x0F, 0x11, 0x41, 0x30, 0x66,
	0x89, 0x41, 0x38, 0x48, 0x8B, 0x4B, 0x50, 0x48, 0x03, 0xCA, 0x45, 0x8B,
	0xC6, 0x48, 0x8B, 0xD6, 0xE8, 0xF3, 0x6B, 0x00, 0x00, 0x66, 0x89, 0x7B,
	0x48, 0xEB, 0x00, 0x4C, 0x8D, 0x5C, 0x24, 0x60, 0x49, 0x8B, 0x5B, 0x10,
	0x49, 0x8B, 0x73, 0x18, 0x49, 0x8B, 0x7B, 0x20, 0x4D, 0x8B, 0x73, 0x28,
	0x49, 0x8B, 0xE3, 0x41, 0x5F, 0xC3, 0xCC, 0xCC, 0x48, 0x89, 0x5C, 0x24,
	0x08, 0x48, 0x89, 0x74, 0x24, 0x10, 0x48, 0x89, 0x7C, 0x24, 0x18, 0x41,
	0x56, 0x48, 0x83, 0xEC, 0x30, 0xBE, 0x01, 0x00, 0x00, 0x00, 0x33, 0xC0,
	0xF0, 0x0F, 0xB1, 0x35, 0x50, 0xB2, 0x00, 0x00, 0x0F, 0x85, 0xC7, 0x01,
	0x00, 0x00, 0x8B, 0xDE, 0xF0, 0x0F, 0xC1, 0x1D, 0x3C, 0xB2, 0x00, 0x00,
	0x03, 0xDE, 0x89, 0x5C, 0x24, 0x20, 0xE8, 0x51, 0x66, 0x00, 0x00, 0xE8,
	0x90, 0x5E, 0x00, 0x00, 0x8B, 0x05, 0x0E, 0xB0, 0x00, 0x00, 0x83, 0xF8,
	0x05, 0x7C, 0x0E, 0x8B, 0x15, 0x03, 0xB0, 0x00, 0x00, 0x8D, 0x4E, 0x02,
	0xE8, 0x4F, 0x58, 0x00, 0x00, 0xE8, 0xDE, 0x5B, 0x00, 0x00, 0xB8, 0x67,
	0x66, 0x66, 0x66, 0xF7, 0xEB, 0xD1, 0xFA, 0x8B, 0xC2, 0xC1, 0xE8, 0x1F,
	0x03, 0xD0, 0x8D, 0x04, 0x92, 0x44, 0x8B, 0xF3, 0x44, 0x2B, 0xF0, 0x44,
	0x89, 0x74, 0x24, 0x24, 0x75, 0x05, 0xE8, 0x85, 0x47, 0x00, 0x00, 0xE8,
	0x48, 0x59, 0x00, 0x00, 0xE8, 0x43, 0x4B, 0x00, 0x00, 0x48, 0x8B, 0x05,
	0x68, 0xB0, 0x00, 0x00, 0x33, 0xFF, 0x48, 0x85, 0xC0, 0x74, 0x49, 0x48,
	0x8B, 0x05, 0x1A, 0xAB, 0x00, 0x00, 0x48, 0x8B, 0x0D, 0x53, 0xB0, 0x00,
	0x00, 0xFF, 0xD0, 0x84, 0xC0, 0x74, 0x35, 0x48, 0x8B, 0x05, 0x46, 0xB0,
	0x00, 0x00, 0x48, 0x8B, 0x10, 0x48, 0x89, 0x54, 0x24, 0x28, 0x48, 0x8B,
	0x44, 0x24, 0x28, 0x48, 0x85, 0xC0, 0x74, 0x0A, 0x33, 0xD2, 0x8D, 0x4F,
	0x05, 0xE8, 0xD6, 0x57, 0x00, 0x00, 0xEB, 0x10, 0xBE, 0x01, 0x00, 0x00,
	0x00, 0x33, 0xFF, 0x8B, 0x5C, 0x24, 0x20, 0x44, 0x8B, 0x74, 0x24, 0x24,
	0x45, 0x85, 0xF6, 0x75, 0x77, 0x8B, 0xC6, 0xF0, 0x0F, 0xB1, 0x35, 0x29,
	0xB0, 0x00, 0x00, 0x85, 0xC0, 0x74, 0x69, 0x48, 0x8B, 0x0D, 0x26, 0xB0,
	0x00, 0x00, 0x48, 0x85, 0xC9, 0x74, 0x18, 0xE8, 0x84, 0xFB, 0xFF, 0xFF,
	0x8B, 0x0D, 0xFA, 0xAF, 0x00, 0x00, 0x83, 0xC1, 0x02, 0x3B, 0xC1, 0x76,
	0x06, 0x89, 0x05, 0xED, 0xAF, 0x00, 0x00, 0x48, 0x8B, 0x0D, 0x0A, 0xB0,
	0x00, 0x00, 0x48, 0x85, 0xC9, 0x74, 0x18, 0xE8, 0x60, 0xFB, 0xFF, 0xFF,
	0x8B, 0x0D, 0xDA, 0xAF, 0x00, 0x00, 0x83, 0xC1, 0x02, 0x3B, 0xC1, 0x76,
	0x06, 0x89, 0x05, 0xCD, 0xAF, 0x00, 0x00, 0x48, 0x39, 0x3D, 0xEE, 0xAF,
	0x00, 0x00, 0x74, 0x18, 0xE8, 0xD3, 0xFB, 0xFF, 0xFF, 0x8B, 0x0D, 0xE9,
	0xAF, 0x00, 0x00, 0x83, 0xC1, 0x02, 0x3B, 0xC1, 0x76, 0x06, 0x89, 0x05,
	0xDC, 0xAF, 0x00, 0x00, 0xB8, 0x67, 0x66, 0x66, 0x66, 0xF7, 0xEB, 0xC1,
	0xFA, 0x02, 0x8B, 0xC2, 0xC1, 0xE8, 0x1F, 0x03, 0xD0, 0x8D, 0x0C, 0x92,
	0x03, 0xC9, 0x3B, 0xD9, 0x75, 0x13, 0x8B, 0xC6, 0xF0, 0x0F, 0xB1, 0x35,
	0xD4, 0xAF, 0x00, 0x00, 0x85, 0xC0, 0x74, 0x05, 0xE8, 0x7B, 0x56, 0x00,
	0x00, 0xB8, 0x56, 0x55, 0x55, 0x55, 0xF7, 0xEB, 0x8B, 0xC2, 0xC1, 0xE8,
	0x1F, 0x03, 0xD0, 0x8D, 0x0C, 0x52, 0x3B, 0xD9, 0x75, 0x05, 0xE8, 0x29,
	0x53, 0x00, 0x00, 0xB8, 0x93, 0x24, 0x49, 0x92, 0xF7, 0xEB, 0x03, 0xD3,
	0xC1, 0xFA, 0x02, 0x8B, 0xC2, 0xC1, 0xE8, 0x1F, 0x03, 0xD0, 0x6B, 0xCA,
	0x07, 0x3B, 0xD9, 0x75, 0x05, 0xE8, 0x2A, 0x63, 0x00, 0x00, 0xB8, 0xAB,
	0xAA, 0xAA, 0x2A, 0xF7, 0xEB, 0x8B, 0xC2, 0xC1, 0xE8, 0x1F, 0x03, 0xD0,
	0x8D, 0x04, 0x52, 0x03, 0xC0, 0x3B, 0xD8, 0x75, 0x0A, 0xE8, 0x1E, 0x61,
	0x00, 0x00, 0xE8, 0x59, 0x47, 0x00, 0x00, 0x87, 0x3D, 0x83, 0xB0, 0x00,
	0x00, 0x48, 0x8B, 0x5C, 0x24, 0x40, 0x48, 0x8B, 0x74, 0x24, 0x48, 0x48,
	0x8B, 0x7C, 0x24, 0x50, 0x48, 0x83, 0xC4, 0x30, 0x41, 0x5E, 0xC3, 0xCC,
	0x48, 0x83, 0xEC, 0x18, 0x44, 0x8B, 0xC2, 0x4C, 0x8B, 0xD1, 0x33, 0xC0,
	0x48, 0x85, 0xC9, 0x74, 0x2F, 0x4C, 0x8B, 0x0D, 0x30, 0xAE, 0x00, 0x00,
	0x4D, 0x85, 0xC9, 0x74, 0x23, 0x85, 0xD2, 0x74, 0x1F, 0x89, 0x04, 0x24,
	0x41, 0x3B, 0xC0, 0x73, 0x10, 0x8B, 0xD0, 0x42, 0x8A, 0x0C, 0x0A, 0x42,
	0x38, 0x0C, 0x12, 0x75, 0x0E, 0xFF, 0xC0, 0xEB, 0xE8, 0xEB, 0x05, 0x83,
	0xC8, 0xFF, 0xEB, 0x03, 0x83, 0xC8, 0xFF, 0x48, 0x83, 0xC4, 0x18, 0xC3,
	0x48, 0x89, 0x5C, 0x24, 0x10, 0x48, 0x89, 0x74, 0x24, 0x20, 0x4C, 0x89,
	0x44, 0x24, 0x18, 0x57, 0x41, 0x54, 0x41, 0x55, 0x41, 0x56, 0x41, 0x57,
	0x48, 0x83, 0xEC, 0x30, 0x4D, 0x8B, 0xE1, 0x49, 0x8B, 0xC0, 0x44, 0x8B,
	0xFA, 0x4C, 0x8B, 0xE9, 0x45, 0x33, 0xD2, 0x48, 0x85, 0xC9, 0x0F, 0x84,
	0x04, 0x01, 0x00, 0x00, 0x48, 0x85, 0xC0, 0x0F, 0x84, 0xFB, 0x00, 0x00,
	0x00, 0x4D, 0x85, 0xC9, 0x0F, 0x84, 0xF2, 0x00, 0x00, 0x00, 0x85, 0xD2,
	0x0F, 0x84, 0xEA, 0x00, 0x00, 0x00, 0x41, 0x8B, 0xFA, 0x45, 0x38, 0x11,
	0x74, 0x08, 0xFF, 0xC7, 0x46, 0x38, 0x14, 0x0F, 0x75, 0xF8, 0x85, 0xFF,
	0x0F, 0x84, 0xD2, 0x00, 0x00, 0x00, 0x41, 0x3B, 0xFF, 0x0F, 0x87, 0xC9,
	0x00, 0x00, 0x00, 0x41, 0x8B, 0xDA, 0x89, 0x5C, 0x24, 0x24, 0x45, 0x8B,
	0xF7, 0x44, 0x2B, 0xF7, 0x41, 0x3B, 0xDE, 0x0F, 0x87, 0xAD, 0x00, 0x00,
	0x00, 0x8B, 0xC3, 0x49, 0x03, 0xC5, 0x48, 0x89, 0x44, 0x24, 0x60, 0x48,
	0x8B, 0xF0, 0x48, 0x81, 0xE6, 0x00, 0xF0, 0xFF, 0xFF, 0x48, 0x8B, 0x05,
	0xD0, 0xA8, 0x00, 0x00, 0x48, 0x8B, 0xCE, 0xFF, 0xD0, 0x45, 0x33, 0xD2,
	0x84, 0xC0, 0x75, 0x12, 0x2B, 0x74, 0x24, 0x60, 0x81, 0xC3, 0x00, 0x10,
	0x00, 0x00, 0x03, 0xDE, 0x89, 0x5C, 0x24, 0x24, 0xEB, 0xB8, 0x41, 0x2B,
	0xF5, 0x81, 0xC6, 0x00, 0x10, 0x00, 0x00, 0x41, 0x3B, 0xF7, 0x41, 0x0F,
	0x47, 0xF7, 0x8B, 0xC6, 0x2B, 0xC7, 0x3B, 0xD8, 0x77, 0xE6, 0x41, 0x3B,
	0xDE, 0x77, 0xE1, 0x41, 0xB0, 0x01, 0x44, 0x88, 0x44, 0x24, 0x20, 0x41,
	0x8B, 0xD2, 0x89, 0x54, 0x24, 0x28, 0x3B, 0xD7, 0x73, 0x30, 0x45, 0x84,
	0xC0, 0x74, 0x37, 0x44, 0x8B, 0xCA, 0x43, 0x80, 0x3C, 0x21, 0x78, 0x75,
	0x1D, 0x8D, 0x0C, 0x1A, 0x45, 0x0F, 0xB6, 0xC0, 0x48, 0x8B, 0x44, 0x24,
	0x70, 0x41, 0x8A, 0x04, 0x01, 0x42, 0x38, 0x04, 0x29, 0x45, 0x0F, 0x45,
	0xC2, 0x44, 0x88, 0x44, 0x24, 0x20, 0xFF, 0xC2, 0xEB, 0xC8, 0x45, 0x84,
	0xC0, 0x74, 0x07, 0x8B, 0xC3, 0x49, 0x03, 0xC5, 0xEB, 0x10, 0xFF, 0xC3,
	0x89, 0x5C, 0x24, 0x24, 0xEB, 0x9C, 0xEB, 0x04, 0x33, 0xC0, 0xEB, 0x02,
	0x33, 0xC0, 0x48, 0x8B, 0x5C, 0x24, 0x68, 0x48, 0x8B, 0x74, 0x24, 0x78,
	0x48, 0x83, 0xC4, 0x30, 0x41, 0x5F, 0x41, 0x5E, 0x41, 0x5D, 0x41, 0x5C,
	0x5F, 0xC3, 0xCC, 0xCC, 0x48, 0x8B, 0xC4, 0x48, 0x89, 0x58, 0x08, 0x48,
	0x89, 0x70, 0x10, 0x48, 0x89, 0x78, 0x18, 0x4C, 0x89, 0x70, 0x20, 0x41,
	0x57, 0x48, 0x83, 0xEC, 0x30, 0x4D, 0x8B, 0xF0, 0x4C, 0x8B, 0xFA, 0x48,
	0x8B, 0xF9, 0x33, 0xDB, 0x48, 0x85, 0xC9, 0x0F, 0x84, 0xA9, 0x00, 0x00,
	0x00, 0x48, 0x8B, 0x05, 0xE8, 0xA7, 0x00, 0x00, 0xFF, 0xD0, 0x84, 0xC0,
	0x0F, 0x84, 0x98, 0x00, 0x00, 0x00, 0xB8, 0x4D, 0x5A, 0x00, 0x00, 0x66,
	0x39, 0x07, 0x74, 0x07, 0x32, 0xC0, 0xE9, 0x89, 0x00, 0x00, 0x00, 0x48,
	0x63, 0x77, 0x3C, 0x48, 0x03, 0xF7, 0x48, 0x8B, 0x05, 0xBF, 0xA7, 0x00,
	0x00, 0x48, 0x8B, 0xCE, 0xFF, 0xD0, 0x84, 0xC0, 0x74, 0x68, 0x81, 0x3E,
	0x50, 0x45, 0x00, 0x00, 0x75, 0x60, 0x44, 0x0F, 0xB7, 0x46, 0x14, 0x4C,
	0x03, 0xC6, 0x66, 0x89, 0x5C, 0x24, 0x20, 0x66, 0x3B, 0x5E, 0x06, 0x73,
	0x4B, 0x0F, 0xB7, 0xC3, 0x48, 0x8D, 0x14, 0x80, 0x41, 0x80, 0x7C, 0xD0,
	0x18, 0x2E, 0x75, 0x37, 0x41, 0x80, 0x7C, 0xD0, 0x19, 0x74, 0x75, 0x2F,
	0x41, 0x80, 0x7C, 0xD0, 0x1A, 0x65, 0x75, 0x27, 0x41, 0x80, 0x7C, 0xD0,
	0x1B, 0x78, 0x75, 0x1F, 0x41, 0x80, 0x7C, 0xD0, 0x1C, 0x74, 0x75, 0x17,
	0x41, 0x8B, 0x4C, 0xD0, 0x24, 0x48, 0x03, 0xCF, 0x49, 0x89, 0x0F, 0x41,
	0x8B, 0x4C, 0xD0, 0x20, 0x41, 0x89, 0x0E, 0xB0, 0x01, 0xEB, 0x11, 0x66,
	0xFF, 0xC3, 0xEB, 0xAA, 0xEB, 0x08, 0x32, 0xC0, 0xEB, 0x06, 0x32, 0xC0,
	0xEB, 0x02, 0x32, 0xC0, 0x48, 0x8B, 0x5C, 0x24, 0x40, 0x48, 0x8B, 0x74,
	0x24, 0x48, 0x48, 0x8B, 0x7C, 0x24, 0x50, 0x4C, 0x8B, 0x74, 0x24, 0x58,
	0x48, 0x83, 0xC4, 0x30, 0x41, 0x5F, 0xC3, 0xCC, 0x48, 0x89, 0x5C, 0x24,
	0x10, 0x57, 0x48, 0x83, 0xEC, 0x20, 0x33, 0xDB, 0x4C, 0x8D, 0x4C, 0x24,
	0x30, 0x45, 0x33, 0xC0, 0x89, 0x5C, 0x24, 0x30, 0x33, 0xD2, 0x8D, 0x4B,
	0x0B, 0xE8, 0x42, 0x66, 0x00, 0x00, 0x8B, 0x44, 0x24, 0x30, 0x85, 0xC0,
	0x74, 0x54, 0x05, 0xA0, 0x04, 0x00, 0x00, 0x8D, 0x4B, 0x40, 0x8B, 0xD0,
	0x41, 0xB8, 0x4D, 0x6D, 0x53, 0x74, 0x89, 0x44, 0x24, 0x30, 0xFF, 0x15,
	0x2C, 0x81, 0x00, 0x00, 0x48, 0x8B, 0xF8, 0x48, 0x85, 0xC0, 0x74, 0x32,
	0x44, 0x8B, 0x44, 0x24, 0x30, 0x8D, 0x4B, 0x0B, 0x45, 0x33, 0xC9, 0x48,
	0x8B, 0xD0, 0xE8, 0x05, 0x66, 0x00, 0x00, 0x85, 0xC0, 0x78, 0x08, 0x39,
	0x1F, 0x76, 0x04, 0x48, 0x8B, 0x5F, 0x18, 0xBA, 0x4D, 0x6D, 0x53, 0x74,
	0x48, 0x8B, 0xCF, 0xFF, 0x15, 0xFF, 0x80, 0x00, 0x00, 0x48, 0x8B, 0xC3,
	0xEB, 0x02, 0x33, 0xC0, 0x48, 0x8B, 0x5C, 0x24, 0x38, 0x48, 0x83, 0xC4,
	0x20, 0x5F, 0xC3, 0xCC, 0x4C, 0x8B, 0xDC, 0x48, 0x81, 0xEC, 0x88, 0x00,
	0x00, 0x00, 0x80, 0x3D, 0x1B, 0xB0, 0x00, 0x00, 0x00, 0x0F, 0x84, 0xC1,
	0x00, 0x00, 0x00, 0x48, 0x8B, 0x05, 0x16, 0xA7, 0x00, 0x00, 0x48, 0x8D,
	0x0D, 0xBB, 0x00, 0x00, 0x00, 0xC7, 0x44, 0x24, 0x48, 0x30, 0x00, 0x00,
	0x00, 0x4D, 0x8D, 0x43, 0xC0, 0x49, 0xC7, 0x43, 0xC8, 0x00, 0x00, 0x00,
	0x00, 0x0F, 0x57, 0xC0, 0x49, 0xC7, 0x43, 0xA8, 0x00, 0x00, 0x00, 0x00,
	0x45, 0x33, 0xC9, 0x49, 0x89, 0x4B, 0xA0, 0xBA, 0xFF, 0xFF, 0x1F, 0x00,
	0xC7, 0x44, 0x24, 0x60, 0x00, 0x02, 0x00, 0x00, 0x49, 0x8D, 0x4B, 0xB8,
	0x49, 0xC7, 0x43, 0xD0, 0x00, 0x00, 0x00, 0x00, 0xF3, 0x0F, 0x7F, 0x44,
	0x24, 0x68, 0x49, 0xC7, 0x43, 0xB8, 0x00, 0x00, 0x00, 0x00, 0x49, 0xC7,
	0x43, 0x98, 0x00, 0x00, 0x00, 0x00, 0xFF, 0xD0, 0x85, 0xC0, 0x78, 0x10,
	0x48, 0x8B, 0x4C, 0x24, 0x40, 0x48, 0x85, 0xC9, 0x74, 0x06, 0xFF, 0x15,
	0xDC, 0xA6, 0x00, 0x00, 0x80, 0x3D, 0x95, 0xAF, 0x00, 0x00, 0x00, 0x74,
	0x3F, 0x33, 0xC9, 0xFF, 0x15, 0x8B, 0x7F, 0x00, 0x00, 0x48, 0x8B, 0xC8,
	0x4C, 0x8D, 0x05, 0x41, 0xAF, 0x00, 0x00, 0xB8, 0x73, 0xB2, 0xE7, 0x45,
	0xF7, 0xE1, 0xB8, 0x01, 0x00, 0x00, 0x00, 0xC1, 0xEA, 0x0D, 0x2B, 0xC2,
	0x69, 0xC0, 0x30, 0x75, 0x00, 0x00, 0x03, 0xC1, 0x48, 0x8D, 0x0D, 0xE1,
	0xAE, 0x00, 0x00, 0x48, 0x69, 0xD0, 0xF0, 0xD8, 0xFF, 0xFF, 0xFF, 0x15,
	0xE4, 0x7F, 0x00, 0x00, 0x48, 0x81, 0xC4, 0x88, 0x00, 0x00, 0x00, 0xC3,
	0x48, 0x8B, 0xC4, 0x48, 0x89, 0x58, 0x08, 0x48, 0x89, 0x70, 0x18, 0x48,
	0x89, 0x78, 0x20, 0x55, 0x41, 0x54, 0x41, 0x55, 0x41, 0x56, 0x41, 0x57,
	0x48, 0x8D, 0xA8, 0xD8, 0xFC, 0xFF, 0xFF, 0x48, 0x81, 0xEC, 0x00, 0x04,
	0x00, 0x00, 0x45, 0x33, 0xF6, 0x44, 0x38, 0x35, 0x94, 0xAE, 0x00, 0x00,
	0x0F, 0x84, 0xFE, 0x04, 0x00, 0x00, 0x44, 0x38, 0x35, 0x0F, 0xAF, 0x00,
	0x00, 0x0F, 0x84, 0xF1, 0x04, 0x00, 0x00, 0x45, 0x8D, 0x7E, 0x01, 0x45,
	0x33, 0xC0, 0x41, 0x8B, 0xD7, 0x48, 0x8D, 0x4D, 0xB0, 0xFF, 0x15, 0x6D,
	0x7F, 0x00, 0x00, 0x33, 0xD2, 0x41, 0x8A, 0xCF, 0xFF, 0x15, 0xBA, 0x7F,
	0x00, 0x00, 0x48, 0x8B, 0xD8, 0x48, 0x85, 0xC0, 0x0F, 0x84, 0x8C, 0x04,
	0x00, 0x00, 0x48, 0x8B, 0x88, 0xB8, 0x00, 0x00, 0x00, 0x45, 0x8D, 0x66,
	0x02, 0x48, 0x89, 0x5C, 0x24, 0x50, 0x48, 0x8D, 0x45, 0xB0, 0x4C, 0x89,
	0x74, 0x24, 0x48, 0x4C, 0x8D, 0x2D, 0x02, 0x64, 0x00, 0x00, 0x4C, 0x89,
	0x74, 0x24, 0x40, 0x45, 0x8D, 0x4E, 0x06, 0x4C, 0x89, 0x69, 0xF0, 0x45,
	0x8B, 0xC7, 0x48, 0x89, 0x41, 0xF8, 0x41, 0x8B, 0xD4, 0xC6, 0x41, 0xBB,
	0xE0, 0x48, 0x8B, 0x05, 0xFC, 0xAD, 0x00, 0x00, 0x48, 0x8B, 0x0D, 0xED,
	0xAD, 0x00, 0x00, 0x4C, 0x89, 0x74, 0x24, 0x38, 0x4C, 0x89, 0x74, 0x24,
	0x30, 0x4C, 0x8B, 0x50, 0x08, 0x4C, 0x89, 0x74, 0x24, 0x28, 0x44, 0x89,
	0x64, 0x24, 0x20, 0x41, 0xFF, 0xD2, 0x45, 0x33, 0xC9, 0x4C, 0x89, 0x74,
	0x24, 0x20, 0x45, 0x33, 0xC0, 0x48, 0x8D, 0x4D, 0xB0, 0x33, 0xD2, 0xFF,
	0x15, 0xFB, 0x7E, 0x00, 0x00, 0x44, 0x39, 0x75, 0xC8, 0x7D, 0x0E, 0x48,
	0x8B, 0xCB, 0xFF, 0x15, 0x44, 0x7F, 0x00, 0x00, 0xE9, 0xFD, 0x03, 0x00,
	0x00, 0x48, 0x8B, 0x5D, 0xD0, 0x48, 0x85, 0xDB, 0x0F, 0x84, 0xF0, 0x03,
	0x00, 0x00, 0x33, 0xC0, 0xF0, 0x44, 0x0F, 0xB1, 0x35, 0x43, 0xAE, 0x00,
	0x00, 0x41, 0x3B, 0xC4, 0x74, 0x13, 0x41, 0x8B, 0xC4, 0xC7, 0x05, 0x2D,
	0xAE, 0x00, 0x00, 0x68, 0x15, 0x40, 0x01, 0x87, 0x05, 0x2B, 0xAE, 0x00,
	0x00, 0x8B, 0x3D, 0x21, 0xAE, 0x00, 0x00, 0x48, 0x8D, 0x4D, 0xD8, 0x45,
	0x33, 0xC0, 0x4C, 0x89, 0x75, 0xA8, 0x41, 0x8B, 0xD7, 0x4C, 0x89, 0x65,
	0xA0, 0xFF, 0x15, 0x79, 0x7E, 0x00, 0x00, 0x33, 0xD2, 0x41, 0x8A, 0xCF,
	0xFF, 0x15, 0xC6, 0x7E, 0x00, 0x00, 0x48, 0x85, 0xC0, 0x0F, 0x84, 0x3A,
	0x03, 0x00, 0x00, 0x48, 0x8B, 0x88, 0xB8, 0x00, 0x00, 0x00, 0x48, 0x8D,
	0x55, 0xD8, 0x4C, 0x8B, 0xC8, 0x45, 0x33, 0xC0, 0x48, 0x89, 0x51, 0xF8,
	0x48, 0x8D, 0x55, 0xA0, 0x4C, 0x89, 0x69, 0xF0, 0xC6, 0x41, 0xBB, 0xE0,
	0x48, 0x8B, 0x4D, 0xD0, 0x48, 0x8B, 0x31, 0x4C, 0x8B, 0x56, 0x10, 0x41,
	0xFF, 0xD2, 0x45, 0x33, 0xC9, 0x4C, 0x89, 0x74, 0x24, 0x20, 0x45, 0x33,
	0xC0, 0x48, 0x8D, 0x4D, 0xD8, 0x33, 0xD2, 0xFF, 0x15, 0x3F, 0x7E, 0x00,
	0x00, 0x8B, 0x45, 0xF0, 0x85, 0xC0, 0x0F, 0x88, 0xE9, 0x02, 0x00, 0x00,
	0x45, 0x33, 0xC0, 0x4C, 0x89, 0x74, 0x24, 0x68, 0x41, 0x8B, 0xD7, 0xC7,
	0x44, 0x24, 0x60, 0x02, 0x00, 0x01, 0xBB, 0x48, 0x8D, 0x4C, 0x24, 0x78,
	0x89, 0x7C, 0x24, 0x64, 0xFF, 0x15, 0xF2, 0x7D, 0x00, 0x00, 0x33, 0xD2,
	0x41, 0x8A, 0xCF, 0xFF, 0x15, 0x3F, 0x7E, 0x00, 0x00, 0x48, 0x85, 0xC0,
	0x0F, 0x84, 0xB3, 0x02, 0x00, 0x00, 0x48, 0x8B, 0x88, 0xB8, 0x00, 0x00,
	0x00, 0x48, 0x8D, 0x54, 0x24, 0x78, 0x4C, 0x8B, 0xC8, 0x45, 0x33, 0xC0,
	0x48, 0x89, 0x51, 0xF8, 0x48, 0x8D, 0x54, 0x24, 0x60, 0x4C, 0x89, 0x69,
	0xF0, 0xC6, 0x41, 0xBB, 0xE0, 0x48, 0x8B, 0xCB, 0x4C, 0x8B, 0x56, 0x18,
	0x41, 0xFF, 0xD2, 0x48, 0x8D, 0x85, 0x38, 0x03, 0x00, 0x00, 0x48, 0xC7,
	0x85, 0x38, 0x03, 0x00, 0x00, 0x80, 0x2E, 0x0F, 0xF7, 0x45, 0x33, 0xC9,
	0x48, 0x89, 0x44, 0x24, 0x20, 0x45, 0x33, 0xC0, 0x48, 0x8D, 0x4C, 0x24,
	0x78, 0x33, 0xD2, 0xFF, 0x15, 0xA7, 0x7D, 0x00, 0x00, 0x3D, 0x02, 0x01,
	0x00, 0x00, 0x74, 0x0B, 0x8B, 0x45, 0x90, 0x85, 0xC0, 0x0F, 0x88, 0x4A,
	0x02, 0x00, 0x00, 0x4C, 0x8D, 0x85, 0x38, 0x03, 0x00, 0x00, 0x44, 0x89,
	0xB5, 0x38, 0x03, 0x00, 0x00, 0xBA, 0x00, 0x02, 0x00, 0x00, 0x48, 0x8D,
	0x8D, 0x00, 0x01, 0x00, 0x00, 0xE8, 0x52, 0xC9, 0xFF, 0xFF, 0x8B, 0xBD,
	0x38, 0x03, 0x00, 0x00, 0x85, 0xFF, 0x74, 0x75, 0x0F, 0x57, 0xC0, 0x4C,
	0x89, 0x74, 0x24, 0x20, 0x33, 0xC0, 0x48, 0x8D, 0x8D, 0x00, 0x01, 0x00,
	0x00, 0x45, 0x33, 0xC9, 0x48, 0x89, 0x44, 0x24, 0x70, 0x45, 0x33, 0xC0,
	0x8B, 0xD7, 0x0F, 0x11, 0x44, 0x24, 0x60, 0xFF, 0x15, 0x83, 0x7D, 0x00,
	0x00, 0x48, 0x89, 0x44, 0x24, 0x60, 0x48, 0x85, 0xC0, 0x74, 0x42, 0x48,
	0x8B, 0xC8, 0xFF, 0x15, 0x60, 0x7D, 0x00, 0x00, 0x45, 0x33, 0xC0, 0x44,
	0x89, 0x74, 0x24, 0x68, 0x41, 0x8B, 0xD7, 0x48, 0x89, 0x7C, 0x24, 0x70,
	0x48, 0x8D, 0x4C, 0x24, 0x78, 0xFF, 0x15, 0xF5, 0x7C, 0x00, 0x00, 0x33,
	0xD2, 0x41, 0x8A, 0xCF, 0xFF, 0x15, 0x42, 0x7D, 0x00, 0x00, 0x4C, 0x8B,
	0xC8, 0x48, 0x85, 0xC0, 0x75, 0x7D, 0x48, 0x8B, 0x4C, 0x24, 0x60, 0xFF,
	0x15, 0x57, 0x7D, 0x00, 0x00, 0xF0, 0x44, 0x01, 0x3D, 0x5B, 0xAC, 0x00,
	0x00, 0x45, 0x33, 0xC0, 0x48, 0x8D, 0x4C, 0x24, 0x78, 0x41, 0x8B, 0xD7,
	0xFF, 0x15, 0xBE, 0x7C, 0x00, 0x00, 0x33, 0xD2, 0x41, 0x8A, 0xCF, 0xFF,
	0x15, 0x0B, 0x7D, 0x00, 0x00, 0x48, 0x85, 0xC0, 0x0F, 0x84, 0xE8, 0x01,
	0x00, 0x00, 0x48, 0x8B, 0x90, 0xB8, 0x00, 0x00, 0x00, 0x48, 0x8D, 0x4C,
	0x24, 0x78, 0x48, 0x89, 0x4A, 0xF8, 0x48, 0x8B, 0xCB, 0x4C, 0x89, 0x6A,
	0xF0, 0xC6, 0x42, 0xBB, 0xE0, 0x48, 0x8B, 0x13, 0x4C, 0x8B, 0x42, 0x08,
	0x48, 0x8B, 0xD0, 0x41, 0xFF, 0xD0, 0x45, 0x33, 0xC9, 0x4C, 0x89, 0x74,
	0x24, 0x20, 0x45, 0x33, 0xC0, 0x48, 0x8D, 0x4C, 0x24, 0x78, 0x33, 0xD2,
	0xFF, 0x15, 0x8A, 0x7C, 0x00, 0x00, 0xE9, 0xA3, 0x01, 0x00, 0x00, 0x48,
	0x8B, 0x80, 0xB8, 0x00, 0x00, 0x00, 0x48, 0x8D, 0x4C, 0x24, 0x78, 0x45,
	0x33, 0xC0, 0x48, 0x8D, 0x54, 0x24, 0x60, 0x48, 0x89, 0x48, 0xF8, 0x48,
	0x8B, 0xCB, 0x4C, 0x89, 0x68, 0xF0, 0xC6, 0x40, 0xBB, 0xE0, 0x48, 0x8B,
	0x03, 0x4C, 0x8B, 0x50, 0x30, 0x41, 0xFF, 0xD2, 0x45, 0x33, 0xC9, 0x4C,
	0x89, 0x74, 0x24, 0x20, 0x45, 0x33, 0xC0, 0x48, 0x8D, 0x4C, 0x24, 0x78,
	0x33, 0xD2, 0xFF, 0x15, 0x40, 0x7C, 0x00, 0x00, 0x48, 0x8B, 0x4C, 0x24,
	0x60, 0xFF, 0x15, 0x95, 0x7C, 0x00, 0x00, 0x44, 0x39, 0x75, 0x90, 0x0F,
	0x8C, 0x34, 0xFF, 0xFF, 0xFF, 0x0F, 0x57, 0xC0, 0x4C, 0x89, 0x74, 0x24,
	0x20, 0x33, 0xC0, 0x48, 0x8D, 0x4D, 0x00, 0xBF, 0x00, 0x01, 0x00, 0x00,
	0x48, 0x89, 0x44, 0x24, 0x70, 0x8B, 0xD7, 0x45, 0x33, 0xC9, 0x45, 0x33,
	0xC0, 0x0F, 0x11, 0x44, 0x24, 0x60, 0xFF, 0x15, 0x40, 0x7C, 0x00, 0x00,
	0x48, 0x89, 0x44, 0x24, 0x60, 0x48, 0x85, 0xC0, 0x0F, 0x84, 0x99, 0x00,
	0x00, 0x00, 0x48, 0x8B, 0xC8, 0xFF, 0x15, 0x19, 0x7C, 0x00, 0x00, 0x45,
	0x33, 0xC0, 0x44, 0x89, 0x74, 0x24, 0x68, 0x41, 0x8B, 0xD7, 0x48, 0x89,
	0x7C, 0x24, 0x70, 0x48, 0x8D, 0x4C, 0x24, 0x78, 0xFF, 0x15, 0xAE, 0x7B,
	0x00, 0x00, 0x33, 0xD2, 0x41, 0x8A, 0xCF, 0xFF, 0x15, 0xFB, 0x7B, 0x00,
	0x00, 0x4C, 0x8B, 0xC8, 0x48, 0x85, 0xC0, 0x74, 0x57, 0x48, 0x8B, 0x80,
	0xB8, 0x00, 0x00, 0x00, 0x48, 0x8D, 0x4C, 0x24, 0x78, 0x45, 0x33, 0xC0,
	0x48, 0x8D, 0x54, 0x24, 0x60, 0x48, 0x89, 0x48, 0xF8, 0x48, 0x8B, 0xCB,
	0x4C, 0x89, 0x68, 0xF0, 0xC6, 0x40, 0xBB, 0xE0, 0x48, 0x8B, 0x03, 0x4C,
	0x8B, 0x50, 0x38, 0x41, 0xFF, 0xD2, 0x48, 0x8D, 0x85, 0x38, 0x03, 0x00,
	0x00, 0x48, 0xC7, 0x85, 0x38, 0x03, 0x00, 0x00, 0x00, 0x5D, 0x1E, 0xEE,
	0x45, 0x33, 0xC9, 0x48, 0x89, 0x44, 0x24, 0x20, 0x45, 0x33, 0xC0, 0x48,
	0x8D, 0x4C, 0x24, 0x78, 0x33, 0xD2, 0xFF, 0x15, 0x64, 0x7B, 0x00, 0x00,
	0x48, 0x8B, 0x4C, 0x24, 0x60, 0xFF, 0x15, 0xB9, 0x7B, 0x00, 0x00, 0x41,
	0x8B, 0xC6, 0x87, 0x05, 0xBC, 0xAA, 0x00, 0x00, 0xE9, 0x5C, 0xFE, 0xFF,
	0xFF, 0x45, 0x33, 0xC0, 0x48, 0x8D, 0x4C, 0x24, 0x78, 0x41, 0x8B, 0xD7,
	0xFF, 0x15, 0x1A, 0x7B, 0x00, 0x00, 0x33, 0xD2, 0x41, 0x8A, 0xCF, 0xFF,
	0x15, 0x67, 0x7B, 0x00, 0x00, 0x48, 0x85, 0xC0, 0x74, 0x40, 0x48, 0x8B,
	0x88, 0xB8, 0x00, 0x00, 0x00, 0x48, 0x8D, 0x54, 0x24, 0x78, 0x48, 0x89,
	0x51, 0xF8, 0x48, 0x8B, 0xD0, 0x4C, 0x89, 0x69, 0xF0, 0xC6, 0x41, 0xBB,
	0xE0, 0x48, 0x8B, 0x0B, 0x4C, 0x8B, 0x41, 0x08, 0x48, 0x8B, 0xCB, 0x41,
	0xFF, 0xD0, 0x45, 0x33, 0xC9, 0x4C, 0x89, 0x74, 0x24, 0x20, 0x45, 0x33,
	0xC0, 0x48, 0x8D, 0x4C, 0x24, 0x78, 0x33, 0xD2, 0xFF, 0x15, 0xEA, 0x7A,
	0x00, 0x00, 0xF0, 0x44, 0x01, 0x3D, 0x4E, 0xAA, 0x00, 0x00, 0x33, 0xC0,
	0xF0, 0x44, 0x0F, 0xB1, 0x35, 0x43, 0xAA, 0x00, 0x00, 0x83, 0xF8, 0x03,
	0x7C, 0x22, 0x4C, 0x8B, 0x15, 0x2B, 0xA1, 0x00, 0x00, 0x4D, 0x85, 0xD2,
	0x74, 0x16, 0x48, 0x63, 0xD0, 0x45, 0x33, 0xC9, 0x45, 0x33, 0xC0, 0x4C,
	0x89, 0x74, 0x24, 0x20, 0xB9, 0x20, 0x5E, 0xAD, 0xDE, 0x41, 0xFF, 0xD2,
	0x33, 0xC9, 0x4C, 0x8D, 0x9C, 0x24, 0x00, 0x04, 0x00, 0x00, 0x49, 0x8B,
	0x5B, 0x30, 0x49, 0x8B, 0x73, 0x40, 0x49, 0x8B, 0x7B, 0x48, 0x49, 0x8B,
	0xE3, 0x41, 0x5F, 0x41, 0x5E, 0x41, 0x5D, 0x41, 0x5C, 0x5D, 0x48, 0xFF,
	0x25, 0x07, 0xA1, 0x00, 0x00, 0xCC, 0xCC, 0xCC, 0x48, 0x89, 0x5C, 0x24,
	0x08, 0x57, 0x48, 0x83, 0xEC, 0x20, 0x48, 0x8B, 0xD9, 0x48, 0x85, 0xC9,
	0x74, 0x59, 0x48, 0x8B, 0x05, 0x43, 0xA0, 0x00, 0x00, 0xFF, 0xD0, 0x84,
	0xC0, 0x74, 0x4C, 0x48, 0x8B, 0x5B, 0x08, 0x48, 0x85, 0xDB, 0x74, 0x3B,
	0x48, 0x8B, 0x05, 0x2D, 0xA0, 0x00, 0x00, 0x48, 0x8B, 0xCB, 0xFF, 0xD0,
	0x84, 0xC0, 0x74, 0x2B, 0x48, 0x8B, 0x05, 0x1D, 0xA0, 0x00, 0x00, 0x48,
	0x8D, 0x4B, 0xD0, 0xFF, 0xD0, 0x84, 0xC0, 0x74, 0x0B, 0xF6, 0x43, 0xEA,
	0x02, 0x74, 0x05, 0x0F, 0xBA, 0x6B, 0x30, 0x07, 0xB9, 0x01, 0x00, 0x00,
	0x00, 0x87, 0x0D, 0x9D, 0xA5, 0x00, 0x00, 0xB0, 0x01, 0xEB, 0x0A, 0x32,
	0xC0, 0xEB, 0x06, 0x32, 0xC0, 0xEB, 0x02, 0x32, 0xC0, 0x48, 0x8B, 0x5C,
	0x24, 0x30, 0x48, 0x83, 0xC4, 0x20, 0x5F, 0xC3, 0x48, 0x8B, 0xC4, 0x48,
	0x89, 0x58, 0x08, 0x48, 0x89, 0x70, 0x10, 0x48, 0x89, 0x78, 0x18, 0x4C,
	0x89, 0x70, 0x20, 0x41, 0x57, 0x48, 0x83, 0xEC, 0x70, 0x4C, 0x8B, 0xF2,
	0x45, 0x33, 0xFF, 0x33, 0xC0, 0xF0, 0x4C, 0x0F, 0xB1, 0x3D, 0x82, 0xA6,
	0x00, 0x00, 0x0F, 0x84, 0x18, 0x01, 0x00, 0x00, 0x48, 0x3B, 0xD0, 0x0F,
	0x85, 0x0F, 0x01, 0x00, 0x00, 0x48, 0x85, 0xC9, 0x0F, 0x84, 0x06, 0x01,
	0x00, 0x00, 0x48, 0x8B, 0x79, 0x08, 0x48, 0x85, 0xFF, 0x0F, 0x84, 0xF9,
	0x00, 0x00, 0x00, 0x0F, 0xB7, 0x19, 0x66, 0x85, 0xDB, 0x0F, 0x84, 0xED,
	0x00, 0x00, 0x00, 0x66, 0xD1, 0xEB, 0x0F, 0xB7, 0xF3, 0x0F, 0xB7, 0xCB,
	0x66, 0x89, 0x5C, 0x24, 0x20, 0x66, 0x85, 0xC9, 0x74, 0x26, 0x0F, 0xB7,
	0xC1, 0x0F, 0xB7, 0x54, 0x47, 0xFE, 0x66, 0x83, 0xFA, 0x5C, 0x74, 0x15,
	0x66, 0x83, 0xFA, 0x2F, 0x74, 0x0F, 0xB8, 0xFF, 0xFF, 0x00, 0x00, 0x66,
	0x03, 0xC8, 0x66, 0x89, 0x4C, 0x24, 0x20, 0xEB, 0xD8, 0x0F, 0xB7, 0xF1,
	0x33, 0xD2, 0x44, 0x8D, 0x42, 0x40, 0x48, 0x8D, 0x4C, 0x24, 0x30, 0xE8,
	0x10, 0x62, 0x00, 0x00, 0x66, 0x2B, 0xDE, 0xB8, 0x3F, 0x00, 0x00, 0x00,
	0x66, 0x3B, 0xD8, 0x76, 0x02, 0x8B, 0xD8, 0x41, 0x0F, 0xB7, 0xD7, 0x41,
	0xBA, 0x01, 0x00, 0x00, 0x00, 0x66, 0x89, 0x54, 0x24, 0x24, 0x66, 0x3B,
	0xD3, 0x73, 0x1B, 0x0F, 0xB7, 0xCA, 0x0F, 0xB7, 0xC6, 0x03, 0xC8, 0x8A,
	0x0C, 0x4F, 0x80, 0xE1, 0x7F, 0x0F, 0xB7, 0xC2, 0x88, 0x4C, 0x04, 0x30,
	0x66, 0x41, 0x03, 0xD2, 0xEB, 0xDB, 0x45, 0x8B, 0xC7, 0x44, 0x89, 0x7C,
	0x24, 0x28, 0x4C, 0x8D, 0x1D, 0xA3, 0x7D, 0x00, 0x00, 0x41, 0x83, 0xF8,
	0x0A, 0x7D, 0x4F, 0x45, 0x8B, 0xCF, 0x44, 0x89, 0x7C, 0x24, 0x2C, 0x49,
	0x63, 0xC0, 0x48, 0x03, 0xC0, 0x45, 0x3B, 0x4C, 0xC3, 0x08, 0x7D, 0x2B,
	0x49, 0x63, 0xD1, 0x49, 0x8B, 0x04, 0xC3, 0x8A, 0x0C, 0x10, 0x80, 0xC9,
	0x20, 0x8A, 0x44, 0x14, 0x30, 0x0C, 0x20, 0x3A, 0xC1, 0x74, 0x0A, 0x45,
	0x03, 0xC2, 0x44, 0x89, 0x44, 0x24, 0x28, 0xEB, 0xC4, 0x45, 0x03, 0xCA,
	0x44, 0x89, 0x4C, 0x24, 0x2C, 0xEB, 0xC8, 0x41, 0x8B, 0xD6, 0xB9, 0x02,
	0x00, 0x00, 0x00, 0xE8, 0x8C, 0x4B, 0x00, 0x00, 0xEB, 0x02, 0xEB, 0x00,
	0x4C, 0x8D, 0x5C, 0x24, 0x70, 0x49, 0x8B, 0x5B, 0x10, 0x49, 0x8B, 0x73,
	0x18, 0x49, 0x8B, 0x7B, 0x20, 0x4D, 0x8B, 0x73, 0x28, 0x49, 0x8B, 0xE3,
	0x41, 0x5F, 0xC3, 0xCC, 0x48, 0x85, 0xD2, 0x0F, 0x85, 0x07, 0x02, 0x00,
	0x00, 0x48, 0x8B, 0xC4, 0x48, 0x89, 0x58, 0x08, 0x48, 0x89, 0x70, 0x10,
	0x48, 0x89, 0x78, 0x18, 0x55, 0x41, 0x56, 0x41, 0x57, 0x48, 0x8D, 0x68,
	0xA1, 0x48, 0x81, 0xEC, 0xD0, 0x00, 0x00, 0x00, 0x45, 0x33, 0xF6, 0x48,
	0x85, 0xC9, 0x0F, 0x84, 0xC0, 0x01, 0x00, 0x00, 0x48, 0x8B, 0x51, 0x08,
	0x48, 0x85, 0xD2, 0x0F, 0x84, 0xB3, 0x01, 0x00, 0x00, 0x44, 0x0F, 0xB7,
	0x01, 0x66, 0x45, 0x85, 0xC0, 0x0F, 0x84, 0xA5, 0x01, 0x00, 0x00, 0x48,
	0x8D, 0x05, 0x1A, 0x64, 0x00, 0x00, 0x66, 0x41, 0xD1, 0xE8, 0x48, 0x89,
	0x45, 0x97, 0x45, 0x0F, 0xB7, 0xCE, 0x48, 0x8D, 0x05, 0x27, 0x64, 0x00,
	0x00, 0x41, 0x0F, 0xB7, 0xC8, 0x48, 0x89, 0x45, 0x9F, 0x48, 0x8D, 0x05,
	0x38, 0x64, 0x00, 0x00, 0x48, 0x89, 0x45, 0xA7, 0x48, 0x8D, 0x05, 0x4D,
	0x64, 0x00, 0x00, 0x48, 0x89, 0x45, 0xAF, 0x48, 0x8D, 0x05, 0x62, 0x64,
	0x00, 0x00, 0x48, 0x89, 0x45, 0xB7, 0x48, 0x8D, 0x05, 0x67, 0x64, 0x00,
	0x00, 0x48, 0x89, 0x45, 0xBF, 0x48, 0x8D, 0x05, 0x7C, 0x64, 0x00, 0x00,
	0x48, 0x89, 0x45, 0xC7, 0x48, 0x8D, 0x05, 0x91, 0x64, 0x00, 0x00, 0x48,
	0x89, 0x45, 0xCF, 0x48, 0x8D, 0x05, 0xA6, 0x64, 0x00, 0x00, 0x48, 0x89,
	0x45, 0xD7, 0x48, 0x8D, 0x05, 0xBB, 0x64, 0x00, 0x00, 0x48, 0x89, 0x45,
	0xDF, 0x48, 0x8D, 0x05, 0xC0, 0x64, 0x00, 0x00, 0x48, 0x89, 0x45, 0xE7,
	0x48, 0x8D, 0x05, 0xD5, 0x64, 0x00, 0x00, 0x48, 0x89, 0x45, 0xEF, 0x48,
	0x8D, 0x05, 0xEA, 0x64, 0x00, 0x00, 0x48, 0x89, 0x45, 0xF7, 0x48, 0x8D,
	0x05, 0xFF, 0x64, 0x00, 0x00, 0x48, 0x89, 0x45, 0xFF, 0x48, 0x8D, 0x05,
	0x14, 0x65, 0x00, 0x00, 0x48, 0x89, 0x45, 0x07, 0x48, 0x8D, 0x05, 0x19,
	0x65, 0x00, 0x00, 0x48, 0x89, 0x45, 0x0F, 0x48, 0x8D, 0x05, 0x2E, 0x65,
	0x00, 0x00, 0x48, 0x89, 0x45, 0x17, 0x48, 0x8D, 0x05, 0x43, 0x65, 0x00,
	0x00, 0x48, 0x89, 0x45, 0x1F, 0x48, 0x8D, 0x05, 0x58, 0x65, 0x00, 0x00,
	0x48, 0x89, 0x45, 0x27, 0x48, 0x8D, 0x05, 0x6D, 0x65, 0x00, 0x00, 0x48,
	0x89, 0x45, 0x2F, 0x48, 0x8D, 0x05, 0x72, 0x65, 0x00, 0x00, 0x48, 0x89,
	0x45, 0x37, 0x74, 0x1B, 0x0F, 0xB7, 0xC1, 0x66, 0x83, 0x7C, 0x42, 0xFE,
	0x5C, 0x74, 0x0C, 0xB8, 0xFF, 0xFF, 0x00, 0x00, 0x66, 0x03, 0xC8, 0x75,
	0xEB, 0xEB, 0x04, 0x44, 0x0F, 0xB7, 0xC9, 0x41, 0x0F, 0xB7, 0xC1, 0x66,
	0x45, 0x2B, 0xC1, 0x4D, 0x8B, 0xCE, 0x41, 0xBF, 0x01, 0x00, 0x00, 0x00,
	0x48, 0x8D, 0x34, 0x42, 0x4A, 0x8B, 0x7C, 0xCD, 0x97, 0x41, 0x0F, 0xB7,
	0xD6, 0x66, 0x44, 0x39, 0x37, 0x74, 0x14, 0x66, 0x41, 0x03, 0xD7, 0x0F,
	0xB7, 0xC2, 0x66, 0x44, 0x39, 0x34, 0x47, 0x75, 0xF2, 0x66, 0x41, 0x3B,
	0xD0, 0x77, 0x7A, 0x45, 0x0F, 0xB7, 0xD6, 0x66, 0x44, 0x3B, 0xF2, 0x73,
	0x3A, 0x41, 0x0F, 0xB7, 0xC2, 0x0F, 0xB7, 0x0C, 0x46, 0x44, 0x0F, 0xB7,
	0x1C, 0x47, 0x8D, 0x41, 0xBF, 0x66, 0x83, 0xF8, 0x19, 0x8D, 0x59, 0x20,
	0x41, 0x8D, 0x43, 0xBF, 0x66, 0x0F, 0x47, 0xD9, 0x66, 0x83, 0xF8, 0x19,
	0x77, 0x05, 0x66, 0x41, 0x83, 0xC3, 0x20, 0x66, 0x41, 0x3B, 0xDB, 0x75,
	0x40, 0x66, 0x45, 0x03, 0xD7, 0x66, 0x44, 0x3B, 0xD2, 0x72, 0xC6, 0xF0,
	0x4C, 0x01, 0x3D, 0x25, 0xA2, 0x00, 0x00, 0x48, 0x8B, 0x15, 0x1E, 0xA2,
	0x00, 0x00, 0xB9, 0x03, 0x00, 0x00, 0x00, 0xE8, 0x78, 0x49, 0x00, 0x00,
	0x4C, 0x8D, 0x9C, 0x24, 0xD0, 0x00, 0x00, 0x00, 0x49, 0x8B, 0x5B, 0x20,
	0x49, 0x8B, 0x73, 0x28, 0x49, 0x8B, 0x7B, 0x30, 0x49, 0x8B, 0xE3, 0x41,
	0x5F, 0x41, 0x5E, 0x5D, 0xC3, 0x4D, 0x03, 0xCF, 0x49, 0x83, 0xF9, 0x15,
	0x0F, 0x8C, 0x56, 0xFF, 0xFF, 0xFF, 0xEB, 0xD4, 0x48, 0x89, 0x5C, 0x24,
	0x20, 0x89, 0x54, 0x24, 0x10, 0x48, 0x89, 0x4C, 0x24, 0x08, 0x56, 0x57,
	0x41, 0x56, 0x48, 0x83, 0xEC, 0x20, 0x8B, 0xDA, 0x48, 0x8B, 0xF9, 0x48,
	0x8B, 0xF1, 0x48, 0x89, 0x4C, 0x24, 0x50, 0x48, 0x85, 0xC9, 0x0F, 0x84,
	0xD4, 0x00, 0x00, 0x00, 0x85, 0xD2, 0x0F, 0x84, 0xCC, 0x00, 0x00, 0x00,
	0x48, 0x89, 0x0D, 0xC5, 0xA0, 0x00, 0x00, 0x89, 0x1D, 0xC7, 0xA0, 0x00,
	0x00, 0x41, 0xB8, 0x4D, 0x6D, 0x43, 0x73, 0x8B, 0xD3, 0xB9, 0x40, 0x00,
	0x00, 0x00, 0xFF, 0x15, 0x54, 0x76, 0x00, 0x00, 0x48, 0x89, 0x05, 0xDD,
	0xA0, 0x00, 0x00, 0x48, 0x85, 0xC0, 0x74, 0x3B, 0x44, 0x8B, 0xC3, 0x48,
	0x8B, 0xD6, 0x48, 0x8B, 0xC8, 0xE8, 0x02, 0x5C, 0x00, 0x00, 0xEB, 0x2B,
	0xBA, 0x4D, 0x6D, 0x43, 0x73, 0x48, 0x8B, 0x0D, 0xBC, 0xA0, 0x00, 0x00,
	0xFF, 0x15, 0x2E, 0x76, 0x00, 0x00, 0x48, 0xC7, 0x05, 0xAB, 0xA0, 0x00,
	0x00, 0x00, 0x00, 0x00, 0x00, 0x8B, 0x5C, 0x24, 0x48, 0x48, 0x8B, 0x7C,
	0x24, 0x40, 0x48, 0x8B, 0x74, 0x24, 0x50, 0xB9, 0xFF, 0xFF, 0xFF, 0xFF,
	0x8B, 0xD3, 0x83, 0xE2, 0xF8, 0x41, 0xB8, 0x00, 0x00, 0x00, 0x00, 0x76,
	0x13, 0x41, 0x8B, 0xC0, 0xF2, 0x48, 0x0F, 0x38, 0xF1, 0x0C, 0x30, 0x41,
	0x83, 0xC0, 0x08, 0x44, 0x3B, 0xC2, 0x72, 0xED, 0x3B, 0xD3, 0x73, 0x1B,
	0x44, 0x8B, 0xC2, 0x4C, 0x03, 0xC7, 0x2B, 0xDA, 0x8B, 0xC3, 0xF2, 0x41,
	0x0F, 0x38, 0xF0, 0x08, 0x8B, 0xC9, 0x49, 0xFF, 0xC0, 0x48, 0x83, 0xE8,
	0x01, 0x75, 0xEF, 0xF7, 0xD1, 0x89, 0x0D, 0x15, 0xA0, 0x00, 0x00, 0x8B,
	0x0D, 0x0F, 0xA0, 0x00, 0x00, 0x85, 0xC9, 0x74, 0x0F, 0xB9, 0x01, 0x00,
	0x00, 0x00, 0x87, 0x0D, 0x10, 0xA0, 0x00, 0x00, 0xB0, 0x01, 0xEB, 0x02,
	0x32, 0xC0, 0x48, 0x8B, 0x5C, 0x24, 0x58, 0x48, 0x83, 0xC4, 0x20, 0x41,
	0x5E, 0x5F, 0x5E, 0xC3, 0x40, 0x53, 0x56, 0x57, 0x41, 0x54, 0x41, 0x55,
	0x41, 0x56, 0x41, 0x57, 0x48, 0x81, 0xEC, 0x00, 0x0B, 0x00, 0x00, 0x48,
	0xC7, 0x84, 0x24, 0xB8, 0x01, 0x00, 0x00, 0xC0, 0xBD, 0xF0, 0xFF, 0x33,
	0xF6, 0x8B, 0xDE, 0x44, 0x8D, 0x76, 0x01, 0x33, 0xC0, 0xF0, 0x0F, 0xB1,
	0x35, 0xF7, 0x96, 0x00, 0x00, 0x0F, 0x85, 0x45, 0x37, 0x00, 0x00, 0x48,
	0x8B, 0x05, 0xAA, 0xC4, 0x00, 0x00, 0x48, 0x85, 0xC0, 0x75, 0x20, 0x4C,
	0x8D, 0x84, 0x24, 0xB8, 0x01, 0x00, 0x00, 0x33, 0xD2, 0x33, 0xC9, 0x48,
	0x8B, 0x05, 0x9A, 0x9B, 0x00, 0x00, 0xFF, 0xD0, 0x41, 0x03, 0xDE, 0x81,
	0xFB, 0x2C, 0x01, 0x00, 0x00, 0x72, 0xC4, 0x48, 0x8B, 0x05, 0x7E, 0xC4,
	0x00, 0x00, 0x48, 0x85, 0xC0, 0x0F, 0x85, 0x42, 0x03, 0x00, 0x00, 0x48,
	0x8B, 0x0D, 0xA6, 0x96, 0x00, 0x00, 0x48, 0x85, 0xC9, 0x0F, 0x84, 0x32,
	0x03, 0x00, 0x00, 0x48, 0x8B, 0x05, 0xC6, 0x9A, 0x00, 0x00, 0xFF, 0xD0,
	0x84, 0xC0, 0x0F, 0x84, 0x21, 0x03, 0x00, 0x00, 0x48, 0x8B, 0x05, 0x85,
	0x96, 0x00, 0x00, 0x48, 0x8B, 0x48, 0x28, 0x48, 0x85, 0xC9, 0x0F, 0x84,
	0x0D, 0x03, 0x00, 0x00, 0x48, 0x8B, 0x05, 0xA1, 0x9A, 0x00, 0x00, 0xFF,
	0xD0, 0x84, 0xC0, 0x0F, 0x84, 0xFC, 0x02, 0x00, 0x00, 0x48, 0x8B, 0x05,
	0x60, 0x96, 0x00, 0x00, 0x4C, 0x8B, 0x60, 0x28, 0x4C, 0x89, 0xA4, 0x24,
	0x80, 0x00, 0x00, 0x00, 0x4C, 0x89, 0xA4, 0x24, 0xD0, 0x00, 0x00, 0x00,
	0x49, 0x8B, 0xC4, 0x48, 0x89, 0x84, 0x24, 0x00, 0x01, 0x00, 0x00, 0x49,
	0x8B, 0x1C, 0x24, 0xB9, 0x00, 0x02, 0x00, 0x00, 0x49, 0xBF, 0x00, 0x00,
	0x00, 0x00, 0x00, 0x80, 0xFF, 0xFF, 0x41, 0xBD, 0x4D, 0x5A, 0x00, 0x00,
	0xBA, 0xFF, 0xFF, 0xFF, 0xFF, 0x48, 0x89, 0x5C, 0x24, 0x58, 0x48, 0x85,
	0xDB, 0x0F, 0x84, 0xAA, 0x02, 0x00, 0x00, 0x48, 0x3B, 0xD8, 0x0F, 0x84,
	0xA1, 0x02, 0x00, 0x00, 0x8B, 0xC1, 0x03, 0xCA, 0x89, 0x8C, 0x24, 0x48,
	0x0B, 0x00, 0x00, 0x85, 0xC0, 0x0F, 0x84, 0x8E, 0x02, 0x00, 0x00, 0x48,
	0x8B, 0x05, 0x22, 0x9A, 0x00, 0x00, 0x48, 0x8B, 0xCB, 0xFF, 0xD0, 0x84,
	0xC0, 0x0F, 0x84, 0x7A, 0x02, 0x00, 0x00, 0x48, 0x8B, 0x05, 0x0E, 0x9A,
	0x00, 0x00, 0x48, 0x8B, 0xCB, 0xFF, 0xD0, 0x84, 0xC0, 0x0F, 0x84, 0x4F,
	0x02, 0x00, 0x00, 0x48, 0x8B, 0x7B, 0x30, 0x48, 0x85, 0xFF, 0x0F, 0x84,
	0x42, 0x02, 0x00, 0x00, 0x8B, 0x43, 0x40, 0x89, 0x84, 0x24, 0x58, 0x0B,
	0x00, 0x00, 0x85, 0xC0, 0x0F, 0x84, 0x30, 0x02, 0x00, 0x00, 0x49, 0x3B,
	0x7C, 0x24, 0x30, 0x0F, 0x84, 0x25, 0x02, 0x00, 0x00, 0x49, 0x3B, 0xFF,
	0x0F, 0x82, 0x1C, 0x02, 0x00, 0x00, 0x3D, 0x00, 0x00, 0x20, 0x03, 0x0F,
	0x87, 0x11, 0x02, 0x00, 0x00, 0x48, 0x8B, 0x05, 0xBC, 0x99, 0x00, 0x00,
	0x48, 0x8B, 0xCF, 0xFF, 0xD0, 0x84, 0xC0, 0x75, 0x11, 0x8B, 0x8C, 0x24,
	0x48, 0x0B, 0x00, 0x00, 0xBA, 0xFF, 0xFF, 0xFF, 0xFF, 0xE9, 0xE0, 0x01,
	0x00, 0x00, 0x66, 0x44, 0x39, 0x2F, 0x74, 0x11, 0x8B, 0x8C, 0x24, 0x48,
	0x0B, 0x00, 0x00, 0xBA, 0xFF, 0xFF, 0xFF, 0xFF, 0xE9, 0xC9, 0x01, 0x00,
	0x00, 0x4C, 0x63, 0x6F, 0x3C, 0x4C, 0x03, 0xEF, 0x48, 0x8B, 0x05, 0x7D,
	0x99, 0x00, 0x00, 0x49, 0x8B, 0xCD, 0xFF, 0xD0, 0x84, 0xC0, 0x0F, 0x84,
	0x63, 0x01, 0x00, 0x00, 0x41, 0x81, 0x7D, 0x00, 0x50, 0x45, 0x00, 0x00,
	0x0F, 0x85, 0x55, 0x01, 0x00, 0x00, 0x45, 0x0F, 0xB7, 0x45, 0x14, 0x4D,
	0x03, 0xC5, 0x4C, 0x89, 0x84, 0x24, 0x38, 0x01, 0x00, 0x00, 0x44, 0x0F,
	0xB7, 0xFE, 0x66, 0x89, 0xB4, 0x24, 0x88, 0x00, 0x00, 0x00, 0x66, 0x45,
	0x3B, 0x7D, 0x06, 0x0F, 0x83, 0x08, 0x01, 0x00, 0x00, 0x41, 0x0F, 0xB7,
	0xC7, 0x48, 0x8D, 0x0C, 0x80, 0x41, 0x8B, 0x54, 0xC8, 0x24, 0x48, 0x03,
	0xD7, 0x48, 0x89, 0x94, 0x24, 0xF8, 0x00, 0x00, 0x00, 0x41, 0x8B, 0x44,
	0xC8, 0x20, 0x89, 0x84, 0x24, 0x50, 0x0B, 0x00, 0x00, 0x83, 0xF8, 0x48,
	0x73, 0x05, 0xE9, 0xC8, 0x00, 0x00, 0x00, 0x89, 0xB4, 0x24, 0xF4, 0x00,
	0x00, 0x00, 0x44, 0x8B, 0xE6, 0x89, 0xB4, 0x24, 0x28, 0x01, 0x00, 0x00,
	0x41, 0x8B, 0xCC, 0x48, 0x83, 0xE8, 0x48, 0x48, 0x3B, 0xC8, 0x0F, 0x87,
	0x9F, 0x00, 0x00, 0x00, 0x48, 0x8B, 0x05, 0xE5, 0x98, 0x00, 0x00, 0x48,
	0x03, 0xCA, 0xFF, 0xD0, 0x84, 0xC0, 0x75, 0x02, 0xEB, 0x4A, 0x48, 0x8B,
	0x94, 0x24, 0xF8, 0x00, 0x00, 0x00, 0x41, 0x8B, 0xCC, 0x8B, 0x04, 0x11,
	0x3D, 0x53, 0x4F, 0x48, 0x57, 0x74, 0x02, 0xEB, 0x3B, 0x44, 0x01, 0xB4,
	0x24, 0xF4, 0x00, 0x00, 0x00, 0x48, 0x83, 0xC2, 0x04, 0x48, 0x03, 0xCA,
	0x48, 0x89, 0x8C, 0x24, 0xA8, 0x01, 0x00, 0x00, 0x48, 0x8B, 0x05, 0xA5,
	0x98, 0x00, 0x00, 0xFF, 0xD0, 0x84, 0xC0, 0x74, 0xC3, 0x48, 0x8B, 0x84,
	0x24, 0xA8, 0x01, 0x00, 0x00, 0x8B, 0x00, 0x41, 0x3B, 0xC6, 0x74, 0x20,
	0x48, 0x8B, 0x94, 0x24, 0xF8, 0x00, 0x00, 0x00, 0x41, 0x83, 0xC4, 0x04,
	0x44, 0x89, 0xA4, 0x24, 0x28, 0x01, 0x00, 0x00, 0x8B, 0x84, 0x24, 0x50,
	0x0B, 0x00, 0x00, 0xE9, 0x74, 0xFF, 0xFF, 0xFF, 0x48, 0x89, 0x3D, 0x01,
	0xC2, 0x00, 0x00, 0x8B, 0x84, 0x24, 0x58, 0x0B, 0x00, 0x00, 0x89, 0x05,
	0xEC, 0xC1, 0x00, 0x00, 0x48, 0xBB, 0x00, 0x00, 0x00, 0x00, 0x00, 0x80,
	0xFF, 0xFF, 0xE9, 0xBC, 0x00, 0x00, 0x00, 0x4C, 0x8B, 0x84, 0x24, 0x38,
	0x01, 0x00, 0x00, 0x66, 0x45, 0x03, 0xFE, 0x66, 0x44, 0x89, 0xBC, 0x24,
	0x88, 0x00, 0x00, 0x00, 0xE9, 0xED, 0xFE, 0xFF, 0xFF, 0x49, 0xBF, 0x00,
	0x00, 0x00, 0x00, 0x00, 0x80, 0xFF, 0xFF, 0x8B, 0x8C, 0x24, 0x48, 0x0B,
	0x00, 0x00, 0x4C, 0x8B, 0xA4, 0x24, 0x80, 0x00, 0x00, 0x00, 0xBA, 0xFF,
	0xFF, 0xFF, 0xFF, 0x41, 0xBD, 0x4D, 0x5A, 0x00, 0x00, 0xEB, 0x4B, 0x8B,
	0x8C, 0x24, 0x48, 0x0B, 0x00, 0x00, 0xBA, 0xFF, 0xFF, 0xFF, 0xFF, 0x41,
	0xBD, 0x4D, 0x5A, 0x00, 0x00, 0xEB, 0x37, 0x33, 0xF6, 0xBA, 0xFF, 0xFF,
	0xFF, 0xFF, 0x44, 0x8D, 0x76, 0x01, 0x49, 0xBF, 0x00, 0x00, 0x00, 0x00,
	0x00, 0x80, 0xFF, 0xFF, 0x41, 0xBD, 0x4D, 0x5A, 0x00, 0x00, 0x4C, 0x8B,
	0xA4, 0x24, 0xD0, 0x00, 0x00, 0x00, 0x4C, 0x89, 0xA4, 0x24, 0x80, 0x00,
	0x00, 0x00, 0x8B, 0x8C, 0x24, 0x48, 0x0B, 0x00, 0x00, 0x48, 0x8B, 0x5C,
	0x24, 0x58, 0x48, 0x8B, 0x1B, 0x48, 0x8B, 0x84, 0x24, 0x00, 0x01, 0x00,
	0x00, 0xE9, 0x5F, 0xFD, 0xFF, 0xFF, 0x48, 0x8B, 0x1B, 0x8B, 0x8C, 0x24,
	0x48, 0x0B, 0x00, 0x00, 0x48, 0x8B, 0x84, 0x24, 0x00, 0x01, 0x00, 0x00,
	0xE9, 0x43, 0xFD, 0xFF, 0xFF, 0x48, 0xBB, 0x00, 0x00, 0x00, 0x00, 0x00,
	0x80, 0xFF, 0xFF, 0x48, 0x8B, 0x05, 0x22, 0xC1, 0x00, 0x00, 0x48, 0x85,
	0xC0, 0x0F, 0x84, 0xAD, 0x33, 0x00, 0x00, 0x4C, 0x8B, 0x3D, 0x12, 0xC1,
	0x00, 0x00, 0x48, 0x8B, 0x05, 0x73, 0x97, 0x00, 0x00, 0x49, 0x8B, 0xCF,
	0xFF, 0xD0, 0x84, 0xC0, 0x0F, 0x84, 0x92, 0x33, 0x00, 0x00, 0x4C, 0x3B,
	0xFB, 0x0F, 0x82, 0x89, 0x33, 0x00, 0x00, 0x48, 0x89, 0xB4, 0x24, 0x50,
	0x0B, 0x00, 0x00, 0x89, 0xB4, 0x24, 0x48, 0x0B, 0x00, 0x00, 0x4C, 0x8D,
	0x84, 0x24, 0x48, 0x0B, 0x00, 0x00, 0x48, 0x8D, 0x94, 0x24, 0x50, 0x0B,
	0x00, 0x00, 0x49, 0x8B, 0xCF, 0xE8, 0x1A, 0xEF, 0xFF, 0xFF, 0x84, 0xC0,
	0x0F, 0x84, 0x5A, 0x33, 0x00, 0x00, 0x48, 0x8B, 0xBC, 0x24, 0x50, 0x0B,
	0x00, 0x00, 0x48, 0x85, 0xFF, 0x0F, 0x84, 0x49, 0x33, 0x00, 0x00, 0x8B,
	0x9C, 0x24, 0x48, 0x0B, 0x00, 0x00, 0x8D, 0x43, 0xFF, 0x3D, 0xFF, 0xFF,
	0x9F, 0x00, 0x0F, 0x87, 0x34, 0x33, 0x00, 0x00, 0x48, 0x8B, 0x05, 0xA1,
	0xC0, 0x00, 0x00, 0x48, 0x85, 0xC0, 0x74, 0x1B, 0x48, 0x8B, 0x05, 0xF5,
	0x96, 0x00, 0x00, 0x48, 0x8B, 0x0D, 0x8E, 0xC0, 0x00, 0x00, 0xFF, 0xD0,
	0x84, 0xC0, 0x4C, 0x8B, 0x25, 0x83, 0xC0, 0x00, 0x00, 0x75, 0x03, 0x4C,
	0x8B, 0xE6, 0x4C, 0x89, 0xA4, 0x24, 0x80, 0x00, 0x00, 0x00, 0x48, 0x8B,
	0x05, 0xCF, 0x96, 0x00, 0x00, 0x48, 0x8B, 0xCF, 0xFF, 0xD0, 0x84, 0xC0,
	0x0F, 0x84, 0xA0, 0x00, 0x00, 0x00, 0x48, 0x8B, 0x15, 0xBB, 0x96, 0x00,
	0x00, 0x48, 0x8D, 0x4B, 0xFF, 0x48, 0x03, 0xCF, 0xFF, 0xD2, 0x84, 0xC0,
	0x0F, 0x84, 0x88, 0x00, 0x00, 0x00, 0x48, 0x89, 0x3D, 0x23, 0x9B, 0x00,
	0x00, 0x89, 0x1D, 0x25, 0x9B, 0x00, 0x00, 0x8B, 0xD3, 0x48, 0x8B, 0xCF,
	0xE8, 0x87, 0xE8, 0xFF, 0xFF, 0x84, 0xC0, 0x74, 0x6D, 0xB9, 0xFF, 0xFF,
	0xFF, 0xFF, 0x8B, 0xD3, 0x83, 0xE2, 0xF8, 0x44, 0x8B, 0xC6, 0x76, 0x13,
	0x41, 0x8B, 0xC0, 0xF2, 0x48, 0x0F, 0x38, 0xF1, 0x0C, 0x38, 0x41, 0x83,
	0xC0, 0x08, 0x44, 0x3B, 0xC2, 0x72, 0xED, 0x3B, 0xD3, 0x73, 0x1C, 0x44,
	0x8B, 0xC2, 0x4C, 0x03, 0xC7, 0x8B, 0xC3, 0x2B, 0xC2, 0x8B, 0xD0, 0xF2,
	0x41, 0x0F, 0x38, 0xF0, 0x08, 0x8B, 0xC9, 0x4D, 0x03, 0xC6, 0x49, 0x2B,
	0xD6, 0x75, 0xF0, 0xF7, 0xD1, 0x89, 0x0D, 0xC1, 0x9A, 0x00, 0x00, 0x8B,
	0x05, 0xBB, 0x9A, 0x00, 0x00, 0x85, 0xC0, 0x75, 0x19, 0xBA, 0x4D, 0x6D,
	0x43, 0x6D, 0x48, 0x8B, 0x0D, 0xBF, 0x9A, 0x00, 0x00, 0xFF, 0x15, 0x79,
	0x70, 0x00, 0x00, 0x48, 0x89, 0x35, 0xB2, 0x9A, 0x00, 0x00, 0x4D, 0x85,
	0xE4, 0x74, 0x08, 0x49, 0x8B, 0xCC, 0xE8, 0x75, 0x43, 0x00, 0x00, 0x48,
	0x8B, 0x3D, 0xDE, 0x91, 0x00, 0x00, 0x48, 0x85, 0xFF, 0x74, 0x3A, 0x48,
	0x8B, 0x05, 0x02, 0x96, 0x00, 0x00, 0x48, 0x8B, 0xCF, 0xFF, 0xD0, 0x84,
	0xC0, 0x74, 0x2A, 0x48, 0x8B, 0x4F, 0x28, 0x48, 0x85, 0xC9, 0x74, 0x21,
	0x48, 0x8B, 0x05, 0xE9, 0x95, 0x00, 0x00, 0xFF, 0xD0, 0x84, 0xC0, 0x74,
	0x14, 0x48, 0x8B, 0x47, 0x28, 0x48, 0x89, 0x05, 0x18, 0x9A, 0x00, 0x00,
	0x41, 0x8B, 0xC6, 0x87, 0x05, 0x17, 0x9A, 0x00, 0x00, 0x8B, 0x0D, 0x59,
	0xBF, 0x00, 0x00, 0x44, 0x8D, 0x04, 0x9D, 0x00, 0x00, 0x00, 0x00, 0x85,
	0xC9, 0x44, 0x0F, 0x45, 0x05, 0x47, 0xBF, 0x00, 0x00, 0x45, 0x85, 0xC0,
	0x0F, 0x84, 0x9D, 0x00, 0x00, 0x00, 0x0F, 0x57, 0xC0, 0x0F, 0x11, 0x44,
	0x24, 0x58, 0x41, 0x8B, 0xC6, 0x33, 0xC9, 0x0F, 0xA2, 0x89, 0x54, 0x24,
	0x64, 0x48, 0x63, 0xF9, 0x48, 0xC1, 0xE7, 0x20, 0x48, 0x98, 0x48, 0x33,
	0xF8, 0xB8, 0x01, 0x00, 0x00, 0x80, 0x33, 0xC9, 0x0F, 0xA2, 0x89, 0x5C,
	0x24, 0x5C, 0x89, 0x4C, 0x24, 0x60, 0x48, 0x63, 0xCA, 0x48, 0xC1, 0xE1,
	0x10, 0x48, 0x98, 0x48, 0x33, 0xC8, 0x48, 0x33, 0xCF, 0x48, 0x8B, 0xC1,
	0x48, 0xC1, 0xE8, 0x21, 0x48, 0x33, 0xC1, 0x48, 0xB9, 0xCD, 0x8C, 0x55,
	0xED, 0xD7, 0xAF, 0x51, 0xFF, 0x48, 0x0F, 0xAF, 0xC1, 0x48, 0x8B, 0xD8,
	0x48, 0xC1, 0xEB, 0x21, 0x48, 0x33, 0xD8, 0x48, 0xB8, 0x53, 0xEC, 0x85,
	0x1A, 0xFE, 0xB9, 0xCE, 0xC4, 0x48, 0x0F, 0xAF, 0xD8, 0x48, 0x8B, 0xC3,
	0x48, 0xC1, 0xE8, 0x21, 0x48, 0x33, 0xC3, 0x48, 0x89, 0x05, 0x2E, 0x9A,
	0x00, 0x00, 0x41, 0x8B, 0xD0, 0x49, 0x8B, 0xCF, 0xE8, 0x43, 0x33, 0x00,
	0x00, 0x84, 0xC0, 0x74, 0x1A, 0x41, 0x8B, 0xC6, 0x87, 0x05, 0x36, 0x9A,
	0x00, 0x00, 0x41, 0x8A, 0xCE, 0xEB, 0x03, 0x40, 0x8A, 0xCE, 0x84, 0xC9,
	0x74, 0x05, 0xE8, 0x19, 0x43, 0x00, 0x00, 0x33, 0xD2, 0x41, 0xB8, 0x08,
	0x01, 0x00, 0x00, 0x48, 0x8D, 0x0D, 0xC6, 0x9B, 0x00, 0x00, 0xE8, 0xC1,
	0x57, 0x00, 0x00, 0x89, 0xB4, 0x24, 0x50, 0x0B, 0x00, 0x00, 0x4C, 0x8D,
	0x8C, 0x24, 0x50, 0x0B, 0x00, 0x00, 0x45, 0x33, 0xC0, 0x33, 0xD2, 0x45,
	0x8D, 0x78, 0x4C, 0x41, 0x8B, 0xCF, 0xE8, 0x0D, 0x54, 0x00, 0x00, 0x3D,
	0x04, 0x00, 0x00, 0xC0, 0x0F, 0x85, 0xE5, 0x01, 0x00, 0x00, 0x8B, 0x84,
	0x24, 0x50, 0x0B, 0x00, 0x00, 0x85, 0xC0, 0x0F, 0x84, 0xD6, 0x01, 0x00,
	0x00, 0x8D, 0x58, 0x14, 0x8B, 0xD3, 0x41, 0xB8, 0x69, 0x62, 0x6D, 0x73,
	0x45, 0x8D, 0x67, 0xF4, 0x41, 0x8B, 0xCC, 0xFF, 0x15, 0xE7, 0x6E, 0x00,
	0x00, 0x48, 0x8B, 0xF8, 0x48, 0x85, 0xC0, 0x0F, 0x84, 0xB8, 0x01, 0x00,
	0x00, 0xC7, 0x00, 0x42, 0x4D, 0x53, 0x52, 0x48, 0xC7, 0x40, 0x04, 0x01,
	0x00, 0x00, 0x00, 0x8B, 0x84, 0x24, 0x50, 0x0B, 0x00, 0x00, 0x89, 0x47,
	0x0C, 0x4C, 0x8D, 0x8C, 0x24, 0x50, 0x0B, 0x00, 0x00, 0x44, 0x8B, 0xC3,
	0x48, 0x8B, 0xD7, 0x41, 0x8B, 0xCF, 0xE8, 0xA1, 0x53, 0x00, 0x00, 0x85,
	0xC0, 0x0F, 0x88, 0x6C, 0x01, 0x00, 0x00, 0x4C, 0x8D, 0x7F, 0x10, 0x8B,
	0x5F, 0x0C, 0x83, 0xFB, 0x08, 0x76, 0x04, 0x4C, 0x8D, 0x7F, 0x18, 0x8B,
	0xD6, 0x44, 0x8A, 0xDE, 0x40, 0x88, 0xB4, 0x24, 0x48, 0x0B, 0x00, 0x00,
	0x44, 0x8A, 0xCE, 0x83, 0xFB, 0x04, 0x0F, 0x86, 0x43, 0x01, 0x00, 0x00,
	0x41, 0xBC, 0x02, 0x00, 0x00, 0x00, 0x45, 0x84, 0xDB, 0x74, 0x09, 0x45,
	0x84, 0xC9, 0x0F, 0x85, 0x29, 0x01, 0x00, 0x00, 0x8B, 0xC2, 0x46, 0x8A,
	0x14, 0x38, 0x8D, 0x42, 0x01, 0x46, 0x0F, 0xB6, 0x04, 0x38, 0x41, 0x80,
	0xF8, 0x04, 0x0F, 0x82, 0x11, 0x01, 0x00, 0x00, 0x46, 0x8D, 0x2C, 0x02,
	0x44, 0x3B, 0xEB, 0x0F, 0x87, 0x04, 0x01, 0x00, 0x00, 0x45, 0x3A, 0xD6,
	0x75, 0x23, 0x41, 0x80, 0xF8, 0x19, 0x72, 0x1D, 0x45, 0x84, 0xDB, 0x75,
	0x18, 0x8D, 0x42, 0x08, 0x42, 0x0F, 0x10, 0x04, 0x38, 0xF3, 0x0F, 0x7F,
	0x05, 0xAB, 0x9A, 0x00, 0x00, 0x44, 0x88, 0xB4, 0x24, 0x48, 0x0B, 0x00,
	0x00, 0x45, 0x3A, 0xD4, 0x0F, 0x85, 0x9F, 0x00, 0x00, 0x00, 0x45, 0x84,
	0xC9, 0x0F, 0x85, 0x96, 0x00, 0x00, 0x00, 0x41, 0x80, 0xF8, 0x07, 0x76,
	0x09, 0x8D, 0x42, 0x07, 0x46, 0x8A, 0x04, 0x38, 0xEB, 0x03, 0x44, 0x8A,
	0xC6, 0x45, 0x84, 0xC0, 0x74, 0x7F, 0x41, 0x8B, 0xC5, 0x41, 0x8A, 0xD6,
	0x44, 0x3B, 0xEB, 0x73, 0x74, 0x41, 0x3A, 0xD0, 0x74, 0x24, 0x3B, 0xC3,
	0x73, 0x14, 0x8B, 0xC8, 0x49, 0x03, 0xCF, 0x40, 0x38, 0x31, 0x74, 0x0A,
	0x41, 0x03, 0xC6, 0x49, 0x03, 0xCE, 0x3B, 0xC3, 0x72, 0xF1, 0x41, 0x03,
	0xC6, 0x41, 0x02, 0xD6, 0x3B, 0xC3, 0x72, 0xD9, 0xEB, 0x4B, 0x4C, 0x8B,
	0xE6, 0x8B, 0xC8, 0x48, 0x3B, 0xCB, 0x73, 0x19, 0x8B, 0xC1, 0x42, 0x38,
	0x34, 0x38, 0x74, 0x11, 0x49, 0x83, 0xFC, 0x3F, 0x73, 0x0B, 0x4D, 0x03,
	0xE6, 0x49, 0x03, 0xC6, 0x48, 0x3B, 0xC3, 0x72, 0xE9, 0x4A, 0x8D, 0x14,
	0x39, 0x4D, 0x8B, 0xC4, 0x48, 0x8D, 0x0D, 0x25, 0x9A, 0x00, 0x00, 0xE8,
	0x50, 0x53, 0x00, 0x00, 0x48, 0x8D, 0x05, 0x09, 0x9A, 0x00, 0x00, 0x41,
	0x88, 0x74, 0x04, 0x10, 0x45, 0x8A, 0xCE, 0x41, 0xBC, 0x02, 0x00, 0x00,
	0x00, 0x41, 0x8D, 0x4D, 0x01, 0xEB, 0x13, 0x43, 0x38, 0x74, 0x3D, 0x00,
	0x75, 0x06, 0x42, 0x38, 0x34, 0x39, 0x74, 0x0A, 0x45, 0x03, 0xEE, 0x41,
	0x03, 0xCE, 0x3B, 0xCB, 0x72, 0xE9, 0x41, 0x8D, 0x55, 0x02, 0x8D, 0x42,
	0x04, 0x3B, 0xC3, 0x44, 0x8A, 0x9C, 0x24, 0x48, 0x0B, 0x00, 0x00, 0x0F,
	0x82, 0xC9, 0xFE, 0xFF, 0xFF, 0x41, 0xBC, 0x40, 0x00, 0x00, 0x00, 0xBA,
	0x69, 0x62, 0x6D, 0x73, 0x48, 0x8B, 0xCF, 0xFF, 0x15, 0x33, 0x6D, 0x00,
	0x00, 0xEB, 0x06, 0x41, 0xBC, 0x40, 0x00, 0x00, 0x00, 0x41, 0xBD, 0x02,
	0x00, 0x00, 0x00, 0x48, 0x8D, 0x15, 0x4E, 0x5B, 0x00, 0x00, 0x48, 0x8D,
	0x8C, 0x24, 0xD0, 0x00, 0x00, 0x00, 0xFF, 0x15, 0x30, 0x6D, 0x00, 0x00,
	0x48, 0x89, 0xB4, 0x24, 0x48, 0x0B, 0x00, 0x00, 0x48, 0x89, 0xB4, 0x24,
	0x50, 0x0B, 0x00, 0x00, 0x4C, 0x8D, 0x8C, 0x24, 0x50, 0x0B, 0x00, 0x00,
	0x4C, 0x8D, 0x84, 0x24, 0x48, 0x0B, 0x00, 0x00, 0x41, 0x8B, 0xD6, 0x48,
	0x8D, 0x8C, 0x24, 0xD0, 0x00, 0x00, 0x00, 0xFF, 0x15, 0x27, 0x6D, 0x00,
	0x00, 0x85, 0xC0, 0x0F, 0x88, 0x4A, 0x01, 0x00, 0x00, 0xBB, 0x28, 0x01,
	0x00, 0x00, 0x41, 0xB8, 0x53, 0x6B, 0x73, 0x64, 0x8B, 0xD3, 0x49, 0x8B,
	0xCC, 0xFF, 0x15, 0xB9, 0x6C, 0x00, 0x00, 0x48, 0x8B, 0xF8, 0x48, 0x85,
	0xC0, 0x0F, 0x84, 0x1A, 0x01, 0x00, 0x00, 0x41, 0x8D, 0x55, 0x0A, 0x41,
	0xB8, 0x51, 0x6B, 0x73, 0x64, 0x49, 0x8B, 0xCC, 0xFF, 0x15, 0x9A, 0x6C,
	0x00, 0x00, 0x4C, 0x8B, 0xF8, 0x48, 0x85, 0xC0, 0x0F, 0x84, 0xED, 0x00,
	0x00, 0x00, 0x48, 0xC7, 0x00, 0x00, 0x00, 0x00, 0x00, 0x45, 0x33, 0xC0,
	0x33, 0xD2, 0x48, 0x8D, 0x8C, 0x24, 0x38, 0x01, 0x00, 0x00, 0xFF, 0x15,
	0x34, 0x6C, 0x00, 0x00, 0x0F, 0x57, 0xC0, 0x0F, 0x11, 0x44, 0x24, 0x58,
	0x48, 0x8D, 0x44, 0x24, 0x58, 0x48, 0x89, 0x44, 0x24, 0x40, 0x48, 0x8D,
	0x84, 0x24, 0x38, 0x01, 0x00, 0x00, 0x48, 0x89, 0x44, 0x24, 0x38, 0x40,
	0x88, 0x74, 0x24, 0x30, 0x89, 0x5C, 0x24, 0x28, 0x48, 0x89, 0x7C, 0x24,
	0x20, 0x45, 0x8D, 0x4D, 0x0A, 0x4D, 0x8B, 0xC7, 0x48, 0x8B, 0x94, 0x24,
	0x50, 0x0B, 0x00, 0x00, 0xB9, 0x00, 0x14, 0x2D, 0x00, 0xFF, 0x15, 0x25,
	0x6D, 0x00, 0x00, 0x48, 0x85, 0xC0, 0x74, 0x79, 0x48, 0x8B, 0xD0, 0x48,
	0x8B, 0x8C, 0x24, 0x50, 0x0B, 0x00, 0x00, 0xFF, 0x15, 0x47, 0x6C, 0x00,
	0x00, 0x3D, 0x03, 0x01, 0x00, 0x00, 0x75, 0x1F, 0x48, 0x89, 0x74, 0x24,
	0x20, 0x45, 0x33, 0xC9, 0x45, 0x33, 0xC0, 0x33, 0xD2, 0x48, 0x8D, 0x8C,
	0x24, 0x38, 0x01, 0x00, 0x00, 0xFF, 0x15, 0xD5, 0x6B, 0x00, 0x00, 0x8B,
	0x44, 0x24, 0x58, 0x85, 0xC0, 0x78, 0x3E, 0x8B, 0x4F, 0x18, 0x8D, 0x41,
	0xFF, 0x3D, 0x26, 0x01, 0x00, 0x00, 0x77, 0x31, 0x48, 0x8D, 0x14, 0x0F,
	0x48, 0x8B, 0xDE, 0x40, 0x38, 0x34, 0x13, 0x74, 0x09, 0x49, 0x03, 0xDE,
	0x48, 0x83, 0xFB, 0x3F, 0x72, 0xF1, 0x4C, 0x8B, 0xC3, 0x48, 0x8D, 0x0D,
	0x98, 0x98, 0x00, 0x00, 0xE8, 0x83, 0x51, 0x00, 0x00, 0x48, 0x8D, 0x05,
	0x3C, 0x98, 0x00, 0x00, 0x40, 0x88, 0x74, 0x03, 0x50, 0xBA, 0x51, 0x6B,
	0x73, 0x64, 0x49, 0x8B, 0xCF, 0xFF, 0x15, 0xA9, 0x6B, 0x00, 0x00, 0xBA,
	0x53, 0x6B, 0x73, 0x64, 0x48, 0x8B, 0xCF, 0xFF, 0x15, 0x9B, 0x6B, 0x00,
	0x00, 0x48, 0x8B, 0x8C, 0x24, 0x48, 0x0B, 0x00, 0x00, 0xFF, 0x15, 0xE5,
	0x6B, 0x00, 0x00, 0x48, 0x8D, 0x15, 0xE6, 0x59, 0x00, 0x00, 0x48, 0x8D,
	0x8C, 0x24, 0x38, 0x01, 0x00, 0x00, 0xFF, 0x15, 0x98, 0x6B, 0x00, 0x00,
	0xC7, 0x84, 0x24, 0x50, 0x03, 0x00, 0x00, 0x30, 0x00, 0x00, 0x00, 0x48,
	0x89, 0xB4, 0x24, 0x58, 0x03, 0x00, 0x00, 0xC7, 0x84, 0x24, 0x68, 0x03,
	0x00, 0x00, 0x40, 0x02, 0x00, 0x00, 0x48, 0x8D, 0x84, 0x24, 0x38, 0x01,
	0x00, 0x00, 0x48, 0x89, 0x84, 0x24, 0x60, 0x03, 0x00, 0x00, 0x0F, 0x57,
	0xC0, 0xF3, 0x0F, 0x7F, 0x84, 0x24, 0x70, 0x03, 0x00, 0x00, 0x48, 0x89,
	0xB4, 0x24, 0x50, 0x0B, 0x00, 0x00, 0x4C, 0x8D, 0x84, 0x24, 0x50, 0x03,
	0x00, 0x00, 0xBA, 0x19, 0x00, 0x02, 0x00, 0x48, 0x8D, 0x8C, 0x24, 0x50,
	0x0B, 0x00, 0x00, 0xFF, 0x15, 0x8B, 0x6B, 0x00, 0x00, 0x85, 0xC0, 0x0F,
	0x88, 0xE2, 0x00, 0x00, 0x00, 0x48, 0x8D, 0x15, 0xDC, 0x59, 0x00, 0x00,
	0x48, 0x8D, 0x8C, 0x24, 0xA8, 0x01, 0x00, 0x00, 0xFF, 0x15, 0x1E, 0x6B,
	0x00, 0x00, 0x41, 0xBF, 0x64, 0x69, 0x67, 0x6D, 0x45, 0x8B, 0xC7, 0xBF,
	0x90, 0x00, 0x00, 0x00, 0x8B, 0xD7, 0x49, 0x8B, 0xCC, 0xFF, 0x15, 0xDD,
	0x6A, 0x00, 0x00, 0x48, 0x8B, 0xD8, 0x48, 0x8B, 0x8C, 0x24, 0x50, 0x0B,
	0x00, 0x00, 0x48, 0x85, 0xC0, 0x0F, 0x84, 0x9A, 0x00, 0x00, 0x00, 0x89,
	0xB4, 0x24, 0x48, 0x0B, 0x00, 0x00, 0x48, 0x8D, 0x84, 0x24, 0x48, 0x0B,
	0x00, 0x00, 0x48, 0x89, 0x44, 0x24, 0x28, 0x89, 0x7C, 0x24, 0x20, 0x4C,
	0x8B, 0xCB, 0x45, 0x8B, 0xC5, 0x48, 0x8D, 0x94, 0x24, 0xA8, 0x01, 0x00,
	0x00, 0xFF, 0x15, 0x25, 0x6B, 0x00, 0x00, 0x85, 0xC0, 0x78, 0x56, 0x44,
	0x39, 0x73, 0x04, 0x75, 0x50, 0x39, 0x73, 0x08, 0x76, 0x4B, 0x48, 0x8D,
	0x43, 0x0C, 0x48, 0x89, 0x44, 0x24, 0x60, 0x0F, 0xB7, 0x43, 0x08, 0x66,
	0x41, 0x2B, 0xC5, 0x66, 0x89, 0x44, 0x24, 0x58, 0x66, 0x89, 0x44, 0x24,
	0x5A, 0x48, 0x8D, 0x05, 0x84, 0x97, 0x00, 0x00, 0x48, 0x89, 0x84, 0x24,
	0xD8, 0x00, 0x00, 0x00, 0xC7, 0x84, 0x24, 0xD0, 0x00, 0x00, 0x00, 0x00,
	0x00, 0x40, 0x00, 0x45, 0x33, 0xC0, 0x48, 0x8D, 0x54, 0x24, 0x58, 0x48,
	0x8D, 0x8C, 0x24, 0xD0, 0x00, 0x00, 0x00, 0xFF, 0x15, 0x33, 0x6B, 0x00,
	0x00, 0x41, 0x8B, 0xD7, 0x48, 0x8B, 0xCB, 0xFF, 0x15, 0x3F, 0x6A, 0x00,
	0x00, 0x48, 0x8B, 0x8C, 0x24, 0x50, 0x0B, 0x00, 0x00, 0xFF, 0x15, 0x99,
	0x6A, 0x00, 0x00, 0x48, 0x8D, 0x15, 0x1A, 0x59, 0x00, 0x00, 0x48, 0x8D,
	0x8C, 0x24, 0xD0, 0x00, 0x00, 0x00, 0xFF, 0x15, 0x3C, 0x6A, 0x00, 0x00,
	0x48, 0x89, 0xB4, 0x24, 0x48, 0x0B, 0x00, 0x00, 0x48, 0x89, 0xB4, 0x24,
	0x50, 0x0B, 0x00, 0x00, 0x4C, 0x8D, 0x8C, 0x24, 0x50, 0x0B, 0x00, 0x00,
	0x4C, 0x8D, 0x84, 0x24, 0x48, 0x0B, 0x00, 0x00, 0xBA, 0x80, 0x00, 0x00,
	0x00, 0x48, 0x8D, 0x8C, 0x24, 0xD0, 0x00, 0x00, 0x00, 0xFF, 0x15, 0x31,
	0x6A, 0x00, 0x00, 0x85, 0xC0, 0x0F, 0x88, 0xF2, 0x00, 0x00, 0x00, 0xBF,
	0x53, 0x6C, 0x6F, 0x76, 0x44, 0x8B, 0xC7, 0x41, 0xBF, 0x98, 0x00, 0x00,
	0x00, 0x41, 0x8B, 0xD7, 0x49, 0x8B, 0xCC, 0xFF, 0x15, 0xBF, 0x69, 0x00,
	0x00, 0x48, 0x8B, 0xD8, 0x48, 0x85, 0xC0, 0x0F, 0x84, 0xBE, 0x00, 0x00,
	0x00, 0x45, 0x33, 0xC0, 0x33, 0xD2, 0x48, 0x8D, 0x8C, 0x24, 0x38, 0x01,
	0x00, 0x00, 0xFF, 0x15, 0x60, 0x69, 0x00, 0x00, 0x0F, 0x57, 0xC0, 0x0F,
	0x11, 0x44, 0x24, 0x58, 0x48, 0x8D, 0x44, 0x24, 0x58, 0x48, 0x89, 0x44,
	0x24, 0x40, 0x48, 0x8D, 0x84, 0x24, 0x38, 0x01, 0x00, 0x00, 0x48, 0x89,
	0x44, 0x24, 0x38, 0x40, 0x88, 0x74, 0x24, 0x30, 0x44, 0x89, 0x7C, 0x24,
	0x28, 0x48, 0x89, 0x5C, 0x24, 0x20, 0x45, 0x33, 0xC9, 0x45, 0x33, 0xC0,
	0x48, 0x8B, 0x94, 0x24, 0x50, 0x0B, 0x00, 0x00, 0x33, 0xC9, 0xFF, 0x15,
	0x54, 0x6A, 0x00, 0x00, 0x48, 0x8B, 0xD0, 0x48, 0x85, 0xC0, 0x74, 0x54,
	0x48, 0x8B, 0x80, 0xB8, 0x00, 0x00, 0x00, 0xC6, 0x40, 0xB8, 0x0A, 0x44,
	0x89, 0x70, 0xC8, 0x44, 0x89, 0x78, 0xC0, 0x48, 0x8B, 0x8C, 0x24, 0x50,
	0x0B, 0x00, 0x00, 0xFF, 0x15, 0x63, 0x69, 0x00, 0x00, 0x3D, 0x03, 0x01,
	0x00, 0x00, 0x75, 0x1F, 0x48, 0x89, 0x74, 0x24, 0x20, 0x45, 0x33, 0xC9,
	0x45, 0x33, 0xC0, 0x33, 0xD2, 0x48, 0x8D, 0x8C, 0x24, 0x38, 0x01, 0x00,
	0x00, 0xFF, 0x15, 0xF1, 0x68, 0x00, 0x00, 0x8B, 0x44, 0x24, 0x58, 0x85,
	0xC0, 0x78, 0x09, 0x8B, 0x43, 0x08, 0x89, 0x05, 0x68, 0x96, 0x00, 0x00,
	0x8B, 0xD7, 0x48, 0x8B, 0xCB, 0xFF, 0x15, 0xFD, 0x68, 0x00, 0x00, 0x48,
	0x8B, 0x8C, 0x24, 0x48, 0x0B, 0x00, 0x00, 0xFF, 0x15, 0x47, 0x69, 0x00,
	0x00, 0x0F, 0x57, 0xC0, 0x0F, 0x11, 0x44, 0x24, 0x58, 0x33, 0xC0, 0x33,
	0xC9, 0x0F, 0xA2, 0x48, 0x63, 0xF9, 0x48, 0xC1, 0xE7, 0x20, 0x48, 0x63,
	0xC3, 0x48, 0x0B, 0xF8, 0x41, 0x8B, 0xC6, 0x33, 0xC9, 0x0F, 0xA2, 0x4C,
	0x63, 0xC2, 0x49, 0xC1, 0xE0, 0x20, 0x48, 0x98, 0x4C, 0x0B, 0xC0, 0x4C,
	0x33, 0xC7, 0xB8, 0x07, 0x00, 0x00, 0x00, 0x33, 0xC9, 0x0F, 0xA2, 0x89,
	0x44, 0x24, 0x58, 0x48, 0x63, 0xF9, 0x48, 0xC1, 0xE7, 0x10, 0x48, 0x63,
	0xC3, 0x48, 0x33, 0xF8, 0x49, 0x33, 0xF8, 0xB8, 0x08, 0x00, 0x00, 0x80,
	0x33, 0xC9, 0x0F, 0xA2, 0x89, 0x5C, 0x24, 0x5C, 0x89, 0x4C, 0x24, 0x60,
	0x89, 0x54, 0x24, 0x64, 0x48, 0x98, 0x48, 0x33, 0xC7, 0x48, 0x89, 0x05,
	0xD8, 0x95, 0x00, 0x00, 0x0F, 0x28, 0x05, 0xF9, 0x94, 0x00, 0x00, 0xF3,
	0x0F, 0x7F, 0x84, 0x24, 0x40, 0x02, 0x00, 0x00, 0x0F, 0x28, 0x0D, 0xF9,
	0x94, 0x00, 0x00, 0x0F, 0x29, 0x8C, 0x24, 0x50, 0x02, 0x00, 0x00, 0x0F,
	0x28, 0x05, 0xFA, 0x94, 0x00, 0x00, 0x0F, 0x29, 0x84, 0x24, 0x60, 0x02,
	0x00, 0x00, 0x0F, 0x28, 0x0D, 0xFB, 0x94, 0x00, 0x00, 0x0F, 0x29, 0x8C,
	0x24, 0x70, 0x02, 0x00, 0x00, 0x0F, 0x28, 0x05, 0xFC, 0x94, 0x00, 0x00,
	0x0F, 0x29, 0x84, 0x24, 0x80, 0x02, 0x00, 0x00, 0x0F, 0x28, 0x0D, 0xFD,
	0x94, 0x00, 0x00, 0x0F, 0x29, 0x8C, 0x24, 0x90, 0x02, 0x00, 0x00, 0x0F,
	0x28, 0x05, 0xFE, 0x94, 0x00, 0x00, 0x0F, 0x29, 0x84, 0x24, 0xA0, 0x02,
	0x00, 0x00, 0x0F, 0x28, 0x0D, 0xFF, 0x94, 0x00, 0x00, 0x0F, 0x29, 0x8C,
	0x24, 0xB0, 0x02, 0x00, 0x00, 0x0F, 0x28, 0x05, 0x00, 0x95, 0x00, 0x00,
	0x0F, 0x29, 0x84, 0x24, 0xC0, 0x02, 0x00, 0x00, 0x0F, 0x28, 0x0D, 0x01,
	0x95, 0x00, 0x00, 0x0F, 0x29, 0x8C, 0x24, 0xD0, 0x02, 0x00, 0x00, 0x0F,
	0x28, 0x05, 0x02, 0x95, 0x00, 0x00, 0x0F, 0x29, 0x84, 0x24, 0xE0, 0x02,
	0x00, 0x00, 0x0F, 0x28, 0x0D, 0x03, 0x95, 0x00, 0x00, 0x0F, 0x29, 0x8C,
	0x24, 0xF0, 0x02, 0x00, 0x00, 0x0F, 0x28, 0x05, 0x04, 0x95, 0x00, 0x00,
	0x0F, 0x29, 0x84, 0x24, 0x00, 0x03, 0x00, 0x00, 0x8B, 0x0D, 0x06, 0x95,
	0x00, 0x00, 0x89, 0x8C, 0x24, 0x10, 0x03, 0x00, 0x00, 0x0F, 0xB7, 0x0D,
	0xFC, 0x94, 0x00, 0x00, 0x66, 0x89, 0x8C, 0x24, 0x14, 0x03, 0x00, 0x00,
	0x48, 0x89, 0x84, 0x24, 0x16, 0x03, 0x00, 0x00, 0x8B, 0x05, 0xF2, 0x94,
	0x00, 0x00, 0x89, 0x84, 0x24, 0x1E, 0x03, 0x00, 0x00, 0x48, 0x89, 0xB4,
	0x24, 0x50, 0x0B, 0x00, 0x00, 0x45, 0x33, 0xC9, 0x45, 0x33, 0xC0, 0x48,
	0x8D, 0x15, 0x86, 0x56, 0x00, 0x00, 0x48, 0x8D, 0x8C, 0x24, 0x50, 0x0B,
	0x00, 0x00, 0xE8, 0x13, 0x4C, 0x00, 0x00, 0x85, 0xC0, 0x0F, 0x88, 0x96,
	0x00, 0x00, 0x00, 0x48, 0x89, 0xB4, 0x24, 0x48, 0x0B, 0x00, 0x00, 0x89,
	0x74, 0x24, 0x30, 0x89, 0x74, 0x24, 0x28, 0x48, 0x89, 0x74, 0x24, 0x20,
	0x45, 0x33, 0xC9, 0x45, 0x33, 0xC0, 0x48, 0x8D, 0x94, 0x24, 0x48, 0x0B,
	0x00, 0x00, 0x48, 0x8B, 0x8C, 0x24, 0x50, 0x0B, 0x00, 0x00, 0xE8, 0xE7,
	0x4B, 0x00, 0x00, 0x85, 0xC0, 0x78, 0x4B, 0x45, 0x33, 0xC9, 0x41, 0xB8,
	0xE2, 0x00, 0x00, 0x00, 0x48, 0x8D, 0x94, 0x24, 0x40, 0x02, 0x00, 0x00,
	0x48, 0x8B, 0x8C, 0x24, 0x48, 0x0B, 0x00, 0x00, 0xE8, 0xCB, 0x4B, 0x00,
	0x00, 0x45, 0x33, 0xC9, 0x45, 0x8D, 0x79, 0x20, 0x45, 0x8B, 0xC7, 0x48,
	0x8D, 0x15, 0x62, 0x94, 0x00, 0x00, 0x48, 0x8B, 0x8C, 0x24, 0x48, 0x0B,
	0x00, 0x00, 0xE8, 0xB3, 0x4B, 0x00, 0x00, 0x48, 0x8B, 0x8C, 0x24, 0x48,
	0x0B, 0x00, 0x00, 0xE8, 0xAC, 0x4B, 0x00, 0x00, 0xEB, 0x06, 0x41, 0xBF,
	0x20, 0x00, 0x00, 0x00, 0x33, 0xD2, 0x48, 0x8B, 0x8C, 0x24, 0x50, 0x0B,
	0x00, 0x00, 0xE8, 0x7D, 0x4B, 0x00, 0x00, 0xEB, 0x06, 0x41, 0xBF, 0x20,
	0x00, 0x00, 0x00, 0x44, 0x88, 0x35, 0x46, 0x94, 0x00, 0x00, 0xBF, 0x00,
	0x10, 0x00, 0x00, 0x41, 0xB8, 0x6E, 0x53, 0x77, 0x6B, 0x8B, 0xD7, 0x49,
	0x8B, 0xCC, 0xFF, 0x15, 0xA0, 0x66, 0x00, 0x00, 0x48, 0x8B, 0xD8, 0x48,
	0x89, 0x05, 0x2E, 0x94, 0x00, 0x00, 0x48, 0x85, 0xC0, 0x0F, 0x84, 0x4D,
	0x03, 0x00, 0x00, 0x48, 0x89, 0xB4, 0x24, 0x48, 0x0B, 0x00, 0x00, 0x45,
	0x33, 0xC9, 0x45, 0x33, 0xC0, 0x48, 0x8D, 0x15, 0xA0, 0x55, 0x00, 0x00,
	0x48, 0x8D, 0x8C, 0x24, 0x48, 0x0B, 0x00, 0x00, 0xE8, 0x1D, 0x4B, 0x00,
	0x00, 0x85, 0xC0, 0x78, 0x25, 0x45, 0x33, 0xC9, 0x44, 0x8B, 0xC7, 0x48,
	0x8B, 0xD3, 0x48, 0x8B, 0x8C, 0x24, 0x48, 0x0B, 0x00, 0x00, 0xE8, 0x27,
	0x4B, 0x00, 0x00, 0x33, 0xD2, 0x48, 0x8B, 0x8C, 0x24, 0x48, 0x0B, 0x00,
	0x00, 0xE8, 0xFA, 0x4A, 0x00, 0x00, 0x48, 0x89, 0xB4, 0x24, 0x48, 0x0B,
	0x00, 0x00, 0x45, 0x33, 0xC9, 0x45, 0x33, 0xC0, 0x48, 0x8D, 0x15, 0x55,
	0x55, 0x00, 0x00, 0x48, 0x8D, 0x8C, 0x24, 0x48, 0x0B, 0x00, 0x00, 0xE8,
	0xD2, 0x4A, 0x00, 0x00, 0x48, 0x8D, 0x1D, 0xB9, 0x93, 0x00, 0x00, 0x85,
	0xC0, 0x78, 0x25, 0x45, 0x33, 0xC9, 0x45, 0x8B, 0xC7, 0x48, 0x8B, 0xD3,
	0x48, 0x8B, 0x8C, 0x24, 0x48, 0x0B, 0x00, 0x00, 0xE8, 0xD5, 0x4A, 0x00,
	0x00, 0x33, 0xD2, 0x48, 0x8B, 0x8C, 0x24, 0x48, 0x0B, 0x00, 0x00, 0xE8,
	0xA8, 0x4A, 0x00, 0x00, 0x48, 0x8D, 0x0D, 0xA9, 0x93, 0x00, 0x00, 0xFF,
	0x15, 0xCB, 0x65, 0x00, 0x00, 0x40, 0x88, 0x35, 0x24, 0x94, 0x00, 0x00,
	0x48, 0x8D, 0x0D, 0x9D, 0x93, 0x00, 0x00, 0xFF, 0x15, 0x9F, 0x65, 0x00,
	0x00, 0x45, 0x33, 0xC0, 0x48, 0x8D, 0x15, 0x3D, 0x30, 0x00, 0x00, 0x48,
	0x8D, 0x0D, 0xC6, 0x93, 0x00, 0x00, 0xFF, 0x15, 0x70, 0x65, 0x00, 0x00,
	0x4C, 0x8D, 0x05, 0xB9, 0x93, 0x00, 0x00, 0x48, 0xC7, 0xC2, 0x00, 0x1F,
	0x0A, 0xFA, 0x48, 0x8D, 0x0D, 0x6B, 0x93, 0x00, 0x00, 0xFF, 0x15, 0x75,
	0x65, 0x00, 0x00, 0x0F, 0x10, 0x05, 0x02, 0x93, 0x00, 0x00, 0x0F, 0x11,
	0x84, 0x24, 0xD0, 0x00, 0x00, 0x00, 0x0F, 0x10, 0x0D, 0x03, 0x93, 0x00,
	0x00, 0x0F, 0x11, 0x8C, 0x24, 0xE0, 0x00, 0x00, 0x00, 0x48, 0x8D, 0x0D,
	0x38, 0x93, 0x00, 0x00, 0xFF, 0x15, 0x62, 0x65, 0x00, 0x00, 0x48, 0x8B,
	0xFE, 0x4D, 0x8B, 0xC7, 0x4C, 0x8D, 0x3D, 0xAD, 0x84, 0xFF, 0xFF, 0x42,
	0x8A, 0x94, 0x3F, 0x58, 0x0E, 0x01, 0x00, 0x32, 0x94, 0x3C, 0xD0, 0x00,
	0x00, 0x00, 0x48, 0x8B, 0x0D, 0xE7, 0x92, 0x00, 0x00, 0x88, 0x14, 0x39,
	0x49, 0x03, 0xFE, 0x4D, 0x2B, 0xC6, 0x75, 0xDF, 0x44, 0x88, 0x35, 0x85,
	0x93, 0x00, 0x00, 0x8A, 0xD0, 0x48, 0x8D, 0x0D, 0xF4, 0x92, 0x00, 0x00,
	0xFF, 0x15, 0x26, 0x65, 0x00, 0x00, 0x48, 0x8D, 0xBC, 0x24, 0xD0, 0x00,
	0x00, 0x00, 0x33, 0xC0, 0x44, 0x8D, 0x78, 0x20, 0x41, 0x8B, 0xCF, 0xF3,
	0xAA, 0x0F, 0x57, 0xC0, 0x0F, 0x11, 0x44, 0x24, 0x58, 0x0F, 0x11, 0x44,
	0x24, 0x68, 0x48, 0x8D, 0x0D, 0xC7, 0x92, 0x00, 0x00, 0xFF, 0x15, 0xF1,
	0x64, 0x00, 0x00, 0x80, 0x3D, 0x42, 0x93, 0x00, 0x00, 0x00, 0x75, 0x14,
	0x8A, 0xD0, 0x48, 0x8D, 0x0D, 0xAF, 0x92, 0x00, 0x00, 0xFF, 0x15, 0xE1,
	0x64, 0x00, 0x00, 0xE9, 0x98, 0x01, 0x00, 0x00, 0x48, 0x8B, 0x15, 0x75,
	0x92, 0x00, 0x00, 0x48, 0x2B, 0xDA, 0x48, 0x8D, 0xBC, 0x24, 0x38, 0x01,
	0x00, 0x00, 0x48, 0x2B, 0xFA, 0x4D, 0x8B, 0xC7, 0x8A, 0x0C, 0x1A, 0x32,
	0x0A, 0x88, 0x0C, 0x3A, 0x49, 0x03, 0xD6, 0x4D, 0x2B, 0xC6, 0x75, 0xF0,
	0x8A, 0xD0, 0x48, 0x8D, 0x0D, 0x73, 0x92, 0x00, 0x00, 0xFF, 0x15, 0xA5,
	0x64, 0x00, 0x00, 0x48, 0x8B, 0xFE, 0x48, 0x8D, 0x05, 0x8B, 0x56, 0x00,
	0x00, 0x48, 0x83, 0xFF, 0x3F, 0x73, 0x09, 0x49, 0x03, 0xFE, 0x40, 0x38,
	0x34, 0x07, 0x75, 0xF1, 0x48, 0x89, 0xB4, 0x24, 0x50, 0x0B, 0x00, 0x00,
	0x41, 0xB9, 0x08, 0x00, 0x00, 0x00, 0x45, 0x33, 0xC0, 0x48, 0x8D, 0x15,
	0x94, 0x53, 0x00, 0x00, 0x48, 0x8D, 0x8C, 0x24, 0x50, 0x0B, 0x00, 0x00,
	0xE8, 0x21, 0x49, 0x00, 0x00, 0x8B, 0xD8, 0x85, 0xC0, 0x0F, 0x88, 0x95,
	0x00, 0x00, 0x00, 0x48, 0x89, 0xB4, 0x24, 0x48, 0x0B, 0x00, 0x00, 0x89,
	0x74, 0x24, 0x30, 0x44, 0x89, 0x7C, 0x24, 0x28, 0x48, 0x8D, 0x84, 0x24,
	0x38, 0x01, 0x00, 0x00, 0x48, 0x89, 0x44, 0x24, 0x20, 0x45, 0x33, 0xC9,
	0x45, 0x33, 0xC0, 0x48, 0x8D, 0x94, 0x24, 0x48, 0x0B, 0x00, 0x00, 0x48,
	0x8B, 0x8C, 0x24, 0x50, 0x0B, 0x00, 0x00, 0xE8, 0xEA, 0x48, 0x00, 0x00,
	0x8B, 0xD8, 0x85, 0xC0, 0x78, 0x47, 0x45, 0x33, 0xC9, 0x44, 0x8B, 0xC7,
	0x48, 0x8D, 0x15, 0x01, 0x56, 0x00, 0x00, 0x48, 0x8B, 0x8C, 0x24, 0x48,
	0x0B, 0x00, 0x00, 0xE8, 0xD0, 0x48, 0x00, 0x00, 0x8B, 0xD8, 0x85, 0xC0,
	0x78, 0x1A, 0x45, 0x33, 0xC9, 0x45, 0x8B, 0xC7, 0x48, 0x8D, 0x54, 0x24,
	0x58, 0x48, 0x8B, 0x8C, 0x24, 0x48, 0x0B, 0x00, 0x00, 0xE8, 0xB8, 0x48,
	0x00, 0x00, 0x8B, 0xD8, 0x48, 0x8B, 0x8C, 0x24, 0x48, 0x0B, 0x00, 0x00,
	0xE8, 0xAF, 0x48, 0x00, 0x00, 0x33, 0xD2, 0x48, 0x8B, 0x8C, 0x24, 0x50,
	0x0B, 0x00, 0x00, 0xE8, 0x88, 0x48, 0x00, 0x00, 0x48, 0x8D, 0xBC, 0x24,
	0x38, 0x01, 0x00, 0x00, 0x33, 0xC0, 0x49, 0x8B, 0xCF, 0xF3, 0xAA, 0xC1,
	0xEB, 0x1F, 0x84, 0xDB, 0x75, 0x6E, 0x8D, 0x58, 0x68, 0x41, 0xB8, 0x53,
	0x32, 0x72, 0x62, 0x8B, 0xD3, 0x49, 0x8B, 0xCC, 0xFF, 0x15, 0xA6, 0x63,
	0x00, 0x00, 0x48, 0x89, 0x05, 0xEF, 0x91, 0x00, 0x00, 0x48, 0x85, 0xC0,
	0x74, 0x4E, 0x44, 0x8B, 0xC3, 0x33, 0xD2, 0x48, 0x8B, 0xC8, 0xE8, 0x15,
	0x4C, 0x00, 0x00, 0x48, 0x8B, 0x05, 0xD6, 0x91, 0x00, 0x00, 0x44, 0x89,
	0x28, 0x48, 0x8B, 0x05, 0xCC, 0x91, 0x00, 0x00, 0x48, 0x89, 0x70, 0x08,
	0x0F, 0x10, 0x44, 0x24, 0x58, 0x0F, 0x11, 0x05, 0xC4, 0x91, 0x00, 0x00,
	0x0F, 0x10, 0x4C, 0x24, 0x68, 0x0F, 0x11, 0x0D, 0xC8, 0x91, 0x00, 0x00,
	0x48, 0x8D, 0x0D, 0xD9, 0x91, 0x00, 0x00, 0xFF, 0x15, 0x3B, 0x63, 0x00,
	0x00, 0x48, 0x89, 0x35, 0xC4, 0x91, 0x00, 0x00, 0x48, 0x8D, 0x7C, 0x24,
	0x58, 0x33, 0xC0, 0x49, 0x8B, 0xCF, 0xF3, 0xAA, 0x48, 0x89, 0x35, 0xE9,
	0x91, 0x00, 0x00, 0x48, 0x8D, 0x05, 0x6A, 0x84, 0x00, 0x00, 0x48, 0x89,
	0x05, 0xE3, 0x91, 0x00, 0x00, 0x48, 0x8D, 0x3D, 0xAC, 0x91, 0x00, 0x00,
	0x48, 0x8B, 0xD7, 0x48, 0x8D, 0x0D, 0xCA, 0x91, 0x00, 0x00, 0xE8, 0xF1,
	0x47, 0x00, 0x00, 0x8B, 0xD8, 0x85, 0xC0, 0x78, 0x2D, 0x4C, 0x8D, 0x05,
	0xA8, 0x91, 0x00, 0x00, 0xBA, 0xFF, 0xFF, 0xFF, 0xFF, 0x48, 0x8B, 0xCF,
	0xE8, 0xDD, 0x47, 0x00, 0x00, 0x8B, 0xD8, 0x85, 0xC0, 0x79, 0x0A, 0x48,
	0x8B, 0xCF, 0xE8, 0xD5, 0x47, 0x00, 0x00, 0xEB, 0x09, 0x44, 0x88, 0x35,
	0xA4, 0x91, 0x00, 0x00, 0x8B, 0xDE, 0x85, 0xDB, 0x78, 0x79, 0x80, 0x3D,
	0x1F, 0x92, 0x00, 0x00, 0x00, 0x75, 0x70, 0x48, 0x8D, 0x0D, 0x96, 0x91,
	0x00, 0x00, 0xFF, 0x15, 0x98, 0x62, 0x00, 0x00, 0x45, 0x33, 0xC0, 0x48,
	0x8D, 0x15, 0xDA, 0xE1, 0xFF, 0xFF, 0x48, 0x8D, 0x0D, 0xBF, 0x91, 0x00,
	0x00, 0xFF, 0x15, 0x69, 0x62, 0x00, 0x00, 0x44, 0x88, 0x35, 0xF2, 0x91,
	0x00, 0x00, 0x8B, 0xC6, 0x87, 0x05, 0xEE, 0x91, 0x00, 0x00, 0x33, 0xC9,
	0xFF, 0x15, 0xE2, 0x61, 0x00, 0x00, 0x48, 0x8B, 0xD8, 0xB8, 0x73, 0xB2,
	0xE7, 0x45, 0xF7, 0xE3, 0xC1, 0xEA, 0x0D, 0x41, 0x8B, 0xC6, 0x2B, 0xC2,
	0x69, 0xC0, 0x30, 0x75, 0x00, 0x00, 0x03, 0xC3, 0x48, 0x69, 0xD0, 0xF0,
	0xD8, 0xFF, 0xFF, 0x4C, 0x8D, 0x05, 0x7A, 0x91, 0x00, 0x00, 0x48, 0x8D,
	0x0D, 0x33, 0x91, 0x00, 0x00, 0xFF, 0x15, 0x3D, 0x62, 0x00, 0x00, 0xE8,
	0x7C, 0xC9, 0xFF, 0xFF, 0x0F, 0x28, 0x05, 0xE1, 0x8E, 0x00, 0x00, 0xF3,
	0x0F, 0x7F, 0x84, 0x24, 0x40, 0x02, 0x00, 0x00, 0x0F, 0x28, 0x0D, 0xE1,
	0x8E, 0x00, 0x00, 0x0F, 0x29, 0x8C, 0x24, 0x50, 0x02, 0x00, 0x00, 0x0F,
	0x28, 0x05, 0xE2, 0x8E, 0x00, 0x00, 0x0F, 0x29, 0x84, 0x24, 0x60, 0x02,
	0x00, 0x00, 0x0F, 0x28, 0x0D, 0xE3, 0x8E, 0x00, 0x00, 0x0F, 0x29, 0x8C,
	0x24, 0x70, 0x02, 0x00, 0x00, 0x0F, 0x28, 0x05, 0xE4, 0x8E, 0x00, 0x00,
	0x0F, 0x29, 0x84, 0x24, 0x80, 0x02, 0x00, 0x00, 0x0F, 0x28, 0x0D, 0xE5,
	0x8E, 0x00, 0x00, 0x0F, 0x29, 0x8C, 0x24, 0x90, 0x02, 0x00, 0x00, 0x0F,
	0x28, 0x05, 0xE6, 0x8E, 0x00, 0x00, 0x0F, 0x29, 0x84, 0x24, 0xA0, 0x02,
	0x00, 0x00, 0x0F, 0x28, 0x0D, 0xE7, 0x8E, 0x00, 0x00, 0x0F, 0x29, 0x8C,
	0x24, 0xB0, 0x02, 0x00, 0x00, 0x0F, 0x28, 0x05, 0xE8, 0x8E, 0x00, 0x00,
	0x0F, 0x29, 0x84, 0x24, 0xC0, 0x02, 0x00, 0x00, 0x0F, 0x28, 0x0D, 0xE9,
	0x8E, 0x00, 0x00, 0x0F, 0x29, 0x8C, 0x24, 0xD0, 0x02, 0x00, 0x00, 0x0F,
	0x28, 0x05, 0xEA, 0x8E, 0x00, 0x00, 0x0F, 0x29, 0x84, 0x24, 0xE0, 0x02,
	0x00, 0x00, 0x0F, 0x28, 0x0D, 0xEB, 0x8E, 0x00, 0x00, 0x0F, 0x29, 0x8C,
	0x24, 0xF0, 0x02, 0x00, 0x00, 0x0F, 0x28, 0x05, 0xEC, 0x8E, 0x00, 0x00,
	0x0F, 0x29, 0x84, 0x24, 0x00, 0x03, 0x00, 0x00, 0x8B, 0x05, 0xEE, 0x8E,
	0x00, 0x00, 0x89, 0x84, 0x24, 0x10, 0x03, 0x00, 0x00, 0x0F, 0xB7, 0x05,
	0xE4, 0x8E, 0x00, 0x00, 0x66, 0x89, 0x84, 0x24, 0x14, 0x03, 0x00, 0x00,
	0x48, 0x8B, 0x05, 0xD9, 0x8E, 0x00, 0x00, 0x48, 0x89, 0x84, 0x24, 0x16,
	0x03, 0x00, 0x00, 0x8B, 0x05, 0xD3, 0x8E, 0x00, 0x00, 0x89, 0x84, 0x24,
	0x1E, 0x03, 0x00, 0x00, 0x0F, 0x28, 0x05, 0xD5, 0x90, 0x00, 0x00, 0x0F,
	0x11, 0x84, 0x24, 0x22, 0x03, 0x00, 0x00, 0x0F, 0x28, 0x0D, 0xD6, 0x90,
	0x00, 0x00, 0x0F, 0x11, 0x8C, 0x24, 0x32, 0x03, 0x00, 0x00, 0x48, 0x89,
	0xB4, 0x24, 0x50, 0x0B, 0x00, 0x00, 0x45, 0x33, 0xC9, 0x45, 0x33, 0xC0,
	0x48, 0x8D, 0x15, 0x49, 0x50, 0x00, 0x00, 0x48, 0x8D, 0x8C, 0x24, 0x50,
	0x0B, 0x00, 0x00, 0xE8, 0xD6, 0x45, 0x00, 0x00, 0x8B, 0xD8, 0x85, 0xC0,
	0x0F, 0x88, 0x92, 0x00, 0x00, 0x00, 0x48, 0x89, 0xB4, 0x24, 0x48, 0x0B,
	0x00, 0x00, 0x89, 0x74, 0x24, 0x30, 0x89, 0x74, 0x24, 0x28, 0x48, 0x89,
	0x74, 0x24, 0x20, 0x45, 0x33, 0xC9, 0x45, 0x33, 0xC0, 0x48, 0x8D, 0x94,
	0x24, 0x48, 0x0B, 0x00, 0x00, 0x48, 0x8B, 0x8C, 0x24, 0x50, 0x0B, 0x00,
	0x00, 0xE8, 0xA8, 0x45, 0x00, 0x00, 0x8B, 0xD8, 0x85, 0xC0, 0x78, 0x4D,
	0x45, 0x33, 0xC9, 0x41, 0xB8, 0x02, 0x01, 0x00, 0x00, 0x48, 0x8D, 0x94,
	0x24, 0x40, 0x02, 0x00, 0x00, 0x48, 0x8B, 0x8C, 0x24, 0x48, 0x0B, 0x00,
	0x00, 0xE8, 0x8A, 0x45, 0x00, 0x00, 0x8B, 0xD8, 0x85, 0xC0, 0x78, 0x1C,
	0x45, 0x33, 0xC9, 0x45, 0x8B, 0xC7, 0x48, 0x8D, 0x15, 0x0B, 0x90, 0x00,
	0x00, 0x48, 0x8B, 0x8C, 0x24, 0x48, 0x0B, 0x00, 0x00, 0xE8, 0x70, 0x45,
	0x00, 0x00, 0x8B, 0xD8, 0x48, 0x8B, 0x8C, 0x24, 0x48, 0x0B, 0x00, 0x00,
	0xE8, 0x67, 0x45, 0x00, 0x00, 0x33, 0xD2, 0x48, 0x8B, 0x8C, 0x24, 0x50,
	0x0B, 0x00, 0x00, 0xE8, 0x40, 0x45, 0x00, 0x00, 0x85, 0xDB, 0x78, 0x07,
	0x44, 0x88, 0x35, 0x35, 0x90, 0x00, 0x00, 0x48, 0x8D, 0x4C, 0x24, 0x58,
	0xE8, 0x0B, 0xD5, 0xFF, 0xFF, 0x0F, 0x10, 0x00, 0x0F, 0x11, 0x05, 0x71,
	0x8A, 0x00, 0x00, 0x0F, 0x10, 0x48, 0x10, 0x0F, 0x11, 0x0D, 0x76, 0x8A,
	0x00, 0x00, 0xF2, 0x0F, 0x10, 0x40, 0x20, 0xF2, 0x0F, 0x11, 0x05, 0x79,
	0x8A, 0x00, 0x00, 0x41, 0x8B, 0xC6, 0x87, 0x05, 0x78, 0x8A, 0x00, 0x00,
	0x48, 0x83, 0x3D, 0x50, 0x86, 0x00, 0x00, 0x00, 0x74, 0x68, 0x48, 0x8B,
	0x1D, 0x4F, 0x86, 0x00, 0x00, 0x48, 0x85, 0xDB, 0x74, 0x5C, 0x48, 0x83,
	0x3D, 0x4A, 0x86, 0x00, 0x00, 0x00, 0x74, 0x52, 0x33, 0xD2, 0x48, 0x8D,
	0x0D, 0x07, 0x8C, 0x00, 0x00, 0xFF, 0xD3, 0x45, 0x33, 0xC0, 0x48, 0x8D,
	0x15, 0x0B, 0xDA, 0xFF, 0xFF, 0x48, 0x8D, 0x0D, 0x34, 0x8C, 0x00, 0x00,
	0x48, 0x8B, 0x05, 0x15, 0x86, 0x00, 0x00, 0xFF, 0xD0, 0x4C, 0x8D, 0x0D,
	0x24, 0x8C, 0x00, 0x00, 0x48, 0xC7, 0xC2, 0x00, 0x1F, 0x0A, 0xFA, 0x41,
	0xB8, 0x10, 0x27, 0x00, 0x00, 0x48, 0x8D, 0x0D, 0xD0, 0x8B, 0x00, 0x00,
	0x48, 0x8B, 0x05, 0x01, 0x86, 0x00, 0x00, 0xFF, 0xD0, 0x41, 0x8B, 0xC6,
	0x87, 0x05, 0x46, 0x8C, 0x00, 0x00, 0xE8, 0x61, 0xDE, 0xFF, 0xFF, 0x48,
	0x85, 0xC0, 0x0F, 0x84, 0x60, 0x01, 0x00, 0x00, 0xE8, 0x53, 0xDE, 0xFF,
	0xFF, 0x48, 0x8B, 0xF8, 0x48, 0x85, 0xC0, 0x0F, 0x84, 0x4F, 0x01, 0x00,
	0x00, 0x48, 0x8B, 0x15, 0x68, 0x85, 0x00, 0x00, 0x48, 0x8B, 0xC8, 0xFF,
	0xD2, 0x84, 0xC0, 0x0F, 0x84, 0x32, 0x01, 0x00, 0x00, 0xB8, 0x4D, 0x5A,
	0x00, 0x00, 0x66, 0x39, 0x07, 0x0F, 0x85, 0x24, 0x01, 0x00, 0x00, 0x48,
	0x63, 0x5F, 0x3C, 0x48, 0x03, 0xDF, 0x48, 0x8B, 0x05, 0x3F, 0x85, 0x00,
	0x00, 0x48, 0x8B, 0xCB, 0xFF, 0xD0, 0x84, 0xC0, 0x0F, 0x84, 0x09, 0x01,
	0x00, 0x00, 0x81, 0x3B, 0x50, 0x45, 0x00, 0x00, 0x0F, 0x85, 0xFD, 0x00,
	0x00, 0x00, 0x44, 0x0F, 0xB7, 0x7B, 0x14, 0x4C, 0x03, 0xFB, 0x44, 0x0F,
	0xB7, 0xEE, 0x66, 0x3B, 0x73, 0x06, 0x0F, 0x83, 0xE7, 0x00, 0x00, 0x00,
	0x41, 0x0F, 0xB7, 0xC5, 0x48, 0x8D, 0x0C, 0x80, 0x41, 0xF7, 0x44, 0xCF,
	0x3C, 0x00, 0x00, 0x00, 0x20, 0x0F, 0x84, 0x9A, 0x00, 0x00, 0x00, 0x41,
	0x8B, 0x44, 0xCF, 0x24, 0x48, 0x03, 0xC7, 0x48, 0x89, 0x84, 0x24, 0x50,
	0x0B, 0x00, 0x00, 0x41, 0x8B, 0x4C, 0xCF, 0x20, 0x89, 0x8C, 0x24, 0x48,
	0x0B, 0x00, 0x00, 0x4C, 0x8D, 0x0D, 0x96, 0x4A, 0x00, 0x00, 0x4C, 0x8D,
	0x05, 0x17, 0x6A, 0x00, 0x00, 0x8B, 0xD1, 0x48, 0x8B, 0xC8, 0xE8, 0x55,
	0xDB, 0xFF, 0xFF, 0x48, 0x85, 0xC0, 0x74, 0x1D, 0x4C, 0x63, 0x60, 0x03,
	0x49, 0x83, 0xC4, 0x08, 0x4C, 0x03, 0xE0, 0x74, 0x10, 0x48, 0x8B, 0x05,
	0xAC, 0x84, 0x00, 0x00, 0x49, 0x8B, 0xCC, 0xFF, 0xD0, 0x84, 0xC0, 0x75,
	0x55, 0x4C, 0x8D, 0x0D, 0x6C, 0x4A, 0x00, 0x00, 0x4C, 0x8D, 0x05, 0xED,
	0x69, 0x00, 0x00, 0x8B, 0x94, 0x24, 0x48, 0x0B, 0x00, 0x00, 0x48, 0x8B,
	0x8C, 0x24, 0x50, 0x0B, 0x00, 0x00, 0xE8, 0x11, 0xDB, 0xFF, 0xFF, 0x48,
	0x85, 0xC0, 0x74, 0x1D, 0x4C, 0x63, 0x60, 0x03, 0x49, 0x83, 0xC4, 0x07,
	0x4C, 0x03, 0xE0, 0x74, 0x10, 0x48, 0x8B, 0x05, 0x68, 0x84, 0x00, 0x00,
	0x49, 0x8B, 0xCC, 0xFF, 0xD0, 0x84, 0xC0, 0x75, 0x11, 0x66, 0x45, 0x03,
	0xEE, 0x66, 0x44, 0x3B, 0x6B, 0x06, 0x0F, 0x82, 0x40, 0xFF, 0xFF, 0xFF,
	0xEB, 0x25, 0x4C, 0x89, 0x25, 0x87, 0x89, 0x00, 0x00, 0x48, 0x89, 0xB4,
	0x24, 0x48, 0x0B, 0x00, 0x00, 0x41, 0xB8, 0x08, 0x00, 0x00, 0x00, 0x48,
	0x8D, 0x94, 0x24, 0x48, 0x0B, 0x00, 0x00, 0x49, 0x8B, 0xCC, 0xE8, 0x41,
	0x2A, 0x00, 0x00, 0x41, 0x8B, 0xC6, 0x87, 0x05, 0x68, 0x89, 0x00, 0x00,
	0xE8, 0xF3, 0xDC, 0xFF, 0xFF, 0x48, 0x85, 0xC0, 0x0F, 0x84, 0x62, 0x04,
	0x00, 0x00, 0xE8, 0xE5, 0xDC, 0xFF, 0xFF, 0x48, 0x8B, 0xD8, 0x48, 0x85,
	0xC0, 0x0F, 0x84, 0x0D, 0x03, 0x00, 0x00, 0x48, 0x89, 0x05, 0x52, 0x89,
	0x00, 0x00, 0x48, 0x8B, 0x15, 0xF3, 0x83, 0x00, 0x00, 0x48, 0x8B, 0xC8,
	0xFF, 0xD2, 0x41, 0xBF, 0x4D, 0x5A, 0x00, 0x00, 0x84, 0xC0, 0x0F, 0x84,
	0x3C, 0x01, 0x00, 0x00, 0x66, 0x44, 0x39, 0x3B, 0x0F, 0x85, 0x32, 0x01,
	0x00, 0x00, 0x4C, 0x63, 0x7B, 0x3C, 0x4C, 0x03, 0xFB, 0x48, 0x8B, 0x05,
	0xC8, 0x83, 0x00, 0x00, 0x49, 0x8B, 0xCF, 0xFF, 0xD0, 0x84, 0xC0, 0x0F,
	0x84, 0x11, 0x01, 0x00, 0x00, 0x41, 0x81, 0x3F, 0x50, 0x45, 0x00, 0x00,
	0x0F, 0x85, 0x04, 0x01, 0x00, 0x00, 0x41, 0x0F, 0xB7, 0x57, 0x14, 0x49,
	0x03, 0xD7, 0x48, 0x89, 0x94, 0x24, 0x58, 0x0B, 0x00, 0x00, 0x0F, 0xB7,
	0xC6, 0x66, 0x41, 0x3B, 0x77, 0x06, 0xE9, 0xD9, 0x00, 0x00, 0x00, 0x0F,
	0xB7, 0xC0, 0x48, 0x8D, 0x3C, 0x80, 0xF7, 0x44, 0xFA, 0x3C, 0x00, 0x00,
	0x00, 0x20, 0x0F, 0x84, 0xB3, 0x00, 0x00, 0x00, 0x8B, 0x4C, 0xFA, 0x24,
	0x48, 0x03, 0xCB, 0x4C, 0x8D, 0x0D, 0x4E, 0x49, 0x00, 0x00, 0x4C, 0x8D,
	0x05, 0xCB, 0x68, 0x00, 0x00, 0x8B, 0x54, 0xFA, 0x20, 0xE8, 0xEE, 0xD9,
	0xFF, 0xFF, 0x48, 0x8B, 0xF8, 0x48, 0x85, 0xC0, 0x0F, 0x84, 0x81, 0x00,
	0x00, 0x00, 0x41, 0xBD, 0x07, 0x00, 0x00, 0x00, 0x45, 0x8B, 0xE5, 0x48,
	0x8B, 0x15, 0x42, 0x83, 0x00, 0x00, 0x49, 0x63, 0xCD, 0x48, 0x03, 0xCF,
	0xFF, 0xD2, 0x84, 0xC0, 0x74, 0x31, 0x48, 0x8B, 0x15, 0x2F, 0x83, 0x00,
	0x00, 0x41, 0x8D, 0x45, 0x04, 0x48, 0x63, 0xC8, 0x48, 0x03, 0xCF, 0xFF,
	0xD2, 0x84, 0xC0, 0x74, 0x1A, 0x41, 0x80, 0x3C, 0x3C, 0xBA, 0x75, 0x13,
	0x41, 0x80, 0x7C, 0x3C, 0x01, 0x40, 0x75, 0x0B, 0x41, 0x38, 0x74, 0x3C,
	0x02, 0x0F, 0x84, 0xC6, 0x00, 0x00, 0x00, 0x45, 0x03, 0xEE, 0x4D, 0x03,
	0xE6, 0x41, 0x83, 0xFD, 0x14, 0x7C, 0xB0, 0x40, 0x8A, 0xC6, 0x84, 0xC0,
	0x74, 0x21, 0x48, 0x63, 0x47, 0x03, 0x48, 0x83, 0xC7, 0x07, 0x48, 0x03,
	0xF8, 0x74, 0x14, 0x48, 0x8B, 0x05, 0xDE, 0x82, 0x00, 0x00, 0x48, 0x8B,
	0xCF, 0xFF, 0xD0, 0x84, 0xC0, 0x0F, 0x85, 0x9A, 0x00, 0x00, 0x00, 0x48,
	0x8B, 0x94, 0x24, 0x58, 0x0B, 0x00, 0x00, 0x0F, 0xB7, 0x84, 0x24, 0x50,
	0x0B, 0x00, 0x00, 0x66, 0x41, 0x03, 0xC6, 0x66, 0x41, 0x3B, 0x47, 0x06,
	0x66, 0x89, 0x84, 0x24, 0x50, 0x0B, 0x00, 0x00, 0x0F, 0x82, 0x19, 0xFF,
	0xFF, 0xFF, 0x41, 0xBF, 0x4D, 0x5A, 0x00, 0x00, 0x48, 0x8B, 0xFE, 0x48,
	0x89, 0x3D, 0x02, 0x88, 0x00, 0x00, 0x48, 0x8B, 0x05, 0x93, 0x82, 0x00,
	0x00, 0x48, 0x8B, 0xCB, 0xFF, 0xD0, 0x84, 0xC0, 0x0F, 0x84, 0x51, 0x01,
	0x00, 0x00, 0x66, 0x44, 0x39, 0x3B, 0x0F, 0x85, 0x47, 0x01, 0x00, 0x00,
	0x4C, 0x63, 0x7B, 0x3C, 0x4C, 0x03, 0xFB, 0x48, 0x8B, 0x05, 0x6E, 0x82,
	0x00, 0x00, 0x49, 0x8B, 0xCF, 0xFF, 0xD0, 0x84, 0xC0, 0x0F, 0x84, 0x2C,
	0x01, 0x00, 0x00, 0x41, 0x81, 0x3F, 0x50, 0x45, 0x00, 0x00, 0x0F, 0x85,
	0x1F, 0x01, 0x00, 0x00, 0x45, 0x0F, 0xB7, 0x67, 0x14, 0x4D, 0x03, 0xE7,
	0x0F, 0xB7, 0xC6, 0x66, 0x41, 0x3B, 0x77, 0x06, 0xE9, 0xFC, 0x00, 0x00,
	0x00, 0x41, 0x8A, 0xC6, 0xE9, 0x41, 0xFF, 0xFF, 0xFF, 0x41, 0xBF, 0x4D,
	0x5A, 0x00, 0x00, 0xEB, 0x8E, 0x0F, 0xB7, 0xC0, 0x48, 0x8D, 0x14, 0x80,
	0x41, 0xF7, 0x44, 0xD4, 0x3C, 0x00, 0x00, 0x00, 0x20, 0x0F, 0x84, 0xC5,
	0x00, 0x00, 0x00, 0x41, 0x8B, 0x4C, 0xD4, 0x24, 0x48, 0x03, 0xCB, 0x4C,
	0x8D, 0x0D, 0xEA, 0x47, 0x00, 0x00, 0x4C, 0x8D, 0x05, 0x6B, 0x67, 0x00,
	0x00, 0x41, 0x8B, 0x54, 0xD4, 0x20, 0xE8, 0x89, 0xD8, 0xFF, 0xFF, 0x48,
	0x8B, 0xF8, 0x48, 0x85, 0xC0, 0x0F, 0x84, 0x99, 0x00, 0x00, 0x00, 0x41,
	0xBD, 0x07, 0x00, 0x00, 0x00, 0x4C, 0x89, 0xAC, 0x24, 0x58, 0x0B, 0x00,
	0x00, 0x48, 0x8B, 0x15, 0xD8, 0x81, 0x00, 0x00, 0x49, 0x63, 0xCD, 0x48,
	0x03, 0xCF, 0xFF, 0xD2, 0x84, 0xC0, 0x74, 0x38, 0x48, 0x8B, 0x15, 0xC5,
	0x81, 0x00, 0x00, 0x41, 0x8D, 0x45, 0x04, 0x48, 0x63, 0xC8, 0x48, 0x03,
	0xCF, 0xFF, 0xD2, 0x84, 0xC0, 0x48, 0x8B, 0x84, 0x24, 0x58, 0x0B, 0x00,
	0x00, 0x74, 0x21, 0x8A, 0x0C, 0x07, 0x80, 0xF9, 0xBA, 0x74, 0x05, 0x80,
	0xF9, 0x41, 0x75, 0x14, 0x80, 0x7C, 0x07, 0x01, 0x40, 0x75, 0x0D, 0x41,
	0x8A, 0xC6, 0xEB, 0x1F, 0x48, 0x8B, 0x84, 0x24, 0x58, 0x0B, 0x00, 0x00,
	0x45, 0x03, 0xEE, 0x49, 0x03, 0xC6, 0x48, 0x89, 0x84, 0x24, 0x58, 0x0B,
	0x00, 0x00, 0x41, 0x83, 0xFD, 0x14, 0x7C, 0x99, 0x40, 0x8A, 0xC6, 0x84,
	0xC0, 0x74, 0x1D, 0x48, 0x63, 0x47, 0x03, 0x48, 0x83, 0xC7, 0x07, 0x48,
	0x03, 0xF8, 0x74, 0x10, 0x48, 0x8B, 0x05, 0x5D, 0x81, 0x00, 0x00, 0x48,
	0x8B, 0xCF, 0xFF, 0xD0, 0x84, 0xC0, 0x75, 0x22, 0x0F, 0xB7, 0x84, 0x24,
	0x50, 0x0B, 0x00, 0x00, 0x66, 0x41, 0x03, 0xC6, 0x66, 0x41, 0x3B, 0x47,
	0x06, 0x66, 0x89, 0x84, 0x24, 0x50, 0x0B, 0x00, 0x00, 0x0F, 0x82, 0x06,
	0xFF, 0xFF, 0xFF, 0x48, 0x8B, 0xFE, 0x48, 0x89, 0x3D, 0x9B, 0x86, 0x00,
	0x00, 0x48, 0x8B, 0x0D, 0x8C, 0x86, 0x00, 0x00, 0x48, 0x85, 0xC9, 0x74,
	0x0B, 0xE8, 0xEA, 0xD1, 0xFF, 0xFF, 0x89, 0x05, 0x60, 0x86, 0x00, 0x00,
	0x48, 0x8B, 0x0D, 0x7D, 0x86, 0x00, 0x00, 0x48, 0x85, 0xC9, 0x74, 0x0B,
	0xE8, 0xD3, 0xD1, 0xFF, 0xFF, 0x89, 0x05, 0x4D, 0x86, 0x00, 0x00, 0x41,
	0x8B, 0xC6, 0x87, 0x05, 0x54, 0x86, 0x00, 0x00, 0xE8, 0xC7, 0xD9, 0xFF,
	0xFF, 0x48, 0x8B, 0xF8, 0x48, 0x85, 0xC0, 0x0F, 0x84, 0x0D, 0x01, 0x00,
	0x00, 0x48, 0x8B, 0x15, 0xDC, 0x80, 0x00, 0x00, 0x48, 0x8B, 0xC8, 0xFF,
	0xD2, 0x84, 0xC0, 0x0F, 0x84, 0xDF, 0x00, 0x00, 0x00, 0xB8, 0x4D, 0x5A,
	0x00, 0x00, 0x66, 0x39, 0x07, 0x0F, 0x85, 0xD1, 0x00, 0x00, 0x00, 0x4C,
	0x63, 0x7F, 0x3C, 0x4C, 0x03, 0xFF, 0x48, 0x8B, 0x05, 0xB3, 0x80, 0x00,
	0x00, 0x49, 0x8B, 0xCF, 0xFF, 0xD0, 0x84, 0xC0, 0x0F, 0x84, 0xB6, 0x00,
	0x00, 0x00, 0x41, 0x81, 0x3F, 0x50, 0x45, 0x00, 0x00, 0x0F, 0x85, 0xA9,
	0x00, 0x00, 0x00, 0x45, 0x0F, 0xB7, 0x67, 0x14, 0x4D, 0x03, 0xE7, 0x44,
	0x0F, 0xB7, 0xEE, 0x66, 0x41, 0x3B, 0x77, 0x06, 0x0F, 0x83, 0x92, 0x00,
	0x00, 0x00, 0x41, 0xB8, 0x00, 0x01, 0x00, 0x00, 0x41, 0x0F, 0xB7, 0xC5,
	0x48, 0x8D, 0x14, 0x80, 0x41, 0x39, 0x74, 0xD4, 0x3C, 0x7D, 0x6E, 0x41,
	0x8B, 0x4C, 0xD4, 0x24, 0x48, 0x03, 0xCF, 0x41, 0x8B, 0x54, 0xD4, 0x20,
	0x41, 0x3B, 0xD0, 0x72, 0x5C, 0x4C, 0x8D, 0x0D, 0x34, 0x46, 0x00, 0x00,
	0x4C, 0x8D, 0x05, 0xB9, 0x65, 0x00, 0x00, 0xE8, 0xD8, 0xD6, 0xFF, 0xFF,
	0x48, 0x85, 0xC0, 0x74, 0x3E, 0x48, 0x63, 0x58, 0x03, 0x48, 0x83, 0xC3,
	0x07, 0x48, 0x03, 0xD8, 0x74, 0x31, 0x48, 0x8B, 0x05, 0x2F, 0x80, 0x00,
	0x00, 0x48, 0x8B, 0xCB, 0xFF, 0xD0, 0x84, 0xC0, 0x74, 0x21, 0x48, 0x8B,
	0x05, 0x1F, 0x80, 0x00, 0x00, 0x48, 0x8B, 0x0B, 0xFF, 0xD0, 0x84, 0xC0,
	0x74, 0x11, 0x48, 0x8B, 0x05, 0x0F, 0x80, 0x00, 0x00, 0x48, 0x8B, 0x4B,
	0x08, 0xFF, 0xD0, 0x84, 0xC0, 0x75, 0x18, 0x41, 0xB8, 0x00, 0x01, 0x00,
	0x00, 0x66, 0x45, 0x03, 0xEE, 0x66, 0x45, 0x3B, 0x6F, 0x06, 0x0F, 0x82,
	0x74, 0xFF, 0xFF, 0xFF, 0x48, 0x8B, 0xDE, 0x48, 0x89, 0x1D, 0x5E, 0x85,
	0x00, 0x00, 0x48, 0x85, 0xDB, 0x74, 0x0B, 0xE8, 0x40, 0xD1, 0xFF, 0xFF,
	0x89, 0x05, 0x56, 0x85, 0x00, 0x00, 0x33, 0xC0, 0xF0, 0x44, 0x0F, 0xB1,
	0x35, 0x4F, 0x85, 0x00, 0x00, 0x75, 0x19, 0x48, 0x8D, 0x0D, 0x42, 0xE1,
	0xFF, 0xFF, 0xFF, 0x15, 0x94, 0x5A, 0x00, 0x00, 0x85, 0xC0, 0x79, 0x08,
	0x8B, 0xC6, 0x87, 0x05, 0x34, 0x85, 0x00, 0x00, 0xE8, 0x83, 0xD8, 0xFF,
	0xFF, 0x48, 0x85, 0xC0, 0x0F, 0x84, 0x11, 0x02, 0x00, 0x00, 0xE8, 0x75,
	0xD8, 0xFF, 0xFF, 0x48, 0x8B, 0xF8, 0x48, 0x85, 0xC0, 0x0F, 0x84, 0xFB,
	0x01, 0x00, 0x00, 0x48, 0x8B, 0x15, 0x8A, 0x7F, 0x00, 0x00, 0x48, 0x8B,
	0xC8, 0xFF, 0xD2, 0x84, 0xC0, 0x0F, 0x84, 0xD9, 0x01, 0x00, 0x00, 0xB8,
	0x4D, 0x5A, 0x00, 0x00, 0x66, 0x39, 0x07, 0x0F, 0x85, 0xCB, 0x01, 0x00,
	0x00, 0x48, 0x63, 0x5F, 0x3C, 0x48, 0x03, 0xDF, 0x48, 0x8B, 0x05, 0x61,
	0x7F, 0x00, 0x00, 0x48, 0x8B, 0xCB, 0xFF, 0xD0, 0x84, 0xC0, 0x0F, 0x84,
	0xB0, 0x01, 0x00, 0x00, 0x81, 0x3B, 0x50, 0x45, 0x00, 0x00, 0x0F, 0x85,
	0xA4, 0x01, 0x00, 0x00, 0x44, 0x0F, 0xB7, 0x7B, 0x14, 0x4C, 0x03, 0xFB,
	0x44, 0x0F, 0xB7, 0xEE, 0x66, 0x3B, 0x73, 0x06, 0x0F, 0x83, 0x8E, 0x01,
	0x00, 0x00, 0x41, 0x0F, 0xB7, 0xC5, 0x48, 0x8D, 0x0C, 0x80, 0x41, 0xF7,
	0x44, 0xCF, 0x3C, 0x00, 0x00, 0x00, 0x20, 0x0F, 0x84, 0x68, 0x01, 0x00,
	0x00, 0x45, 0x8B, 0x64, 0xCF, 0x24, 0x4C, 0x03, 0xE7, 0x4C, 0x89, 0xA4,
	0x24, 0x50, 0x0B, 0x00, 0x00, 0x41, 0x8B, 0x44, 0xCF, 0x20, 0x89, 0x84,
	0x24, 0x48, 0x0B, 0x00, 0x00, 0x4C, 0x8D, 0x0D, 0xD8, 0x44, 0x00, 0x00,
	0x4C, 0x8D, 0x05, 0x99, 0x64, 0x00, 0x00, 0x8B, 0xD0, 0x49, 0x8B, 0xCC,
	0xE8, 0x77, 0xD5, 0xFF, 0xFF, 0x48, 0x8B, 0xC8, 0x48, 0x85, 0xC0, 0x75,
	0x20, 0x4C, 0x8D, 0x0D, 0xB8, 0x44, 0x00, 0x00, 0x4C, 0x8D, 0x05, 0x7D,
	0x64, 0x00, 0x00, 0x8B, 0x94, 0x24, 0x48, 0x0B, 0x00, 0x00, 0x49, 0x8B,
	0xCC, 0xE8, 0x52, 0xD5, 0xFF, 0xFF, 0x48, 0x8B, 0xC8, 0x48, 0x85, 0xC9,
	0x0F, 0x84, 0x03, 0x01, 0x00, 0x00, 0x4C, 0x63, 0x61, 0x03, 0x49, 0x83,
	0xC4, 0x07, 0x4C, 0x03, 0xE1, 0x0F, 0x84, 0xF2, 0x00, 0x00, 0x00, 0x48,
	0x8B, 0x05, 0x9E, 0x7E, 0x00, 0x00, 0x49, 0x8B, 0xCC, 0xFF, 0xD0, 0x84,
	0xC0, 0x0F, 0x84, 0xDE, 0x00, 0x00, 0x00, 0x48, 0x8B, 0x05, 0x8A, 0x7E,
	0x00, 0x00, 0x49, 0x8B, 0x0C, 0x24, 0xFF, 0xD0, 0x84, 0xC0, 0x0F, 0x84,
	0xC9, 0x00, 0x00, 0x00, 0x4C, 0x8D, 0x0D, 0x55, 0x44, 0x00, 0x00, 0x4C,
	0x8D, 0x05, 0x1E, 0x64, 0x00, 0x00, 0x8B, 0x94, 0x24, 0x48, 0x0B, 0x00,
	0x00, 0x48, 0x8B, 0x8C, 0x24, 0x50, 0x0B, 0x00, 0x00, 0xE8, 0xEA, 0xD4,
	0xFF, 0xFF, 0x4C, 0x8B, 0xC0, 0xB8, 0x03, 0x00, 0x00, 0x00, 0x8D, 0x48,
	0x04, 0x4D, 0x85, 0xC0, 0x75, 0x32, 0x4C, 0x8D, 0x0D, 0x93, 0x46, 0x00,
	0x00, 0x4C, 0x8D, 0x05, 0xF0, 0x63, 0x00, 0x00, 0x8B, 0x94, 0x24, 0x48,
	0x0B, 0x00, 0x00, 0x48, 0x8B, 0x8C, 0x24, 0x50, 0x0B, 0x00, 0x00, 0xE8,
	0xB8, 0xD4, 0xFF, 0xFF, 0x4C, 0x8B, 0xC0, 0xB8, 0x02, 0x00, 0x00, 0x00,
	0x8D, 0x48, 0x04, 0x4D, 0x85, 0xC0, 0x74, 0x65, 0x4A, 0x63, 0x04, 0x00,
	0x48, 0x03, 0xC8, 0x49, 0x03, 0xC8, 0x48, 0x89, 0x8C, 0x24, 0x48, 0x0B,
	0x00, 0x00, 0x74, 0x51, 0x48, 0x8B, 0x05, 0xFD, 0x7D, 0x00, 0x00, 0xFF,
	0xD0, 0x84, 0xC0, 0x74, 0x44, 0x49, 0x8B, 0x0C, 0x24, 0x48, 0x89, 0x0D,
	0x7C, 0x83, 0x00, 0x00, 0x48, 0x8B, 0x84, 0x24, 0x48, 0x0B, 0x00, 0x00,
	0x8B, 0x00, 0x89, 0x05, 0x74, 0x83, 0x00, 0x00, 0x48, 0x85, 0xC9, 0x74,
	0x17, 0x8B, 0x05, 0x69, 0x83, 0x00, 0x00, 0x85, 0xC0, 0x74, 0x0D, 0x8B,
	0x05, 0x5F, 0x83, 0x00, 0x00, 0x3D, 0x00, 0x00, 0x00, 0x01, 0x72, 0x1C,
	0x48, 0x89, 0x35, 0x49, 0x83, 0x00, 0x00, 0x89, 0x35, 0x4B, 0x83, 0x00,
	0x00, 0x66, 0x45, 0x03, 0xEE, 0x66, 0x44, 0x3B, 0x6B, 0x06, 0x0F, 0x82,
	0x72, 0xFE, 0xFF, 0xFF, 0xE8, 0xEB, 0x29, 0x00, 0x00, 0x41, 0x8B, 0xC6,
	0x87, 0x05, 0x32, 0x83, 0x00, 0x00, 0xE8, 0xDD, 0x29, 0x00, 0x00, 0x48,
	0x8B, 0x8C, 0x24, 0x80, 0x00, 0x00, 0x00, 0x48, 0x85, 0xC9, 0x0F, 0x84,
	0xC3, 0x00, 0x00, 0x00, 0xE8, 0x1F, 0xDD, 0xFF, 0xFF, 0x48, 0x8B, 0x1D,
	0x34, 0x7E, 0x00, 0x00, 0x48, 0x85, 0xDB, 0x0F, 0x84, 0xAE, 0x00, 0x00,
	0x00, 0x48, 0x8B, 0x0D, 0x84, 0x58, 0x00, 0x00, 0x48, 0x85, 0xC9, 0x0F,
	0x84, 0x9E, 0x00, 0x00, 0x00, 0x48, 0x8B, 0x05, 0x7C, 0x58, 0x00, 0x00,
	0x48, 0x85, 0xC0, 0x0F, 0x84, 0x8E, 0x00, 0x00, 0x00, 0x48, 0x89, 0x0D,
	0x04, 0x83, 0x00, 0x00, 0xC7, 0x05, 0x02, 0x83, 0x00, 0x00, 0x03, 0x00,
	0x00, 0x00, 0x48, 0x8D, 0x0D, 0xBB, 0x1D, 0x00, 0x00, 0x48, 0x89, 0x0D,
	0xFC, 0x82, 0x00, 0x00, 0x48, 0x89, 0x35, 0xFD, 0x82, 0x00, 0x00, 0x48,
	0x89, 0x05, 0xFE, 0x82, 0x00, 0x00, 0xC7, 0x05, 0xFC, 0x82, 0x00, 0x00,
	0x03, 0x00, 0x00, 0x00, 0x48, 0x89, 0x0D, 0xFD, 0x82, 0x00, 0x00, 0x48,
	0x89, 0x35, 0xFE, 0x82, 0x00, 0x00, 0xC7, 0x05, 0xFC, 0x82, 0x00, 0x00,
	0x00, 0x01, 0x02, 0x00, 0x0F, 0x10, 0x05, 0x65, 0x78, 0x00, 0x00, 0xF3,
	0x0F, 0x7F, 0x05, 0xF5, 0x82, 0x00, 0x00, 0x48, 0x89, 0x35, 0xFE, 0x82,
	0x00, 0x00, 0x48, 0x8D, 0x05, 0x9F, 0x82, 0x00, 0x00, 0x48, 0x89, 0x05,
	0xF8, 0x82, 0x00, 0x00, 0x48, 0x8D, 0x15, 0x79, 0x82, 0x00, 0x00, 0x48,
	0x8D, 0x0D, 0xCA, 0x82, 0x00, 0x00, 0xFF, 0xD3, 0x85, 0xC0, 0x79, 0x07,
	0x48, 0x89, 0x35, 0x65, 0x82, 0x00, 0x00, 0x48, 0x8B, 0x05, 0x0E, 0x7E,
	0x00, 0x00, 0x48, 0x85, 0xC0, 0x74, 0x0F, 0x33, 0xD2, 0x48, 0x8D, 0x0D,
	0xEC, 0x1F, 0x00, 0x00, 0xFF, 0xD0, 0x85, 0xC0, 0x79, 0x1B, 0x48, 0x8B,
	0x05, 0xEB, 0x7D, 0x00, 0x00, 0x48, 0x85, 0xC0, 0x74, 0x3A, 0x33, 0xD2,
	0x48, 0x8D, 0x0D, 0x29, 0x1E, 0x00, 0x00, 0xFF, 0xD0, 0x85, 0xC0, 0x78,
	0x2B, 0x41, 0x8B, 0xC6, 0x87, 0x05, 0x3A, 0x83, 0x00, 0x00, 0x48, 0x8B,
	0x15, 0xD7, 0x7D, 0x00, 0x00, 0x48, 0x85, 0xD2, 0x74, 0x16, 0x48, 0x8D,
	0x0D, 0x87, 0xDC, 0xFF, 0xFF, 0xFF, 0xD2, 0x85, 0xC0, 0x78, 0x09, 0x41,
	0x8B, 0xC6, 0x87, 0x05, 0x1C, 0x83, 0x00, 0x00, 0x48, 0x8B, 0x05, 0xED,
	0xA5, 0x00, 0x00, 0x48, 0x85, 0xC0, 0x74, 0x37, 0x8B, 0x05, 0xDA, 0xA5,
	0x00, 0x00, 0x85, 0xC0, 0x74, 0x2D, 0x48, 0x8B, 0x0D, 0xD7, 0xA5, 0x00,
	0x00, 0x8B, 0x05, 0xC9, 0xA5, 0x00, 0x00, 0x48, 0x85, 0xC9, 0x74, 0x1B,
	0x85, 0xC0, 0x74, 0x17, 0x48, 0x89, 0x0D, 0x11, 0x81, 0x00, 0x00, 0x48,
	0x89, 0x05, 0x12, 0x81, 0x00, 0x00, 0x41, 0x8B, 0xC6, 0x87, 0x05, 0x11,
	0x81, 0x00, 0x00, 0xE8, 0x60, 0x18, 0x00, 0x00, 0x90, 0x48, 0x8B, 0x3D,
	0xDC, 0x77, 0x00, 0x00, 0x48, 0x89, 0xBC, 0x24, 0x38, 0x01, 0x00, 0x00,
	0x48, 0x85, 0xFF, 0x0F, 0x84, 0x05, 0x18, 0x00, 0x00, 0xE8, 0xCE, 0xD4,
	0xFF, 0xFF, 0x4C, 0x8B, 0xF8, 0x48, 0x85, 0xC0, 0x0F, 0x84, 0xF4, 0x17,
	0x00, 0x00, 0x48, 0x8B, 0xDE, 0x48, 0x89, 0x9C, 0x24, 0x88, 0x01, 0x00,
	0x00, 0x48, 0x8B, 0x4F, 0x28, 0x48, 0x85, 0xC9, 0x74, 0x19, 0x48, 0x8B,
	0x05, 0xCF, 0x7B, 0x00, 0x00, 0xFF, 0xD0, 0x84, 0xC0, 0x74, 0x0C, 0x48,
	0x8B, 0x5F, 0x28, 0x48, 0x89, 0x9C, 0x24, 0x88, 0x01, 0x00, 0x00, 0x48,
	0x85, 0xDB, 0x0F, 0x84, 0xD7, 0x0B, 0x00, 0x00, 0x48, 0x39, 0x73, 0x30,
	0x74, 0x0B, 0x48, 0x8B, 0xD3, 0x49, 0x8B, 0xCF, 0xE8, 0x57, 0xB3, 0xFF,
	0xFF, 0x48, 0x85, 0xDB, 0x0F, 0x84, 0xBD, 0x0B, 0x00, 0x00, 0x48, 0x39,
	0x73, 0x60, 0x0F, 0x84, 0xB3, 0x0B, 0x00, 0x00, 0x48, 0x8D, 0x43, 0x58,
	0x48, 0x89, 0x84, 0x24, 0x80, 0x00, 0x00, 0x00, 0x48, 0x85, 0xC0, 0x0F,
	0x84, 0x9E, 0x0B, 0x00, 0x00, 0x66, 0x39, 0x30, 0x0F, 0x84, 0x95, 0x0B,
	0x00, 0x00, 0xB8, 0x4D, 0x5A, 0x00, 0x00, 0x66, 0x41, 0x39, 0x07, 0x0F,
	0x85, 0xA7, 0x00, 0x00, 0x00, 0x49, 0x63, 0x5F, 0x3C, 0x49, 0x03, 0xDF,
	0x48, 0x8B, 0x05, 0x55, 0x7B, 0x00, 0x00, 0x48, 0x8B, 0xCB, 0xFF, 0xD0,
	0x84, 0xC0, 0x0F, 0x84, 0x8C, 0x00, 0x00, 0x00, 0x81, 0x3B, 0x50, 0x45,
	0x00, 0x00, 0x0F, 0x85, 0x80, 0x00, 0x00, 0x00, 0x44, 0x8B, 0xE6, 0x89,
	0xB4, 0x24, 0x2C, 0x01, 0x00, 0x00, 0x0F, 0xB7, 0x7B, 0x14, 0x48, 0x03,
	0xFB, 0x0F, 0xB7, 0xD6, 0xB8, 0x10, 0x00, 0x00, 0x00, 0x89, 0x84, 0x24,
	0x48, 0x0B, 0x00, 0x00, 0x66, 0x89, 0x94, 0x24, 0x8C, 0x00, 0x00, 0x00,
	0x66, 0x3B, 0x53, 0x06, 0x73, 0x60, 0x44, 0x3B, 0xE0, 0x73, 0x5B, 0x0F,
	0xB7, 0xC2, 0x4C, 0x8D, 0x04, 0x80, 0x42, 0xF7, 0x44, 0xC7, 0x3C, 0x00,
	0x00, 0x00, 0x20, 0x74, 0x30, 0x46, 0x8B, 0x4C, 0xC7, 0x20, 0x45, 0x85,
	0xC9, 0x74, 0x26, 0x41, 0x8B, 0xCC, 0x42, 0x8B, 0x44, 0xC7, 0x24, 0x49,
	0x03, 0xC7, 0x48, 0x89, 0x84, 0xCC, 0x00, 0x04, 0x00, 0x00, 0x4C, 0x89,
	0x8C, 0xCC, 0x80, 0x03, 0x00, 0x00, 0x45, 0x03, 0xE6, 0x44, 0x89, 0xA4,
	0x24, 0x2C, 0x01, 0x00, 0x00, 0x66, 0x41, 0x03, 0xD6, 0xB8, 0x10, 0x00,
	0x00, 0x00, 0xEB, 0xA0, 0xC7, 0x84, 0x24, 0x48, 0x0B, 0x00, 0x00, 0x10,
	0x00, 0x00, 0x00, 0x44, 0x8B, 0xE6, 0x8B, 0xCE, 0x4C, 0x8D, 0x2D, 0x35,
	0x74, 0xFF, 0xFF, 0x89, 0x8C, 0x24, 0xB0, 0x00, 0x00, 0x00, 0x41, 0x3B,
	0xCC, 0x0F, 0x83, 0x93, 0x01, 0x00, 0x00, 0x8B, 0xC1, 0x48, 0x8B, 0x94,
	0xC4, 0x80, 0x03, 0x00, 0x00, 0x48, 0x89, 0x94, 0x24, 0x50, 0x0B, 0x00,
	0x00, 0x4C, 0x8B, 0x84, 0xC4, 0x00, 0x04, 0x00, 0x00, 0x4C, 0x89, 0x84,
	0x24, 0x58, 0x0B, 0x00, 0x00, 0x4D, 0x85, 0xC0, 0x0F, 0x84, 0x58, 0x01,
	0x00, 0x00, 0x48, 0x85, 0xD2, 0x0F, 0x84, 0x4F, 0x01, 0x00, 0x00, 0x48,
	0x8B, 0xFE, 0x48, 0x89, 0xB4, 0x24, 0xC0, 0x01, 0x00, 0x00, 0x42, 0x38,
	0xB4, 0x2F, 0xA0, 0xCB, 0x00, 0x00, 0x74, 0x0D, 0x49, 0x03, 0xFE, 0x48,
	0x89, 0xBC, 0x24, 0xC0, 0x01, 0x00, 0x00, 0xEB, 0xE9, 0x48, 0x85, 0xFF,
	0x0F, 0x84, 0x2C, 0x01, 0x00, 0x00, 0x48, 0x3B, 0xFA, 0x0F, 0x87, 0x23,
	0x01, 0x00, 0x00, 0x48, 0x8B, 0xDE, 0x48, 0x89, 0x9C, 0x24, 0x90, 0x01,
	0x00, 0x00, 0x48, 0x8B, 0xC2, 0x48, 0x2B, 0xC7, 0x48, 0x89, 0x84, 0x24,
	0xD0, 0x00, 0x00, 0x00, 0x48, 0x3B, 0xD8, 0x0F, 0x87, 0xEB, 0x00, 0x00,
	0x00, 0x4A, 0x8D, 0x04, 0x03, 0x48, 0x89, 0x44, 0x24, 0x58, 0x4C, 0x8B,
	0xE8, 0x49, 0x81, 0xE5, 0x00, 0xF0, 0xFF, 0xFF, 0x48, 0x8B, 0x05, 0xF1,
	0x79, 0x00, 0x00, 0x49, 0x8B, 0xCD, 0xFF, 0xD0, 0x84, 0xC0, 0x75, 0x29,
	0x4C, 0x2B, 0x6C, 0x24, 0x58, 0x48, 0x81, 0xC3, 0x00, 0x10, 0x00, 0x00,
	0x49, 0x03, 0xDD, 0x48, 0x89, 0x9C, 0x24, 0x90, 0x01, 0x00, 0x00, 0x48,
	0x8B, 0x94, 0x24, 0x50, 0x0B, 0x00, 0x00, 0x4C, 0x8B, 0x84, 0x24, 0x58,
	0x0B, 0x00, 0x00, 0xEB, 0x9D, 0x4C, 0x8B, 0x84, 0x24, 0x58, 0x0B, 0x00,
	0x00, 0x4D, 0x2B, 0xE8, 0x49, 0x81, 0xC5, 0x00, 0x10, 0x00, 0x00, 0x4C,
	0x3B, 0xAC, 0x24, 0x50, 0x0B, 0x00, 0x00, 0x4C, 0x0F, 0x47, 0xAC, 0x24,
	0x50, 0x0B, 0x00, 0x00, 0x4C, 0x8B, 0x8C, 0x24, 0xD0, 0x00, 0x00, 0x00,
	0x49, 0x8B, 0xC5, 0x48, 0x2B, 0xC7, 0x48, 0x3B, 0xD8, 0x77, 0x5C, 0x49,
	0x3B, 0xD9, 0x77, 0x57, 0x48, 0x8B, 0xD6, 0x48, 0x89, 0x94, 0x24, 0xC8,
	0x01, 0x00, 0x00, 0x48, 0x3B, 0xD7, 0x73, 0x34, 0x48, 0x8D, 0x05, 0xFD,
	0x72, 0xFF, 0xFF, 0x80, 0xBC, 0x02, 0xA0, 0xCB, 0x00, 0x00, 0x78, 0x75,
	0x1E, 0x48, 0x8D, 0x0C, 0x1A, 0x8A, 0x84, 0x02, 0x20, 0xEB, 0x00, 0x00,
	0x42, 0x38, 0x04, 0x01, 0x74, 0x0D, 0x49, 0x03, 0xDE, 0x48, 0x89, 0x9C,
	0x24, 0x90, 0x01, 0x00, 0x00, 0xEB, 0xB1, 0x49, 0x03, 0xD6, 0xEB, 0xBF,
	0x49, 0x03, 0xD8, 0x8B, 0x8C, 0x24, 0xB0, 0x00, 0x00, 0x00, 0x4C, 0x8D,
	0x2D, 0xBF, 0x72, 0xFF, 0xFF, 0xEB, 0x1E, 0x48, 0x8B, 0x94, 0x24, 0x50,
	0x0B, 0x00, 0x00, 0xE9, 0xFE, 0xFE, 0xFF, 0xFF, 0x8B, 0x8C, 0x24, 0xB0,
	0x00, 0x00, 0x00, 0x4C, 0x8D, 0x2D, 0xA2, 0x72, 0xFF, 0xFF, 0x48, 0x8B,
	0xDE, 0x48, 0x85, 0xDB, 0x75, 0x0B, 0x41, 0x03, 0xCE, 0xE9, 0x5D, 0xFE,
	0xFF, 0xFF, 0x48, 0x8B, 0xDE, 0x41, 0x8A, 0xFE, 0x48, 0x85, 0xDB, 0x0F,
	0x85, 0xFF, 0x06, 0x00, 0x00, 0xB8, 0x4D, 0x5A, 0x00, 0x00, 0x66, 0x41,
	0x39, 0x07, 0x0F, 0x85, 0x8F, 0x00, 0x00, 0x00, 0x49, 0x63, 0x7F, 0x3C,
	0x49, 0x03, 0xFF, 0x48, 0x8B, 0x05, 0xD6, 0x78, 0x00, 0x00, 0x48, 0x8B,
	0xCF, 0xFF, 0xD0, 0x84, 0xC0, 0x74, 0x78, 0x81, 0x3F, 0x50, 0x45, 0x00,
	0x00, 0x75, 0x70, 0x44, 0x8B, 0xE6, 0x89, 0xB4, 0x24, 0x30, 0x01, 0x00,
	0x00, 0x0F, 0xB7, 0x5F, 0x14, 0x48, 0x03, 0xDF, 0x0F, 0xB7, 0xD6, 0x66,
	0x89, 0x94, 0x24, 0x90, 0x00, 0x00, 0x00, 0x66, 0x3B, 0x57, 0x06, 0x73,
	0x51, 0x41, 0x83, 0xFC, 0x10, 0x73, 0x4B, 0x0F, 0xB7, 0xC2, 0x4C, 0x8D,
	0x04, 0x80, 0x42, 0xF7, 0x44, 0xC3, 0x3C, 0x00, 0x00, 0x00, 0x20, 0x74,
	0x30, 0x46, 0x8B, 0x4C, 0xC3, 0x20, 0x45, 0x85, 0xC9, 0x74, 0x26, 0x41,
	0x8B, 0xCC, 0x42, 0x8B, 0x44, 0xC3, 0x24, 0x49, 0x03, 0xC7, 0x48, 0x89,
	0x84, 0xCC, 0x00, 0x05, 0x00, 0x00, 0x4C, 0x89, 0x8C, 0xCC, 0x80, 0x04,
	0x00, 0x00, 0x45, 0x03, 0xE6, 0x44, 0x89, 0xA4, 0x24, 0x30, 0x01, 0x00,
	0x00, 0x66, 0x41, 0x03, 0xD6, 0xEB, 0xA4, 0x44, 0x8B, 0xE6, 0x8B, 0xCE,
	0x89, 0x8C, 0x24, 0xB4, 0x00, 0x00, 0x00, 0x41, 0x3B, 0xCC, 0x0F, 0x83,
	0x93, 0x01, 0x00, 0x00, 0x8B, 0xC1, 0x48, 0x8B, 0x94, 0xC4, 0x80, 0x04,
	0x00, 0x00, 0x48, 0x89, 0x94, 0x24, 0x50, 0x0B, 0x00, 0x00, 0x4C, 0x8B,
	0x84, 0xC4, 0x00, 0x05, 0x00, 0x00, 0x4C, 0x89, 0x84, 0x24, 0x58, 0x0B,
	0x00, 0x00, 0x4D, 0x85, 0xC0, 0x0F, 0x84, 0x58, 0x01, 0x00, 0x00, 0x48,
	0x85, 0xD2, 0x0F, 0x84, 0x4F, 0x01, 0x00, 0x00, 0x48, 0x8B, 0xFE, 0x48,
	0x89, 0xB4, 0x24, 0xD0, 0x01, 0x00, 0x00, 0x42, 0x38, 0xB4, 0x2F, 0xB0,
	0xCB, 0x00, 0x00, 0x74, 0x0D, 0x49, 0x03, 0xFE, 0x48, 0x89, 0xBC, 0x24,
	0xD0, 0x01, 0x00, 0x00, 0xEB, 0xE9, 0x48, 0x85, 0xFF, 0x0F, 0x84, 0x2C,
	0x01, 0x00, 0x00, 0x48, 0x3B, 0xFA, 0x0F, 0x87, 0x23, 0x01, 0x00, 0x00,
	0x48, 0x8B, 0xDE, 0x48, 0x89, 0x9C, 0x24, 0x98, 0x01, 0x00, 0x00, 0x48,
	0x8B, 0xC2, 0x48, 0x2B, 0xC7, 0x48, 0x89, 0x84, 0x24, 0xD0, 0x00, 0x00,
	0x00, 0x48, 0x3B, 0xD8, 0x0F, 0x87, 0xEB, 0x00, 0x00, 0x00, 0x4A, 0x8D,
	0x04, 0x03, 0x48, 0x89, 0x44, 0x24, 0x58, 0x4C, 0x8B, 0xE8, 0x49, 0x81,
	0xE5, 0x00, 0xF0, 0xFF, 0xFF, 0x48, 0x8B, 0x05, 0x9C, 0x77, 0x00, 0x00,
	0x49, 0x8B, 0xCD, 0xFF, 0xD0, 0x84, 0xC0, 0x75, 0x29, 0x4C, 0x2B, 0x6C,
	0x24, 0x58, 0x48, 0x81, 0xC3, 0x00, 0x10, 0x00, 0x00, 0x49, 0x03, 0xDD,
	0x48, 0x89, 0x9C, 0x24, 0x98, 0x01, 0x00, 0x00, 0x48, 0x8B, 0x94, 0x24,
	0x50, 0x0B, 0x00, 0x00, 0x4C, 0x8B, 0x84, 0x24, 0x58, 0x0B, 0x00, 0x00,
	0xEB, 0x9D, 0x4C, 0x8B, 0x84, 0x24, 0x58, 0x0B, 0x00, 0x00, 0x4D, 0x2B,
	0xE8, 0x49, 0x81, 0xC5, 0x00, 0x10, 0x00, 0x00, 0x4C, 0x3B, 0xAC, 0x24,
	0x50, 0x0B, 0x00, 0x00, 0x4C, 0x0F, 0x47, 0xAC, 0x24, 0x50, 0x0B, 0x00,
	0x00, 0x4C, 0x8B, 0x8C, 0x24, 0xD0, 0x00, 0x00, 0x00, 0x49, 0x8B, 0xC5,
	0x48, 0x2B, 0xC7, 0x48, 0x3B, 0xD8, 0x77, 0x5C, 0x49, 0x3B, 0xD9, 0x77,
	0x57, 0x48, 0x8B, 0xD6, 0x48, 0x89, 0x94, 0x24, 0xD8, 0x01, 0x00, 0x00,
	0x48, 0x3B, 0xD7, 0x73, 0x34, 0x48, 0x8D, 0x05, 0xA8, 0x70, 0xFF, 0xFF,
	0x80, 0xBC, 0x02, 0xB0, 0xCB, 0x00, 0x00, 0x78, 0x75, 0x1E, 0x48, 0x8D,
	0x0C, 0x1A, 0x8A, 0x84, 0x02, 0x30, 0xEB, 0x00, 0x00, 0x42, 0x38, 0x04,
	0x01, 0x74, 0x0D, 0x49, 0x03, 0xDE, 0x48, 0x89, 0x9C, 0x24, 0x98, 0x01,
	0x00, 0x00, 0xEB, 0xB1, 0x49, 0x03, 0xD6, 0xEB, 0xBF, 0x49, 0x03, 0xD8,
	0x8B, 0x8C, 0x24, 0xB4, 0x00, 0x00, 0x00, 0x4C, 0x8D, 0x2D, 0x6A, 0x70,
	0xFF, 0xFF, 0xEB, 0x1E, 0x48, 0x8B, 0x94, 0x24, 0x50, 0x0B, 0x00, 0x00,
	0xE9, 0xFE, 0xFE, 0xFF, 0xFF, 0x8B, 0x8C, 0x24, 0xB4, 0x00, 0x00, 0x00,
	0x4C, 0x8D, 0x2D, 0x4D, 0x70, 0xFF, 0xFF, 0x48, 0x8B, 0xDE, 0x48, 0x85,
	0xDB, 0x75, 0x0B, 0x41, 0x03, 0xCE, 0xE9, 0x5D, 0xFE, 0xFF, 0xFF, 0x48,
	0x8B, 0xDE, 0x40, 0x8A, 0xFE, 0x48, 0x85, 0xDB, 0x0F, 0x85, 0xAA, 0x04,
	0x00, 0x00, 0xB8, 0x4D, 0x5A, 0x00, 0x00, 0x66, 0x41, 0x39, 0x07, 0x0F,
	0x85, 0x8F, 0x00, 0x00, 0x00, 0x49, 0x63, 0x7F, 0x3C, 0x49, 0x03, 0xFF,
	0x48, 0x8B, 0x05, 0x81, 0x76, 0x00, 0x00, 0x48, 0x8B, 0xCF, 0xFF, 0xD0,
	0x84, 0xC0, 0x74, 0x78, 0x81, 0x3F, 0x50, 0x45, 0x00, 0x00, 0x75, 0x70,
	0x44, 0x8B, 0xE6, 0x89, 0xB4, 0x24, 0x08, 0x01, 0x00, 0x00, 0x0F, 0xB7,
	0x5F, 0x14, 0x48, 0x03, 0xDF, 0x0F, 0xB7, 0xD6, 0x66, 0x89, 0x94, 0x24,
	0x94, 0x00, 0x00, 0x00, 0x66, 0x3B, 0x57, 0x06, 0x73, 0x51, 0x41, 0x83,
	0xFC, 0x10, 0x73, 0x4B, 0x0F, 0xB7, 0xC2, 0x4C, 0x8D, 0x04, 0x80, 0x42,
	0xF7, 0x44, 0xC3, 0x3C, 0x00, 0x00, 0x00, 0x20, 0x74, 0x30, 0x46, 0x8B,
	0x4C, 0xC3, 0x20, 0x45, 0x85, 0xC9, 0x74, 0x26, 0x41, 0x8B, 0xCC, 0x42,
	0x8B, 0x44, 0xC3, 0x24, 0x49, 0x03, 0xC7, 0x48, 0x89, 0x84, 0xCC, 0x80,
	0x0A, 0x00, 0x00, 0x4C, 0x89, 0x8C, 0xCC, 0x80, 0x05, 0x00, 0x00, 0x45,
	0x03, 0xE6, 0x44, 0x89, 0xA4, 0x24, 0x08, 0x01, 0x00, 0x00, 0x66, 0x41,
	0x03, 0xD6, 0xEB, 0xA4, 0x44, 0x8B, 0xE6, 0x8B, 0xCE, 0x89, 0x8C, 0x24,
	0xB8, 0x00, 0x00, 0x00, 0x41, 0x3B, 0xCC, 0x0F, 0x83, 0x93, 0x01, 0x00,
	0x00, 0x8B, 0xC1, 0x48, 0x8B, 0x94, 0xC4, 0x80, 0x05, 0x00, 0x00, 0x48,
	0x89, 0x94, 0x24, 0x50, 0x0B, 0x00, 0x00, 0x4C, 0x8B, 0x84, 0xC4, 0x80,
	0x0A, 0x00, 0x00, 0x4C, 0x89, 0x84, 0x24, 0x58, 0x0B, 0x00, 0x00, 0x4D,
	0x85, 0xC0, 0x0F, 0x84, 0x58, 0x01, 0x00, 0x00, 0x48, 0x85, 0xD2, 0x0F,
	0x84, 0x4F, 0x01, 0x00, 0x00, 0x48, 0x8B, 0xFE, 0x48, 0x89, 0xB4, 0x24,
	0xE0, 0x01, 0x00, 0x00, 0x42, 0x38, 0xB4, 0x2F, 0x70, 0xCB, 0x00, 0x00,
	0x74, 0x0D, 0x49, 0x03, 0xFE, 0x48, 0x89, 0xBC, 0x24, 0xE0, 0x01, 0x00,
	0x00, 0xEB, 0xE9, 0x48, 0x85, 0xFF, 0x0F, 0x84, 0x2C, 0x01, 0x00, 0x00,
	0x48, 0x3B, 0xFA, 0x0F, 0x87, 0x23, 0x01, 0x00, 0x00, 0x48, 0x8B, 0xDE,
	0x48, 0x89, 0x9C, 0x24, 0xA0, 0x01, 0x00, 0x00, 0x48, 0x8B, 0xC2, 0x48,
	0x2B, 0xC7, 0x48, 0x89, 0x84, 0x24, 0xD0, 0x00, 0x00, 0x00, 0x48, 0x3B,
	0xD8, 0x0F, 0x87, 0xEB, 0x00, 0x00, 0x00, 0x4A, 0x8D, 0x04, 0x03, 0x48,
	0x89, 0x44, 0x24, 0x58, 0x4C, 0x8B, 0xE8, 0x49, 0x81, 0xE5, 0x00, 0xF0,
	0xFF, 0xFF, 0x48, 0x8B, 0x05, 0x47, 0x75, 0x00, 0x00, 0x49, 0x8B, 0xCD,
	0xFF, 0xD0, 0x84, 0xC0, 0x75, 0x29, 0x4C, 0x2B, 0x6C, 0x24, 0x58, 0x48,
	0x81, 0xC3, 0x00, 0x10, 0x00, 0x00, 0x49, 0x03, 0xDD, 0x48, 0x89, 0x9C,
	0x24, 0xA0, 0x01, 0x00, 0x00, 0x48, 0x8B, 0x94, 0x24, 0x50, 0x0B, 0x00,
	0x00, 0x4C, 0x8B, 0x84, 0x24, 0x58, 0x0B, 0x00, 0x00, 0xEB, 0x9D, 0x4C,
	0x8B, 0x84, 0x24, 0x58, 0x0B, 0x00, 0x00, 0x4D, 0x2B, 0xE8, 0x49, 0x81,
	0xC5, 0x00, 0x10, 0x00, 0x00, 0x4C, 0x3B, 0xAC, 0x24, 0x50, 0x0B, 0x00,
	0x00, 0x4C, 0x0F, 0x47, 0xAC, 0x24, 0x50, 0x0B, 0x00, 0x00, 0x4C, 0x8B,
	0x8C, 0x24, 0xD0, 0x00, 0x00, 0x00, 0x49, 0x8B, 0xC5, 0x48, 0x2B, 0xC7,
	0x48, 0x3B, 0xD8, 0x77, 0x5C, 0x49, 0x3B, 0xD9, 0x77, 0x57, 0x48, 0x8B,
	0xD6, 0x48, 0x89, 0x94, 0x24, 0xE8, 0x01, 0x00, 0x00, 0x48, 0x3B, 0xD7,
	0x73, 0x34, 0x48, 0x8D, 0x05, 0x53, 0x6E, 0xFF, 0xFF, 0x80, 0xBC, 0x02,
	0x70, 0xCB, 0x00, 0x00, 0x78, 0x75, 0x1E, 0x48, 0x8D, 0x0C, 0x1A, 0x8A,
	0x84, 0x02, 0x48, 0xEB, 0x00, 0x00, 0x42, 0x38, 0x04, 0x01, 0x74, 0x0D,
	0x49, 0x03, 0xDE, 0x48, 0x89, 0x9C, 0x24, 0xA0, 0x01, 0x00, 0x00, 0xEB,
	0xB1, 0x49, 0x03, 0xD6, 0xEB, 0xBF, 0x49, 0x03, 0xD8, 0x8B, 0x8C, 0x24,
	0xB8, 0x00, 0x00, 0x00, 0x4C, 0x8D, 0x2D, 0x15, 0x6E, 0xFF, 0xFF, 0xEB,
	0x1E, 0x48, 0x8B, 0x94, 0x24, 0x50, 0x0B, 0x00, 0x00, 0xE9, 0xFE, 0xFE,
	0xFF, 0xFF, 0x8B, 0x8C, 0x24, 0xB8, 0x00, 0x00, 0x00, 0x4C, 0x8D, 0x2D,
	0xF8, 0x6D, 0xFF, 0xFF, 0x48, 0x8B, 0xDE, 0x48, 0x85, 0xDB, 0x75, 0x0B,
	0x41, 0x03, 0xCE, 0xE9, 0x5D, 0xFE, 0xFF, 0xFF, 0x48, 0x8B, 0xDE, 0x41,
	0x8A, 0xFE, 0x48, 0x85, 0xDB, 0x0F, 0x85, 0x55, 0x02, 0x00, 0x00, 0xB8,
	0x4D, 0x5A, 0x00, 0x00, 0x66, 0x41, 0x39, 0x07, 0x0F, 0x85, 0x8F, 0x00,
	0x00, 0x00, 0x49, 0x63, 0x7F, 0x3C, 0x49, 0x03, 0xFF, 0x48, 0x8B, 0x05,
	0x2C, 0x74, 0x00, 0x00, 0x48, 0x8B, 0xCF, 0xFF, 0xD0, 0x84, 0xC0, 0x74,
	0x78, 0x81, 0x3F, 0x50, 0x45, 0x00, 0x00, 0x75, 0x70, 0x44, 0x8B, 0xE6,
	0x89, 0xB4, 0x24, 0x0C, 0x01, 0x00, 0x00, 0x0F, 0xB7, 0x5F, 0x14, 0x48,
	0x03, 0xDF, 0x0F, 0xB7, 0xD6, 0x66, 0x89, 0x94, 0x24, 0x98, 0x00, 0x00,
	0x00, 0x66, 0x3B, 0x57, 0x06, 0x73, 0x51, 0x41, 0x83, 0xFC, 0x10, 0x73,
	0x4B, 0x0F, 0xB7, 0xC2, 0x4C, 0x8D, 0x04, 0x80, 0x42, 0xF7, 0x44, 0xC3,
	0x3C, 0x00, 0x00, 0x00, 0x20, 0x74, 0x30, 0x46, 0x8B, 0x4C, 0xC3, 0x20,
	0x45, 0x85, 0xC9, 0x74, 0x26, 0x41, 0x8B, 0xCC, 0x42, 0x8B, 0x44, 0xC3,
	0x24, 0x49, 0x03, 0xC7, 0x48, 0x89, 0x84, 0xCC, 0x80, 0x06, 0x00, 0x00,
	0x4C, 0x89, 0x8C, 0xCC, 0x00, 0x06, 0x00, 0x00, 0x45, 0x03, 0xE6, 0x44,
	0x89, 0xA4, 0x24, 0x0C, 0x01, 0x00, 0x00, 0x66, 0x41, 0x03, 0xD6, 0xEB,
	0xA4, 0x44, 0x8B, 0xE6, 0x8B, 0xCE, 0x89, 0x8C, 0x24, 0xBC, 0x00, 0x00,
	0x00, 0x41, 0x3B, 0xCC, 0x0F, 0x83, 0x93, 0x01, 0x00, 0x00, 0x8B, 0xC1,
	0x48, 0x8B, 0x94, 0xC4, 0x00, 0x06, 0x00, 0x00, 0x48, 0x89, 0x94, 0x24,
	0x50, 0x0B, 0x00, 0x00, 0x4C, 0x8B, 0x84, 0xC4, 0x80, 0x06, 0x00, 0x00,
	0x4C, 0x89, 0x84, 0x24, 0x58, 0x0B, 0x00, 0x00, 0x4D, 0x85, 0xC0, 0x0F,
	0x84, 0x58, 0x01, 0x00, 0x00, 0x48, 0x85, 0xD2, 0x0F, 0x84, 0x4F, 0x01,
	0x00, 0x00, 0x48, 0x8B, 0xFE, 0x48, 0x89, 0xB4, 0x24, 0xF0, 0x01, 0x00,
	0x00, 0x42, 0x38, 0xB4, 0x2F, 0x70, 0xCB, 0x00, 0x00, 0x74, 0x0D, 0x49,
	0x03, 0xFE, 0x48, 0x89, 0xBC, 0x24, 0xF0, 0x01, 0x00, 0x00, 0xEB, 0xE9,
	0x48, 0x85, 0xFF, 0x0F, 0x84, 0x2C, 0x01, 0x00, 0x00, 0x48, 0x3B, 0xFA,
	0x0F, 0x87, 0x23, 0x01, 0x00, 0x00, 0x48, 0x8B, 0xDE, 0x48, 0x89, 0x9C,
	0x24, 0x58, 0x01, 0x00, 0x00, 0x48, 0x8B, 0xC2, 0x48, 0x2B, 0xC7, 0x48,
	0x89, 0x84, 0x24, 0xD0, 0x00, 0x00, 0x00, 0x48, 0x3B, 0xD8, 0x0F, 0x87,
	0xEB, 0x00, 0x00, 0x00, 0x4A, 0x8D, 0x04, 0x03, 0x48, 0x89, 0x44, 0x24,
	0x58, 0x4C, 0x8B, 0xE8, 0x49, 0x81, 0xE5, 0x00, 0xF0, 0xFF, 0xFF, 0x48,
	0x8B, 0x05, 0xF2, 0x72, 0x00, 0x00, 0x49, 0x8B, 0xCD, 0xFF, 0xD0, 0x84,
	0xC0, 0x75, 0x29, 0x4C, 0x2B, 0x6C, 0x24, 0x58, 0x48, 0x81, 0xC3, 0x00,
	0x10, 0x00, 0x00, 0x49, 0x03, 0xDD, 0x48, 0x89, 0x9C, 0x24, 0x58, 0x01,
	0x00, 0x00, 0x48, 0x8B, 0x94, 0x24, 0x50, 0x0B, 0x00, 0x00, 0x4C, 0x8B,
	0x84, 0x24, 0x58, 0x0B, 0x00, 0x00, 0xEB, 0x9D, 0x4C, 0x8B, 0x84, 0x24,
	0x58, 0x0B, 0x00, 0x00, 0x4D, 0x2B, 0xE8, 0x49, 0x81, 0xC5, 0x00, 0x10,
	0x00, 0x00, 0x4C, 0x3B, 0xAC, 0x24, 0x50, 0x0B, 0x00, 0x00, 0x4C, 0x0F,
	0x47, 0xAC, 0x24, 0x50, 0x0B, 0x00, 0x00, 0x4C, 0x8B, 0x8C, 0x24, 0xD0,
	0x00, 0x00, 0x00, 0x49, 0x8B, 0xC5, 0x48, 0x2B, 0xC7, 0x48, 0x3B, 0xD8,
	0x77, 0x5C, 0x49, 0x3B, 0xD9, 0x77, 0x57, 0x48, 0x8B, 0xD6, 0x48, 0x89,
	0x94, 0x24, 0xF8, 0x01, 0x00, 0x00, 0x48, 0x3B, 0xD7, 0x73, 0x34, 0x48,
	0x8D, 0x05, 0xFE, 0x6B, 0xFF, 0xFF, 0x80, 0xBC, 0x02, 0x70, 0xCB, 0x00,
	0x00, 0x78, 0x75, 0x1E, 0x48, 0x8D, 0x0C, 0x1A, 0x8A, 0x84, 0x02, 0x58,
	0xEB, 0x00, 0x00, 0x42, 0x38, 0x04, 0x01, 0x74, 0x0D, 0x49, 0x03, 0xDE,
	0x48, 0x89, 0x9C, 0x24, 0x58, 0x01, 0x00, 0x00, 0xEB, 0xB1, 0x49, 0x03,
	0xD6, 0xEB, 0xBF, 0x49, 0x03, 0xD8, 0x8B, 0x8C, 0x24, 0xBC, 0x00, 0x00,
	0x00, 0x4C, 0x8D, 0x2D, 0xC0, 0x6B, 0xFF, 0xFF, 0xEB, 0x1E, 0x48, 0x8B,
	0x94, 0x24, 0x50, 0x0B, 0x00, 0x00, 0xE9, 0xFE, 0xFE, 0xFF, 0xFF, 0x8B,
	0x8C, 0x24, 0xBC, 0x00, 0x00, 0x00, 0x4C, 0x8D, 0x2D, 0xA3, 0x6B, 0xFF,
	0xFF, 0x48, 0x8B, 0xDE, 0x48, 0x85, 0xDB, 0x75, 0x0B, 0x41, 0x03, 0xCE,
	0xE9, 0x5D, 0xFE, 0xFF, 0xFF, 0x48, 0x8B, 0xDE, 0x41, 0x8A, 0xFE, 0x48,
	0x85, 0xDB, 0x0F, 0x84, 0x29, 0x02, 0x00, 0x00, 0x48, 0x8B, 0x05, 0xED,
	0x71, 0x00, 0x00, 0x48, 0x8D, 0x4B, 0x03, 0xFF, 0xD0, 0x84, 0xC0, 0x0F,
	0x84, 0x14, 0x02, 0x00, 0x00, 0x48, 0x63, 0x43, 0x03, 0x48, 0x83, 0xC3,
	0x07, 0x48, 0x03, 0xD8, 0x0F, 0x84, 0x03, 0x02, 0x00, 0x00, 0x48, 0x8B,
	0x05, 0xC7, 0x71, 0x00, 0x00, 0x48, 0x8B, 0xCB, 0xFF, 0xD0, 0x84, 0xC0,
	0x0F, 0x84, 0xEF, 0x01, 0x00, 0x00, 0x4C, 0x8B, 0xE6, 0x48, 0x89, 0xB4,
	0x24, 0x60, 0x01, 0x00, 0x00, 0x40, 0x84, 0xFF, 0x74, 0x32, 0x48, 0x8B,
	0x05, 0xA3, 0x71, 0x00, 0x00, 0x48, 0x8B, 0xCB, 0xFF, 0xD0, 0x84, 0xC0,
	0x74, 0x2D, 0x48, 0x8B, 0x0B, 0x48, 0x85, 0xC9, 0x74, 0x25, 0x48, 0x8B,
	0x05, 0x8B, 0x71, 0x00, 0x00, 0xFF, 0xD0, 0x84, 0xC0, 0x74, 0x18, 0x4C,
	0x8B, 0x23, 0x4C, 0x89, 0xA4, 0x24, 0x60, 0x01, 0x00, 0x00, 0xEB, 0x0B,
	0x4C, 0x8B, 0xE3, 0x48, 0x89, 0x9C, 0x24, 0x60, 0x01, 0x00, 0x00, 0x4D,
	0x85, 0xE4, 0x0F, 0x84, 0x99, 0x01, 0x00, 0x00, 0x48, 0x8B, 0x05, 0x5D,
	0x71, 0x00, 0x00, 0x49, 0x8B, 0xCC, 0xFF, 0xD0, 0x84, 0xC0, 0x0F, 0x84,
	0x85, 0x01, 0x00, 0x00, 0x49, 0x8B, 0x0C, 0x24, 0x48, 0x85, 0xC9, 0x0F,
	0x84, 0x78, 0x01, 0x00, 0x00, 0x48, 0x8B, 0x05, 0x3C, 0x71, 0x00, 0x00,
	0xFF, 0xD0, 0x84, 0xC0, 0x0F, 0x84, 0x67, 0x01, 0x00, 0x00, 0x4D, 0x8B,
	0x2C, 0x24, 0xB9, 0x00, 0x02, 0x00, 0x00, 0x89, 0x8C, 0x24, 0xF0, 0x00,
	0x00, 0x00, 0x4D, 0x3B, 0xEC, 0x0F, 0x84, 0x47, 0x01, 0x00, 0x00, 0x8B,
	0xC1, 0xBA, 0xFF, 0xFF, 0xFF, 0xFF, 0x03, 0xCA, 0x89, 0x8C, 0x24, 0xF0,
	0x00, 0x00, 0x00, 0x85, 0xC0, 0x0F, 0x84, 0x2F, 0x01, 0x00, 0x00, 0x48,
	0x8B, 0x05, 0xFA, 0x70, 0x00, 0x00, 0x49, 0x8B, 0xCD, 0xFF, 0xD0, 0x84,
	0xC0, 0x0F, 0x84, 0x1B, 0x01, 0x00, 0x00, 0x49, 0x8B, 0x45, 0x00, 0x48,
	0x89, 0x84, 0x24, 0x50, 0x0B, 0x00, 0x00, 0x49, 0x8D, 0x5D, 0x10, 0x48,
	0x8B, 0x05, 0xD6, 0x70, 0x00, 0x00, 0x48, 0x8B, 0xCB, 0xFF, 0xD0, 0x84,
	0xC0, 0x0F, 0x84, 0xD1, 0x00, 0x00, 0x00, 0x0F, 0xB7, 0x03, 0x66, 0x41,
	0x2B, 0xC6, 0xB9, 0xFE, 0x01, 0x00, 0x00, 0x66, 0x3B, 0xC1, 0x0F, 0x87,
	0xBC, 0x00, 0x00, 0x00, 0x48, 0x8B, 0x4B, 0x08, 0x48, 0x85, 0xC9, 0x0F,
	0x84, 0xAF, 0x00, 0x00, 0x00, 0x48, 0x8B, 0x05, 0xA0, 0x70, 0x00, 0x00,
	0xFF, 0xD0, 0x84, 0xC0, 0x0F, 0x84, 0x9E, 0x00, 0x00, 0x00, 0x48, 0x8B,
	0x94, 0x24, 0x80, 0x00, 0x00, 0x00, 0x44, 0x0F, 0xB7, 0x0A, 0x66, 0x44,
	0x39, 0x0B, 0x0F, 0x85, 0x88, 0x00, 0x00, 0x00, 0x66, 0x41, 0xD1, 0xE9,
	0x44, 0x0F, 0xB7, 0xC6, 0x66, 0x89, 0xB4, 0x24, 0x9C, 0x00, 0x00, 0x00,
	0x41, 0xBA, 0x20, 0x00, 0x00, 0x00, 0x66, 0x45, 0x3B, 0xC1, 0x73, 0x52,
	0x41, 0x0F, 0xB7, 0xC8, 0x48, 0x8B, 0x43, 0x08, 0x0F, 0xB7, 0x3C, 0x48,
	0x48, 0x8B, 0x42, 0x08, 0x0F, 0xB7, 0x14, 0x48, 0x8D, 0x42, 0xBF, 0x41,
	0x8D, 0x1C, 0x12, 0x66, 0x83, 0xF8, 0x19, 0x66, 0x0F, 0x47, 0xDA, 0x8D,
	0x47, 0xBF, 0x41, 0x8D, 0x0C, 0x3A, 0x66, 0x83, 0xF8, 0x19, 0x66, 0x0F,
	0x47, 0xCF, 0x66, 0x3B, 0xCB, 0x75, 0x35, 0x66, 0x45, 0x03, 0xC6, 0x66,
	0x44, 0x89, 0x84, 0x24, 0x9C, 0x00, 0x00, 0x00, 0x49, 0x8D, 0x5D, 0x10,
	0x48, 0x8B, 0x94, 0x24, 0x80, 0x00, 0x00, 0x00, 0xEB, 0xA8, 0x49, 0x8B,
	0x4D, 0x00, 0x49, 0x8B, 0x45, 0x08, 0x4C, 0x39, 0x69, 0x08, 0x75, 0x20,
	0x4C, 0x39, 0x28, 0x75, 0x1B, 0x48, 0x89, 0x08, 0x48, 0x89, 0x41, 0x08,
	0x4C, 0x8B, 0xAC, 0x24, 0x50, 0x0B, 0x00, 0x00, 0x8B, 0x8C, 0x24, 0xF0,
	0x00, 0x00, 0x00, 0xE9, 0xC2, 0xFE, 0xFF, 0xFF, 0xB9, 0x03, 0x00, 0x00,
	0x00, 0xCD, 0x29, 0xC7, 0x84, 0x24, 0x48, 0x0B, 0x00, 0x00, 0x10, 0x00,
	0x00, 0x00, 0x4C, 0x8D, 0x2D, 0x5B, 0x69, 0xFF, 0xFF, 0x48, 0x8B, 0x05,
	0xC4, 0x6F, 0x00, 0x00, 0x49, 0x8B, 0xCF, 0xFF, 0xD0, 0x84, 0xC0, 0x0F,
	0x84, 0x7F, 0x0B, 0x00, 0x00, 0xB8, 0x4D, 0x5A, 0x00, 0x00, 0x66, 0x41,
	0x39, 0x07, 0x0F, 0x85, 0x8F, 0x00, 0x00, 0x00, 0x49, 0x63, 0x5F, 0x3C,
	0x49, 0x03, 0xDF, 0x48, 0x8B, 0x05, 0x9A, 0x6F, 0x00, 0x00, 0x48, 0x8B,
	0xCB, 0xFF, 0xD0, 0x84, 0xC0, 0x74, 0x78, 0x81, 0x3B, 0x50, 0x45, 0x00,
	0x00, 0x75, 0x70, 0x44, 0x8B, 0xE6, 0x89, 0xB4, 0x24, 0x10, 0x01, 0x00,
	0x00, 0x0F, 0xB7, 0x7B, 0x14, 0x48, 0x03, 0xFB, 0x0F, 0xB7, 0xD6, 0x66,
	0x89, 0x94, 0x24, 0xA0, 0x00, 0x00, 0x00, 0x66, 0x3B, 0x53, 0x06, 0x73,
	0x51, 0x41, 0x83, 0xFC, 0x10, 0x73, 0x4B, 0x0F, 0xB7, 0xC2, 0x4C, 0x8D,
	0x04, 0x80, 0x42, 0xF7, 0x44, 0xC7, 0x3C, 0x00, 0x00, 0x00, 0x20, 0x74,
	0x30, 0x46, 0x8B, 0x4C, 0xC7, 0x20, 0x45, 0x85, 0xC9, 0x74, 0x26, 0x41,
	0x8B, 0xCC, 0x42, 0x8B, 0x44, 0xC7, 0x24, 0x49, 0x03, 0xC7, 0x48, 0x89,
	0x84, 0xCC, 0x80, 0x07, 0x00, 0x00, 0x4C, 0x89, 0x8C, 0xCC, 0x00, 0x07,
	0x00, 0x00, 0x45, 0x03, 0xE6, 0x44, 0x89, 0xA4, 0x24, 0x10, 0x01, 0x00,
	0x00, 0x66, 0x41, 0x03, 0xD6, 0xEB, 0xA4, 0x44, 0x8B, 0xE6, 0x8B, 0xCE,
	0x89, 0x8C, 0x24, 0xC0, 0x00, 0x00, 0x00, 0x41, 0x3B, 0xCC, 0x0F, 0x83,
	0x97, 0x01, 0x00, 0x00, 0x8B, 0xC1, 0x48, 0x8B, 0x94, 0xC4, 0x00, 0x07,
	0x00, 0x00, 0x48, 0x89, 0x94, 0x24, 0x50, 0x0B, 0x00, 0x00, 0x4C, 0x8B,
	0x84, 0xC4, 0x80, 0x07, 0x00, 0x00, 0x4C, 0x89, 0x84, 0x24, 0x58, 0x0B,
	0x00, 0x00, 0x4D, 0x85, 0xC0, 0x0F, 0x84, 0x58, 0x01, 0x00, 0x00, 0x48,
	0x85, 0xD2, 0x0F, 0x84, 0x4F, 0x01, 0x00, 0x00, 0x48, 0x8B, 0xFE, 0x48,
	0x89, 0xB4, 0x24, 0x00, 0x02, 0x00, 0x00, 0x42, 0x38, 0xB4, 0x2F, 0x70,
	0xCB, 0x00, 0x00, 0x74, 0x0D, 0x49, 0x03, 0xFE, 0x48, 0x89, 0xBC, 0x24,
	0x00, 0x02, 0x00, 0x00, 0xEB, 0xE9, 0x48, 0x85, 0xFF, 0x0F, 0x84, 0x30,
	0x01, 0x00, 0x00, 0x48, 0x3B, 0xFA, 0x0F, 0x87, 0x27, 0x01, 0x00, 0x00,
	0x48, 0x8B, 0xDE, 0x48, 0x89, 0x9C, 0x24, 0x68, 0x01, 0x00, 0x00, 0x48,
	0x8B, 0xC2, 0x48, 0x2B, 0xC7, 0x48, 0x89, 0x84, 0x24, 0xD0, 0x00, 0x00,
	0x00, 0x48, 0x3B, 0xD8, 0x0F, 0x87, 0xEB, 0x00, 0x00, 0x00, 0x4A, 0x8D,
	0x04, 0x03, 0x48, 0x89, 0x44, 0x24, 0x58, 0x4C, 0x8B, 0xE8, 0x49, 0x81,
	0xE5, 0x00, 0xF0, 0xFF, 0xFF, 0x48, 0x8B, 0x05, 0x60, 0x6E, 0x00, 0x00,
	0x49, 0x8B, 0xCD, 0xFF, 0xD0, 0x84, 0xC0, 0x75, 0x29, 0x4C, 0x2B, 0x6C,
	0x24, 0x58, 0x48, 0x81, 0xC3, 0x00, 0x10, 0x00, 0x00, 0x49, 0x03, 0xDD,
	0x48, 0x89, 0x9C, 0x24, 0x68, 0x01, 0x00, 0x00, 0x48, 0x8B, 0x94, 0x24,
	0x50, 0x0B, 0x00, 0x00, 0x4C, 0x8B, 0x84, 0x24, 0x58, 0x0B, 0x00, 0x00,
	0xEB, 0x9D, 0x4C, 0x8B, 0x84, 0x24, 0x58, 0x0B, 0x00, 0x00, 0x4D, 0x2B,
	0xE8, 0x49, 0x81, 0xC5, 0x00, 0x10, 0x00, 0x00, 0x4C, 0x3B, 0xAC, 0x24,
	0x50, 0x0B, 0x00, 0x00, 0x4C, 0x0F, 0x47, 0xAC, 0x24, 0x50, 0x0B, 0x00,
	0x00, 0x4C, 0x8B, 0x8C, 0x24, 0xD0, 0x00, 0x00, 0x00, 0x49, 0x8B, 0xC5,
	0x48, 0x2B, 0xC7, 0x48, 0x3B, 0xD8, 0x77, 0x5C, 0x49, 0x3B, 0xD9, 0x77,
	0x57, 0x48, 0x8B, 0xD6, 0x48, 0x89, 0x94, 0x24, 0x08, 0x02, 0x00, 0x00,
	0x48, 0x3B, 0xD7, 0x73, 0x34, 0x48, 0x8D, 0x05, 0x6C, 0x67, 0xFF, 0xFF,
	0x80, 0xBC, 0x02, 0x70, 0xCB, 0x00, 0x00, 0x78, 0x75, 0x1E, 0x48, 0x8D,
	0x0C, 0x1A, 0x8A, 0x84, 0x02, 0xE0, 0xEA, 0x00, 0x00, 0x42, 0x38, 0x04,
	0x01, 0x74, 0x0D, 0x49, 0x03, 0xDE, 0x48, 0x89, 0x9C, 0x24, 0x68, 0x01,
	0x00, 0x00, 0xEB, 0xB1, 0x49, 0x03, 0xD6, 0xEB, 0xBF, 0x49, 0x03, 0xD8,
	0x8B, 0x8C, 0x24, 0xC0, 0x00, 0x00, 0x00, 0x4C, 0x8D, 0x2D, 0x2E, 0x67,
	0xFF, 0xFF, 0xEB, 0x1E, 0x48, 0x8B, 0x94, 0x24, 0x50, 0x0B, 0x00, 0x00,
	0xE9, 0xFE, 0xFE, 0xFF, 0xFF, 0x8B, 0x8C, 0x24, 0xC0, 0x00, 0x00, 0x00,
	0x4C, 0x8D, 0x2D, 0x11, 0x67, 0xFF, 0xFF, 0x48, 0x8B, 0xDE, 0x48, 0x85,
	0xDB, 0x0F, 0x85, 0x12, 0x07, 0x00, 0x00, 0x41, 0x03, 0xCE, 0xE9, 0x59,
	0xFE, 0xFF, 0xFF, 0x48, 0x8B, 0xDE, 0x48, 0x85, 0xDB, 0x0F, 0x85, 0xFE,
	0x06, 0x00, 0x00, 0xB8, 0x4D, 0x5A, 0x00, 0x00, 0x66, 0x41, 0x39, 0x07,
	0x0F, 0x85, 0x8F, 0x00, 0x00, 0x00, 0x49, 0x63, 0x5F, 0x3C, 0x49, 0x03,
	0xDF, 0x48, 0x8B, 0x05, 0x44, 0x6D, 0x00, 0x00, 0x48, 0x8B, 0xCB, 0xFF,
	0xD0, 0x84, 0xC0, 0x74, 0x78, 0x81, 0x3B, 0x50, 0x45, 0x00, 0x00, 0x75,
	0x70, 0x44, 0x8B, 0xE6, 0x89, 0xB4, 0x24, 0x14, 0x01, 0x00, 0x00, 0x0F,
	0xB7, 0x7B, 0x14, 0x48, 0x03, 0xFB, 0x0F, 0xB7, 0xD6, 0x66, 0x89, 0x94,
	0x24, 0xA4, 0x00, 0x00, 0x00, 0x66, 0x3B, 0x53, 0x06, 0x73, 0x51, 0x41,
	0x83, 0xFC, 0x10, 0x73, 0x4B, 0x0F, 0xB7, 0xC2, 0x4C, 0x8D, 0x04, 0x80,
	0x42, 0xF7, 0x44, 0xC7, 0x3C, 0x00, 0x00, 0x00, 0x20, 0x74, 0x30, 0x46,
	0x8B, 0x4C, 0xC7, 0x20, 0x45, 0x85, 0xC9, 0x74, 0x26, 0x41, 0x8B, 0xCC,
	0x42, 0x8B, 0x44, 0xC7, 0x24, 0x49, 0x03, 0xC7, 0x48, 0x89, 0x84, 0xCC,
	0x80, 0x08, 0x00, 0x00, 0x4C, 0x89, 0x8C, 0xCC, 0x00, 0x08, 0x00, 0x00,
	0x45, 0x03, 0xE6, 0x44, 0x89, 0xA4, 0x24, 0x14, 0x01, 0x00, 0x00, 0x66,
	0x41, 0x03, 0xD6, 0xEB, 0xA4, 0x44, 0x8B, 0xE6, 0x8B, 0xCE, 0x89, 0x8C,
	0x24, 0xC4, 0x00, 0x00, 0x00, 0x41, 0x3B, 0xCC, 0x0F, 0x83, 0x97, 0x01,
	0x00, 0x00, 0x8B, 0xC1, 0x48, 0x8B, 0x94, 0xC4, 0x00, 0x08, 0x00, 0x00,
	0x48, 0x89, 0x94, 0x24, 0x50, 0x0B, 0x00, 0x00, 0x4C, 0x8B, 0x84, 0xC4,
	0x80, 0x08, 0x00, 0x00, 0x4C, 0x89, 0x84, 0x24, 0x58, 0x0B, 0x00, 0x00,
	0x4D, 0x85, 0xC0, 0x0F, 0x84, 0x58, 0x01, 0x00, 0x00, 0x48, 0x85, 0xD2,
	0x0F, 0x84, 0x4F, 0x01, 0x00, 0x00, 0x48, 0x8B, 0xFE, 0x48, 0x89, 0xB4,
	0x24, 0x10, 0x02, 0x00, 0x00, 0x42, 0x38, 0xB4, 0x2F, 0x90, 0xCB, 0x00,
	0x00, 0x74, 0x0D, 0x49, 0x03, 0xFE, 0x48, 0x89, 0xBC, 0x24, 0x10, 0x02,
	0x00, 0x00, 0xEB, 0xE9, 0x48, 0x85, 0xFF, 0x0F, 0x84, 0x30, 0x01, 0x00,
	0x00, 0x48, 0x3B, 0xFA, 0x0F, 0x87, 0x27, 0x01, 0x00, 0x00, 0x48, 0x8B,
	0xDE, 0x48, 0x89, 0x9C, 0x24, 0x70, 0x01, 0x00, 0x00, 0x48, 0x8B, 0xC2,
	0x48, 0x2B, 0xC7, 0x48, 0x89, 0x84, 0x24, 0xD0, 0x00, 0x00, 0x00, 0x48,
	0x3B, 0xD8, 0x0F, 0x87, 0xEB, 0x00, 0x00, 0x00, 0x4A, 0x8D, 0x04, 0x03,
	0x48, 0x89, 0x44, 0x24, 0x58, 0x4C, 0x8B, 0xE8, 0x49, 0x81, 0xE5, 0x00,
	0xF0, 0xFF, 0xFF, 0x48, 0x8B, 0x05, 0x0A, 0x6C, 0x00, 0x00, 0x49, 0x8B,
	0xCD, 0xFF, 0xD0, 0x84, 0xC0, 0x75, 0x29, 0x4C, 0x2B, 0x6C, 0x24, 0x58,
	0x48, 0x81, 0xC3, 0x00, 0x10, 0x00, 0x00, 0x49, 0x03, 0xDD, 0x48, 0x89,
	0x9C, 0x24, 0x70, 0x01, 0x00, 0x00, 0x48, 0x8B, 0x94, 0x24, 0x50, 0x0B,
	0x00, 0x00, 0x4C, 0x8B, 0x84, 0x24, 0x58, 0x0B, 0x00, 0x00, 0xEB, 0x9D,
	0x4C, 0x8B, 0x84, 0x24, 0x58, 0x0B, 0x00, 0x00, 0x4D, 0x2B, 0xE8, 0x49,
	0x81, 0xC5, 0x00, 0x10, 0x00, 0x00, 0x4C, 0x3B, 0xAC, 0x24, 0x50, 0x0B,
	0x00, 0x00, 0x4C, 0x0F, 0x47, 0xAC, 0x24, 0x50, 0x0B, 0x00, 0x00, 0x4C,
	0x8B, 0x8C, 0x24, 0xD0, 0x00, 0x00, 0x00, 0x49, 0x8B, 0xC5, 0x48, 0x2B,
	0xC7, 0x48, 0x3B, 0xD8, 0x77, 0x5C, 0x49, 0x3B, 0xD9, 0x77, 0x57, 0x48,
	0x8B, 0xD6, 0x48, 0x89, 0x94, 0x24, 0x18, 0x02, 0x00, 0x00, 0x48, 0x3B,
	0xD7, 0x73, 0x34, 0x48, 0x8D, 0x05, 0x16, 0x65, 0xFF, 0xFF, 0x80, 0xBC,
	0x02, 0x90, 0xCB, 0x00, 0x00, 0x78, 0x75, 0x1E, 0x48, 0x8D, 0x0C, 0x1A,
	0x8A, 0x84, 0x02, 0xF0, 0xEA, 0x00, 0x00, 0x42, 0x38, 0x04, 0x01, 0x74,
	0x0D, 0x49, 0x03, 0xDE, 0x48, 0x89, 0x9C, 0x24, 0x70, 0x01, 0x00, 0x00,
	0xEB, 0xB1, 0x49, 0x03, 0xD6, 0xEB, 0xBF, 0x49, 0x03, 0xD8, 0x8B, 0x8C,
	0x24, 0xC4, 0x00, 0x00, 0x00, 0x4C, 0x8D, 0x2D, 0xD8, 0x64, 0xFF, 0xFF,
	0xEB, 0x1E, 0x48, 0x8B, 0x94, 0x24, 0x50, 0x0B, 0x00, 0x00, 0xE9, 0xFE,
	0xFE, 0xFF, 0xFF, 0x8B, 0x8C, 0x24, 0xC4, 0x00, 0x00, 0x00, 0x4C, 0x8D,
	0x2D, 0xBB, 0x64, 0xFF, 0xFF, 0x48, 0x8B, 0xDE, 0x48, 0x85, 0xDB, 0x0F,
	0x85, 0xBC, 0x04, 0x00, 0x00, 0x41, 0x03, 0xCE, 0xE9, 0x59, 0xFE, 0xFF,
	0xFF, 0x48, 0x8B, 0xDE, 0x48, 0x85, 0xDB, 0x0F, 0x85, 0xA8, 0x04, 0x00,
	0x00, 0xB8, 0x4D, 0x5A, 0x00, 0x00, 0x66, 0x41, 0x39, 0x07, 0x0F, 0x85,
	0x8F, 0x00, 0x00, 0x00, 0x49, 0x63, 0x5F, 0x3C, 0x49, 0x03, 0xDF, 0x48,
	0x8B, 0x05, 0xEE, 0x6A, 0x00, 0x00, 0x48, 0x8B, 0xCB, 0xFF, 0xD0, 0x84,
	0xC0, 0x74, 0x78, 0x81, 0x3B, 0x50, 0x45, 0x00, 0x00, 0x75, 0x70, 0x44,
	0x8B, 0xE6, 0x89, 0xB4, 0x24, 0x18, 0x01, 0x00, 0x00, 0x0F, 0xB7, 0x7B,
	0x14, 0x48, 0x03, 0xFB, 0x0F, 0xB7, 0xD6, 0x66, 0x89, 0x94, 0x24, 0xA8,
	0x00, 0x00, 0x00, 0x66, 0x3B, 0x53, 0x06, 0x73, 0x51, 0x41, 0x83, 0xFC,
	0x10, 0x73, 0x4B, 0x0F, 0xB7, 0xC2, 0x4C, 0x8D, 0x04, 0x80, 0x42, 0xF7,
	0x44, 0xC7, 0x3C, 0x00, 0x00, 0x00, 0x20, 0x74, 0x30, 0x46, 0x8B, 0x4C,
	0xC7, 0x20, 0x45, 0x85, 0xC9, 0x74, 0x26, 0x41, 0x8B, 0xCC, 0x42, 0x8B,
	0x44, 0xC7, 0x24, 0x49, 0x03, 0xC7, 0x48, 0x89, 0x84, 0xCC, 0x80, 0x09,
	0x00, 0x00, 0x4C, 0x89, 0x8C, 0xCC, 0x00, 0x09, 0x00, 0x00, 0x45, 0x03,
	0xE6, 0x44, 0x89, 0xA4, 0x24, 0x18, 0x01, 0x00, 0x00, 0x66, 0x41, 0x03,
	0xD6, 0xEB, 0xA4, 0x44, 0x8B, 0xE6, 0x8B, 0xCE, 0x89, 0x8C, 0x24, 0xC8,
	0x00, 0x00, 0x00, 0x41, 0x3B, 0xCC, 0x0F, 0x83, 0x97, 0x01, 0x00, 0x00,
	0x8B, 0xC1, 0x48, 0x8B, 0x94, 0xC4, 0x00, 0x09, 0x00, 0x00, 0x48, 0x89,
	0x94, 0x24, 0x50, 0x0B, 0x00, 0x00, 0x4C, 0x8B, 0x84, 0xC4, 0x80, 0x09,
	0x00, 0x00, 0x4C, 0x89, 0x84, 0x24, 0x58, 0x0B, 0x00, 0x00, 0x4D, 0x85,
	0xC0, 0x0F, 0x84, 0x58, 0x01, 0x00, 0x00, 0x48, 0x85, 0xD2, 0x0F, 0x84,
	0x4F, 0x01, 0x00, 0x00, 0x48, 0x8B, 0xFE, 0x48, 0x89, 0xB4, 0x24, 0x20,
	0x02, 0x00, 0x00, 0x42, 0x38, 0xB4, 0x2F, 0x70, 0xCB, 0x00, 0x00, 0x74,
	0x0D, 0x49, 0x03, 0xFE, 0x48, 0x89, 0xBC, 0x24, 0x20, 0x02, 0x00, 0x00,
	0xEB, 0xE9, 0x48, 0x85, 0xFF, 0x0F, 0x84, 0x30, 0x01, 0x00, 0x00, 0x48,
	0x3B, 0xFA, 0x0F, 0x87, 0x27, 0x01, 0x00, 0x00, 0x48, 0x8B, 0xDE, 0x48,
	0x89, 0x9C, 0x24, 0x78, 0x01, 0x00, 0x00, 0x48, 0x8B, 0xC2, 0x48, 0x2B,
	0xC7, 0x48, 0x89, 0x84, 0x24, 0xD0, 0x00, 0x00, 0x00, 0x48, 0x3B, 0xD8,
	0x0F, 0x87, 0xEB, 0x00, 0x00, 0x00, 0x4A, 0x8D, 0x04, 0x03, 0x48, 0x89,
	0x44, 0x24, 0x58, 0x4C, 0x8B, 0xE8, 0x49, 0x81, 0xE5, 0x00, 0xF0, 0xFF,
	0xFF, 0x48, 0x8B, 0x05, 0xB4, 0x69, 0x00, 0x00, 0x49, 0x8B, 0xCD, 0xFF,
	0xD0, 0x84, 0xC0, 0x75, 0x29, 0x4C, 0x2B, 0x6C, 0x24, 0x58, 0x48, 0x81,
	0xC3, 0x00, 0x10, 0x00, 0x00, 0x49, 0x03, 0xDD, 0x48, 0x89, 0x9C, 0x24,
	0x78, 0x01, 0x00, 0x00, 0x48, 0x8B, 0x94, 0x24, 0x50, 0x0B, 0x00, 0x00,
	0x4C, 0x8B, 0x84, 0x24, 0x58, 0x0B, 0x00, 0x00, 0xEB, 0x9D, 0x4C, 0x8B,
	0x84, 0x24, 0x58, 0x0B, 0x00, 0x00, 0x4D, 0x2B, 0xE8, 0x49, 0x81, 0xC5,
	0x00, 0x10, 0x00, 0x00, 0x4C, 0x3B, 0xAC, 0x24, 0x50, 0x0B, 0x00, 0x00,
	0x4C, 0x0F, 0x47, 0xAC, 0x24, 0x50, 0x0B, 0x00, 0x00, 0x4C, 0x8B, 0x8C,
	0x24, 0xD0, 0x00, 0x00, 0x00, 0x49, 0x8B, 0xC5, 0x48, 0x2B, 0xC7, 0x48,
	0x3B, 0xD8, 0x77, 0x5C, 0x49, 0x3B, 0xD9, 0x77, 0x57, 0x48, 0x8B, 0xD6,
	0x48, 0x89, 0x94, 0x24, 0x28, 0x02, 0x00, 0x00, 0x48, 0x3B, 0xD7, 0x73,
	0x34, 0x48, 0x8D, 0x05, 0xC0, 0x62, 0xFF, 0xFF, 0x80, 0xBC, 0x02, 0x70,
	0xCB, 0x00, 0x00, 0x78, 0x75, 0x1E, 0x48, 0x8D, 0x0C, 0x1A, 0x8A, 0x84,
	0x02, 0x00, 0xEB, 0x00, 0x00, 0x42, 0x38, 0x04, 0x01, 0x74, 0x0D, 0x49,
	0x03, 0xDE, 0x48, 0x89, 0x9C, 0x24, 0x78, 0x01, 0x00, 0x00, 0xEB, 0xB1,
	0x49, 0x03, 0xD6, 0xEB, 0xBF, 0x49, 0x03, 0xD8, 0x8B, 0x8C, 0x24, 0xC8,
	0x00, 0x00, 0x00, 0x4C, 0x8D, 0x2D, 0x82, 0x62, 0xFF, 0xFF, 0xEB, 0x1E,
	0x48, 0x8B, 0x94, 0x24, 0x50, 0x0B, 0x00, 0x00, 0xE9, 0xFE, 0xFE, 0xFF,
	0xFF, 0x8B, 0x8C, 0x24, 0xC8, 0x00, 0x00, 0x00, 0x4C, 0x8D, 0x2D, 0x65,
	0x62, 0xFF, 0xFF, 0x48, 0x8B, 0xDE, 0x48, 0x85, 0xDB, 0x0F, 0x85, 0x66,
	0x02, 0x00, 0x00, 0x41, 0x03, 0xCE, 0xE9, 0x59, 0xFE, 0xFF, 0xFF, 0x48,
	0x8B, 0xDE, 0x48, 0x85, 0xDB, 0x0F, 0x85, 0x52, 0x02, 0x00, 0x00, 0xB8,
	0x4D, 0x5A, 0x00, 0x00, 0x66, 0x41, 0x39, 0x07, 0x0F, 0x85, 0x8F, 0x00,
	0x00, 0x00, 0x49, 0x63, 0x7F, 0x3C, 0x49, 0x03, 0xFF, 0x48, 0x8B, 0x05,
	0x98, 0x68, 0x00, 0x00, 0x48, 0x8B, 0xCF, 0xFF, 0xD0, 0x84, 0xC0, 0x74,
	0x78, 0x81, 0x3F, 0x50, 0x45, 0x00, 0x00, 0x75, 0x70, 0x44, 0x8B, 0xE6,
	0x89, 0xB4, 0x24, 0x1C, 0x01, 0x00, 0x00, 0x0F, 0xB7, 0x5F, 0x14, 0x48,
	0x03, 0xDF, 0x0F, 0xB7, 0xD6, 0x66, 0x89, 0x94, 0x24, 0xAC, 0x00, 0x00,
	0x00, 0x66, 0x3B, 0x57, 0x06, 0x73, 0x51, 0x41, 0x83, 0xFC, 0x10, 0x73,
	0x4B, 0x0F, 0xB7, 0xC2, 0x4C, 0x8D, 0x04, 0x80, 0x42, 0xF7, 0x44, 0xC3,
	0x3C, 0x00, 0x00, 0x00, 0x20, 0x74, 0x30, 0x46, 0x8B, 0x4C, 0xC3, 0x20,
	0x45, 0x85, 0xC9, 0x74, 0x26, 0x41, 0x8B, 0xCC, 0x42, 0x8B, 0x44, 0xC3,
	0x24, 0x49, 0x03, 0xC7, 0x48, 0x89, 0x84, 0xCC, 0x40, 0x02, 0x00, 0x00,
	0x4C, 0x89, 0x8C, 0xCC, 0x00, 0x0A, 0x00, 0x00, 0x45, 0x03, 0xE6, 0x44,
	0x89, 0xA4, 0x24, 0x1C, 0x01, 0x00, 0x00, 0x66, 0x41, 0x03, 0xD6, 0xEB,
	0xA4, 0x44, 0x8B, 0xE6, 0x8B, 0xCE, 0x89, 0x8C, 0x24, 0xCC, 0x00, 0x00,
	0x00, 0x41, 0x3B, 0xCC, 0x0F, 0x83, 0x93, 0x01, 0x00, 0x00, 0x8B, 0xC1,
	0x48, 0x8B, 0x94, 0xC4, 0x00, 0x0A, 0x00, 0x00, 0x48, 0x89, 0x94, 0x24,
	0x50, 0x0B, 0x00, 0x00, 0x4C, 0x8B, 0x84, 0xC4, 0x40, 0x02, 0x00, 0x00,
	0x4C, 0x89, 0x84, 0x24, 0x58, 0x0B, 0x00, 0x00, 0x4D, 0x85, 0xC0, 0x0F,
	0x84, 0x58, 0x01, 0x00, 0x00, 0x48, 0x85, 0xD2, 0x0F, 0x84, 0x4F, 0x01,
	0x00, 0x00, 0x48, 0x8B, 0xFE, 0x48, 0x89, 0xB4, 0x24, 0x30, 0x02, 0x00,
	0x00, 0x42, 0x38, 0xB4, 0x2F, 0x70, 0xCB, 0x00, 0x00, 0x74, 0x0D, 0x49,
	0x03, 0xFE, 0x48, 0x89, 0xBC, 0x24, 0x30, 0x02, 0x00, 0x00, 0xEB, 0xE9,
	0x48, 0x85, 0xFF, 0x0F, 0x84, 0x2C, 0x01, 0x00, 0x00, 0x48, 0x3B, 0xFA,
	0x0F, 0x87, 0x23, 0x01, 0x00, 0x00, 0x48, 0x8B, 0xDE, 0x48, 0x89, 0x9C,
	0x24, 0x80, 0x01, 0x00, 0x00, 0x48, 0x8B, 0xC2, 0x48, 0x2B, 0xC7, 0x48,
	0x89, 0x84, 0x24, 0xD0, 0x00, 0x00, 0x00, 0x48, 0x3B, 0xD8, 0x0F, 0x87,
	0xEB, 0x00, 0x00, 0x00, 0x4A, 0x8D, 0x04, 0x03, 0x48, 0x89, 0x44, 0x24,
	0x58, 0x4C, 0x8B, 0xE8, 0x49, 0x81, 0xE5, 0x00, 0xF0, 0xFF, 0xFF, 0x48,
	0x8B, 0x05, 0x5E, 0x67, 0x00, 0x00, 0x49, 0x8B, 0xCD, 0xFF, 0xD0, 0x84,
	0xC0, 0x75, 0x29, 0x4C, 0x2B, 0x6C, 0x24, 0x58, 0x48, 0x81, 0xC3, 0x00,
	0x10, 0x00, 0x00, 0x49, 0x03, 0xDD, 0x48, 0x89, 0x9C, 0x24, 0x80, 0x01,
	0x00, 0x00, 0x48, 0x8B, 0x94, 0x24, 0x50, 0x0B, 0x00, 0x00, 0x4C, 0x8B,
	0x84, 0x24, 0x58, 0x0B, 0x00, 0x00, 0xEB, 0x9D, 0x4C, 0x8B, 0x84, 0x24,
	0x58, 0x0B, 0x00, 0x00, 0x4D, 0x2B, 0xE8, 0x49, 0x81, 0xC5, 0x00, 0x10,
	0x00, 0x00, 0x4C, 0x3B, 0xAC, 0x24, 0x50, 0x0B, 0x00, 0x00, 0x4C, 0x0F,
	0x47, 0xAC, 0x24, 0x50, 0x0B, 0x00, 0x00, 0x4C, 0x8B, 0x8C, 0x24, 0xD0,
	0x00, 0x00, 0x00, 0x49, 0x8B, 0xC5, 0x48, 0x2B, 0xC7, 0x48, 0x3B, 0xD8,
	0x77, 0x5C, 0x49, 0x3B, 0xD9, 0x77, 0x57, 0x48, 0x8B, 0xD6, 0x48, 0x89,
	0x94, 0x24, 0x38, 0x02, 0x00, 0x00, 0x48, 0x3B, 0xD7, 0x73, 0x34, 0x48,
	0x8D, 0x05, 0x6A, 0x60, 0xFF, 0xFF, 0x80, 0xBC, 0x02, 0x70, 0xCB, 0x00,
	0x00, 0x78, 0x75, 0x1E, 0x48, 0x8D, 0x0C, 0x1A, 0x8A, 0x84, 0x02, 0x10,
	0xEB, 0x00, 0x00, 0x42, 0x38, 0x04, 0x01, 0x74, 0x0D, 0x49, 0x03, 0xDE,
	0x48, 0x89, 0x9C, 0x24, 0x80, 0x01, 0x00, 0x00, 0xEB, 0xB1, 0x49, 0x03,
	0xD6, 0xEB, 0xBF, 0x49, 0x03, 0xD8, 0x8B, 0x8C, 0x24, 0xCC, 0x00, 0x00,
	0x00, 0x4C, 0x8D, 0x2D, 0x2C, 0x60, 0xFF, 0xFF, 0xEB, 0x1E, 0x48, 0x8B,
	0x94, 0x24, 0x50, 0x0B, 0x00, 0x00, 0xE9, 0xFE, 0xFE, 0xFF, 0xFF, 0x8B,
	0x8C, 0x24, 0xCC, 0x00, 0x00, 0x00, 0x4C, 0x8D, 0x2D, 0x0F, 0x60, 0xFF,
	0xFF, 0x48, 0x8B, 0xDE, 0x48, 0x85, 0xDB, 0x75, 0x14, 0x41, 0x03, 0xCE,
	0xE9, 0x5D, 0xFE, 0xFF, 0xFF, 0x48, 0x8B, 0xDE, 0x48, 0x85, 0xDB, 0x0F,
	0x84, 0x2B, 0x02, 0x00, 0x00, 0x48, 0x8B, 0x05, 0x5C, 0x66, 0x00, 0x00,
	0x48, 0x8D, 0x4B, 0x03, 0xFF, 0xD0, 0x84, 0xC0, 0x75, 0x05, 0x4C, 0x8B,
	0xE6, 0xEB, 0x0B, 0x4C, 0x63, 0x63, 0x03, 0x49, 0x83, 0xC4, 0x07, 0x4C,
	0x03, 0xE3, 0x4D, 0x85, 0xE4, 0x0F, 0x84, 0x01, 0x02, 0x00, 0x00, 0x48,
	0x8B, 0x05, 0x32, 0x66, 0x00, 0x00, 0x49, 0x8B, 0xCC, 0xFF, 0xD0, 0x84,
	0xC0, 0x0F, 0x84, 0xED, 0x01, 0x00, 0x00, 0x4D, 0x8B, 0x2C, 0x24, 0x4C,
	0x89, 0xAC, 0x24, 0x50, 0x0B, 0x00, 0x00, 0x4D, 0x85, 0xED, 0x0F, 0x84,
	0xD8, 0x01, 0x00, 0x00, 0x48, 0x8B, 0x05, 0x09, 0x66, 0x00, 0x00, 0x49,
	0x8B, 0xCD, 0xFF, 0xD0, 0x84, 0xC0, 0x0F, 0x84, 0xC4, 0x01, 0x00, 0x00,
	0x48, 0x83, 0x3D, 0xAC, 0x6A, 0x00, 0x00, 0x00, 0x0F, 0x85, 0x92, 0x00,
	0x00, 0x00, 0xB8, 0x10, 0x00, 0x00, 0x00, 0x89, 0x84, 0x24, 0x20, 0x01,
	0x00, 0x00, 0x3D, 0x00, 0x01, 0x00, 0x00, 0x7D, 0x7F, 0x48, 0x98, 0x48,
	0x8B, 0xFB, 0x48, 0x2B, 0xF8, 0x48, 0x8B, 0x05, 0xCC, 0x65, 0x00, 0x00,
	0x48, 0x8B, 0xCF, 0xFF, 0xD0, 0x84, 0xC0, 0x74, 0x67, 0x80, 0x3F, 0x48,
	0x0F, 0x85, 0x3B, 0x01, 0x00, 0x00, 0x80, 0x7F, 0x01, 0x8D, 0x0F, 0x85,
	0x31, 0x01, 0x00, 0x00, 0x80, 0x7F, 0x02, 0x0D, 0x0F, 0x85, 0x27, 0x01,
	0x00, 0x00, 0x48, 0x8D, 0x4F, 0x03, 0x48, 0x8B, 0x05, 0x9B, 0x65, 0x00,
	0x00, 0xFF, 0xD0, 0x84, 0xC0, 0x0F, 0x84, 0x12, 0x01, 0x00, 0x00, 0x48,
	0x63, 0x47, 0x03, 0x48, 0x83, 0xC7, 0x07, 0x48, 0x03, 0xF8, 0x0F, 0x84,
	0x01, 0x01, 0x00, 0x00, 0x48, 0x8B, 0x05, 0x79, 0x65, 0x00, 0x00, 0x48,
	0x8B, 0xCF, 0xFF, 0xD0, 0x84, 0xC0, 0x0F, 0x84, 0xED, 0x00, 0x00, 0x00,
	0x49, 0x3B, 0xFC, 0x0F, 0x84, 0xE4, 0x00, 0x00, 0x00, 0x48, 0x89, 0x3D,
	0x14, 0x6A, 0x00, 0x00, 0x40, 0x0F, 0xB6, 0xDE, 0x88, 0x5C, 0x24, 0x50,
	0x48, 0x83, 0x3D, 0x04, 0x6A, 0x00, 0x00, 0x00, 0x74, 0x35, 0x48, 0x8B,
	0x0D, 0x5B, 0x66, 0x00, 0x00, 0x48, 0x85, 0xC9, 0x74, 0x29, 0x48, 0x83,
	0x3D, 0x2E, 0x66, 0x00, 0x00, 0x00, 0x74, 0x1F, 0xFF, 0xD1, 0x48, 0x8B,
	0x05, 0x23, 0x66, 0x00, 0x00, 0x41, 0x8A, 0xD6, 0x48, 0x8B, 0x0D, 0xD9,
	0x69, 0x00, 0x00, 0xFF, 0xD0, 0x84, 0xC0, 0x41, 0x0F, 0x45, 0xDE, 0x88,
	0x5C, 0x24, 0x50, 0x8B, 0xFE, 0x89, 0xB4, 0x24, 0x24, 0x01, 0x00, 0x00,
	0x83, 0xFF, 0x32, 0x0F, 0x83, 0x9A, 0x00, 0x00, 0x00, 0x8B, 0xC7, 0x48,
	0x8D, 0x0C, 0x80, 0x4D, 0x8D, 0x6C, 0xCD, 0x00, 0x48, 0x8B, 0x05, 0xF1,
	0x64, 0x00, 0x00, 0x49, 0x8B, 0xCD, 0xFF, 0xD0, 0x84, 0xC0, 0x74, 0x7F,
	0x49, 0x8B, 0x4D, 0x08, 0x48, 0x85, 0xC9, 0x74, 0x49, 0x66, 0x41, 0x39,
	0x75, 0x00, 0x76, 0x42, 0x48, 0x8B, 0x05, 0xD1, 0x64, 0x00, 0x00, 0xFF,
	0xD0, 0x84, 0xC0, 0x74, 0x35, 0x45, 0x0F, 0xB7, 0x45, 0x02, 0x33, 0xD2,
	0x49, 0x8B, 0x4D, 0x08, 0xE8, 0xB7, 0x0B, 0x00, 0x00, 0x0F, 0x57, 0xC0,
	0x33, 0xC0, 0x0F, 0x11, 0x44, 0x24, 0x58, 0x0F, 0x11, 0x44, 0x24, 0x68,
	0x48, 0x89, 0x44, 0x24, 0x78, 0x44, 0x8D, 0x40, 0x28, 0x48, 0x8D, 0x54,
	0x24, 0x58, 0x49, 0x8B, 0xCD, 0xE8, 0x92, 0x0B, 0x00, 0x00, 0x41, 0x03,
	0xFE, 0x89, 0xBC, 0x24, 0x24, 0x01, 0x00, 0x00, 0x4C, 0x8B, 0xAC, 0x24,
	0x50, 0x0B, 0x00, 0x00, 0xE9, 0x73, 0xFF, 0xFF, 0xFF, 0x8B, 0x84, 0x24,
	0x48, 0x0B, 0x00, 0x00, 0x41, 0x03, 0xC6, 0x89, 0x84, 0x24, 0x48, 0x0B,
	0x00, 0x00, 0xE9, 0x80, 0xFE, 0xFF, 0xFF, 0x84, 0xDB, 0x74, 0x2D, 0x48,
	0x8B, 0x0D, 0x16, 0x69, 0x00, 0x00, 0x48, 0x85, 0xC9, 0x74, 0x21, 0x48,
	0x8B, 0x15, 0x52, 0x65, 0x00, 0x00, 0x48, 0x85, 0xD2, 0x74, 0x15, 0x48,
	0x83, 0x3D, 0x65, 0x65, 0x00, 0x00, 0x00, 0x74, 0x0B, 0xFF, 0xD2, 0x48,
	0x8B, 0x05, 0x5A, 0x65, 0x00, 0x00, 0xFF, 0xD0, 0x48, 0x8B, 0x84, 0x24,
	0x88, 0x01, 0x00, 0x00, 0x48, 0x85, 0xC0, 0x74, 0x1B, 0x48, 0x8B, 0x50,
	0x30, 0x48, 0x85, 0xD2, 0x74, 0x12, 0x8B, 0x40, 0x40, 0x85, 0xC0, 0x74,
	0x0B, 0x44, 0x8B, 0xC0, 0x49, 0x8B, 0xCF, 0xE8, 0xFC, 0x8F, 0xFF, 0xFF,
	0x48, 0x8B, 0x8C, 0x24, 0x38, 0x01, 0x00, 0x00, 0xE8, 0x03, 0x0F, 0x00,
	0x00, 0x48, 0x8B, 0x8C, 0x24, 0x38, 0x01, 0x00, 0x00, 0xE8, 0xAE, 0xB6,
	0xFF, 0xFF, 0xEB, 0x02, 0x33, 0xF6, 0x48, 0x39, 0x35, 0xE3, 0x63, 0x00,
	0x00, 0x74, 0x15, 0x66, 0x39, 0x35, 0xD2, 0x63, 0x00, 0x00, 0x76, 0x0C,
	0x48, 0x8D, 0x0D, 0xC9, 0x63, 0x00, 0x00, 0xE8, 0x8C, 0x6E, 0xFF, 0xFF,
	0x33, 0xC9, 0x48, 0x8B, 0x05, 0x73, 0x64, 0x00, 0x00, 0xFF, 0xD0, 0x48,
	0x81, 0xC4, 0x00, 0x0B, 0x00, 0x00, 0x41, 0x5F, 0x41, 0x5E, 0x41, 0x5D,
	0x41, 0x5C, 0x5F, 0x5E, 0x5B, 0xC3, 0xCC, 0xCC, 0x48, 0x89, 0x5C, 0x24,
	0x10, 0x57, 0x48, 0x83, 0xEC, 0x30, 0xBF, 0x01, 0x00, 0x00, 0x00, 0x8B,
	0xC7, 0xF0, 0x0F, 0xB1, 0x3D, 0x93, 0x68, 0x00, 0x00, 0x33, 0xDB, 0x85,
	0xC0, 0x0F, 0x84, 0x85, 0x00, 0x00, 0x00, 0x48, 0x8B, 0x05, 0x1A, 0x64,
	0x00, 0x00, 0x48, 0x85, 0xC0, 0x74, 0x79, 0x89, 0x5C, 0x24, 0x40, 0x48,
	0x8D, 0x54, 0x24, 0x40, 0x48, 0x8D, 0x0D, 0x79, 0x00, 0x00, 0x00, 0xFF,
	0xD0, 0x90, 0x33, 0xC0, 0xF0, 0x0F, 0xB1, 0x5C, 0x24, 0x40, 0x74, 0x3F,
	0x8B, 0xC7, 0xF0, 0x0F, 0xC1, 0x05, 0x5A, 0x68, 0x00, 0x00, 0x03, 0xC7,
	0x83, 0xF8, 0x0A, 0x7C, 0x4B, 0x4C, 0x8B, 0x15, 0xD8, 0x63, 0x00, 0x00,
	0x4D, 0x85, 0xD2, 0x74, 0x1E, 0x4C, 0x63, 0xC8, 0x48, 0x89, 0x5C, 0x24,
	0x20, 0x4C, 0x8B, 0x05, 0x2C, 0x68, 0x00, 0x00, 0x48, 0x8B, 0x15, 0x1D,
	0x68, 0x00, 0x00, 0xB9, 0x03, 0x5E, 0xAD, 0xDE, 0x41, 0xFF, 0xD2, 0x32,
	0xC0, 0xEB, 0x20, 0x87, 0x1D, 0x1F, 0x68, 0x00, 0x00, 0xEB, 0x15, 0x33,
	0xC0, 0x0F, 0x23, 0xC0, 0x0F, 0x23, 0xC8, 0x0F, 0x23, 0xD0, 0x0F, 0x23,
	0xD8, 0x0F, 0x23, 0xF8, 0xB0, 0x01, 0xEB, 0x03, 0x40, 0x8A, 0xC7, 0x48,
	0x8B, 0x5C, 0x24, 0x48, 0x48, 0x83, 0xC4, 0x30, 0x5F, 0xC3, 0xCC, 0xCC,
	0x48, 0x89, 0x5C, 0x24, 0x08, 0x41, 0x0F, 0x21, 0xC2, 0x41, 0x0F, 0x21,
	0xCB, 0x41, 0x0F, 0x21, 0xD1, 0x41, 0x0F, 0x21, 0xD8, 0x48, 0x8B, 0x15,
	0xC8, 0x67, 0x00, 0x00, 0x33, 0xDB, 0x48, 0x8B, 0x05, 0xC7, 0x67, 0x00,
	0x00, 0x48, 0x03, 0xC2, 0x48, 0x85, 0xD2, 0x74, 0x39, 0x48, 0x3B, 0xC2,
	0x76, 0x34, 0x4C, 0x3B, 0xD2, 0x72, 0x05, 0x4C, 0x3B, 0xD0, 0x72, 0x1E,
	0x4C, 0x3B, 0xDA, 0x72, 0x05, 0x4C, 0x3B, 0xD8, 0x72, 0x14, 0x4C, 0x3B,
	0xCA, 0x72, 0x05, 0x4C, 0x3B, 0xC8, 0x72, 0x0A, 0x4C, 0x3B, 0xC2, 0x72,
	0x11, 0x4C, 0x3B, 0xC0, 0x73, 0x0C, 0x48, 0x85, 0xC9, 0x74, 0x07, 0xB8,
	0x01, 0x00, 0x00, 0x00, 0x87, 0x01, 0x0F, 0x23, 0xC3, 0x0F, 0x23, 0xCB,
	0x0F, 0x23, 0xD3, 0x0F, 0x23, 0xDB, 0x0F, 0x23, 0xFB, 0x48, 0x8B, 0x5C,
	0x24, 0x08, 0x33, 0xC0, 0xC3, 0xCC, 0xCC, 0xCC, 0x48, 0x89, 0x5C, 0x24,
	0x08, 0x57, 0x48, 0x83, 0xEC, 0x20, 0xBF, 0x01, 0x00, 0x00, 0x00, 0x8B,
	0xC7, 0xF0, 0x0F, 0xB1, 0x3D, 0x83, 0x67, 0x00, 0x00, 0x33, 0xDB, 0x85,
	0xC0, 0x74, 0x72, 0x48, 0x8B, 0x0D, 0x5E, 0x67, 0x00, 0x00, 0x48, 0x85,
	0xC9, 0x74, 0x66, 0x48, 0x8B, 0x05, 0x4A, 0x62, 0x00, 0x00, 0xFF, 0xD0,
	0x84, 0xC0, 0x74, 0x59, 0x0F, 0x31, 0x48, 0xC1, 0xE2, 0x20, 0x48, 0x0B,
	0xC2, 0x4C, 0x8B, 0xC0, 0x49, 0xC1, 0xE0, 0x11, 0x0F, 0x31, 0x48, 0xC1,
	0xE2, 0x20, 0x48, 0x0B, 0xC2, 0x4C, 0x33, 0xC0, 0x48, 0x8B, 0x0D, 0x21,
	0x67, 0x00, 0x00, 0x48, 0xC1, 0xC9, 0x11, 0x4C, 0x0B, 0xC7, 0x4C, 0x33,
	0xC1, 0x48, 0x8B, 0x05, 0x18, 0x67, 0x00, 0x00, 0x4C, 0x87, 0x40, 0x30,
	0x48, 0x8B, 0x05, 0x0D, 0x67, 0x00, 0x00, 0x48, 0x87, 0x58, 0x38, 0x0F,
	0x31, 0x48, 0xC1, 0xE2, 0x20, 0x48, 0x0B, 0xC2, 0x48, 0x8B, 0x0D, 0xF9,
	0x66, 0x00, 0x00, 0x48, 0x87, 0x41, 0x40, 0xEB, 0x00, 0x48, 0x8B, 0x5C,
	0x24, 0x30, 0x48, 0x83, 0xC4, 0x20, 0x5F, 0xC3, 0x48, 0x89, 0x4C, 0x24,
	0x08, 0x53, 0x56, 0x57, 0x41, 0x54, 0x41, 0x55, 0x41, 0x56, 0x41, 0x57,
	0x48, 0x83, 0xEC, 0x40, 0x48, 0x8B, 0xF9, 0x33, 0xDB, 0x48, 0x85, 0xC9,
	0x0F, 0x84, 0xBE, 0x01, 0x00, 0x00, 0x85, 0xD2, 0x0F, 0x84, 0xB6, 0x01,
	0x00, 0x00, 0x48, 0x8B, 0x05, 0xAF, 0x61, 0x00, 0x00, 0xFF, 0xD0, 0x84,
	0xC0, 0x0F, 0x84, 0xA5, 0x01, 0x00, 0x00, 0xB8, 0x4D, 0x5A, 0x00, 0x00,
	0x66, 0x39, 0x07, 0x0F, 0x85, 0x97, 0x01, 0x00, 0x00, 0x4C, 0x63, 0x7F,
	0x3C, 0x4C, 0x03, 0xFF, 0x4C, 0x89, 0x7C, 0x24, 0x38, 0x48, 0x8B, 0x05,
	0x84, 0x61, 0x00, 0x00, 0x49, 0x8B, 0xCF, 0xFF, 0xD0, 0x84, 0xC0, 0x0F,
	0x84, 0x77, 0x01, 0x00, 0x00, 0x41, 0x81, 0x3F, 0x50, 0x45, 0x00, 0x00,
	0x0F, 0x85, 0x6A, 0x01, 0x00, 0x00, 0x45, 0x0F, 0xB7, 0x67, 0x14, 0x4D,
	0x03, 0xE7, 0x4C, 0x89, 0x64, 0x24, 0x30, 0x44, 0x0F, 0xB7, 0xF3, 0x66,
	0x89, 0x9C, 0x24, 0x90, 0x00, 0x00, 0x00, 0x8D, 0x53, 0x01, 0x66, 0x45,
	0x3B, 0x77, 0x06, 0x0F, 0x83, 0x43, 0x01, 0x00, 0x00, 0x41, 0x0F, 0xB7,
	0xC6, 0x48, 0x8D, 0x0C, 0x80, 0x45, 0x8B, 0x44, 0xCC, 0x24, 0x4C, 0x03,
	0xC7, 0x4C, 0x89, 0x44, 0x24, 0x28, 0x41, 0x8B, 0x44, 0xCC, 0x20, 0x89,
	0x84, 0x24, 0x98, 0x00, 0x00, 0x00, 0x83, 0xF8, 0x48, 0x0F, 0x82, 0x07,
	0x01, 0x00, 0x00, 0x89, 0x5C, 0x24, 0x20, 0x44, 0x8B, 0xEB, 0x89, 0x5C,
	0x24, 0x24, 0x41, 0x8B, 0xCD, 0x48, 0x83, 0xE8, 0x48, 0x48, 0x3B, 0xC8,
	0x0F, 0x87, 0xCA, 0x00, 0x00, 0x00, 0x48, 0x8B, 0x05, 0xF7, 0x60, 0x00,
	0x00, 0x4A, 0x8D, 0x34, 0x01, 0x48, 0x8B, 0xCE, 0xFF, 0xD0, 0x84, 0xC0,
	0x75, 0x05, 0xE9, 0x92, 0x00, 0x00, 0x00, 0x48, 0x8B, 0x05, 0xDE, 0x60,
	0x00, 0x00, 0x48, 0x8B, 0xCE, 0xFF, 0xD0, 0x84, 0xC0, 0x74, 0xEB, 0x8B,
	0x06, 0x3D, 0x53, 0x4F, 0x48, 0x57, 0x75, 0xE2, 0xFF, 0x44, 0x24, 0x20,
	0x48, 0x8D, 0x4E, 0x04, 0x48, 0x8B, 0x05, 0xBD, 0x60, 0x00, 0x00, 0xFF,
	0xD0, 0x84, 0xC0, 0x74, 0xCD, 0x8B, 0x46, 0x04, 0xBA, 0x01, 0x00, 0x00,
	0x00, 0x3B, 0xC2, 0x74, 0x02, 0xEB, 0x5B, 0x48, 0x8B, 0x05, 0xA2, 0x60,
	0x00, 0x00, 0x48, 0x8B, 0xCE, 0xFF, 0xD0, 0x84, 0xC0, 0x74, 0xAF, 0x48,
	0x8B, 0x46, 0x08, 0x8B, 0x4E, 0x10, 0x48, 0xBA, 0x00, 0x00, 0x00, 0x00,
	0x00, 0x80, 0xFF, 0xFF, 0x48, 0x3B, 0xC2, 0x76, 0x30, 0xFF, 0xC9, 0x81,
	0xF9, 0xFE, 0xFF, 0x9F, 0x00, 0x77, 0x26, 0x48, 0x89, 0x35, 0x7A, 0x65,
	0x00, 0x00, 0x48, 0x8B, 0x4E, 0x18, 0x48, 0x89, 0x0D, 0x77, 0x65, 0x00,
	0x00, 0x0F, 0x31, 0x48, 0xC1, 0xE2, 0x20, 0x48, 0x0B, 0xC2, 0x48, 0x89,
	0x05, 0x6F, 0x65, 0x00, 0x00, 0xB0, 0x01, 0xEB, 0x55, 0xBA, 0x01, 0x00,
	0x00, 0x00, 0x41, 0x83, 0xC5, 0x04, 0x44, 0x89, 0x6C, 0x24, 0x24, 0x4C,
	0x8B, 0x44, 0x24, 0x28, 0x8B, 0x84, 0x24, 0x98, 0x00, 0x00, 0x00, 0xE9,
	0x26, 0xFF, 0xFF, 0xFF, 0xEB, 0x20, 0x33, 0xDB, 0x8D, 0x53, 0x01, 0x48,
	0x8B, 0xBC, 0x24, 0x80, 0x00, 0x00, 0x00, 0x44, 0x0F, 0xB7, 0xB4, 0x24,
	0x90, 0x00, 0x00, 0x00, 0x4C, 0x8B, 0x64, 0x24, 0x30, 0x4C, 0x8B, 0x7C,
	0x24, 0x38, 0x66, 0x44, 0x03, 0xF2, 0x66, 0x44, 0x89, 0xB4, 0x24, 0x90,
	0x00, 0x00, 0x00, 0xE9, 0xB2, 0xFE, 0xFF, 0xFF, 0x32, 0xC0, 0x48, 0x83,
	0xC4, 0x40, 0x41, 0x5F, 0x41, 0x5E, 0x41, 0x5D, 0x41, 0x5C, 0x5F, 0x5E,
	0x5B, 0xC3, 0xCC, 0xCC, 0x48, 0x89, 0x5C, 0x24, 0x08, 0x57, 0x48, 0x83,
	0xEC, 0x20, 0xBF, 0x01, 0x00, 0x00, 0x00, 0x8B, 0xC7, 0xF0, 0x0F, 0xB1,
	0x3D, 0x1B, 0x65, 0x00, 0x00, 0x33, 0xDB, 0x85, 0xC0, 0x74, 0x44, 0x48,
	0x8B, 0x05, 0x06, 0x65, 0x00, 0x00, 0x48, 0x85, 0xC0, 0x74, 0x38, 0x48,
	0x8B, 0x05, 0xBA, 0x5F, 0x00, 0x00, 0x48, 0x8B, 0x0D, 0xF3, 0x64, 0x00,
	0x00, 0xFF, 0xD0, 0x84, 0xC0, 0x74, 0x24, 0x48, 0x8B, 0x0D, 0xE6, 0x64,
	0x00, 0x00, 0x48, 0x8B, 0x11, 0x48, 0x85, 0xD2, 0x74, 0x0F, 0x48, 0x8B,
	0x0D, 0xD7, 0x64, 0x00, 0x00, 0x48, 0x87, 0x19, 0x40, 0x8A, 0xC7, 0xEB,
	0x09, 0xEB, 0x04, 0xB0, 0x01, 0xEB, 0x03, 0x40, 0x8A, 0xC7, 0x48, 0x8B,
	0x5C, 0x24, 0x30, 0x48, 0x83, 0xC4, 0x20, 0x5F, 0xC3, 0xCC, 0xCC, 0xCC,
	0x48, 0x89, 0x5C, 0x24, 0x08, 0x57, 0x48, 0x83, 0xEC, 0x20, 0x48, 0x8B,
	0xDA, 0x48, 0x85, 0xD2, 0x0F, 0x84, 0xF0, 0x00, 0x00, 0x00, 0x48, 0x83,
	0x7A, 0x10, 0x00, 0x0F, 0x84, 0xE5, 0x00, 0x00, 0x00, 0xFF, 0x15, 0xE1,
	0x39, 0x00, 0x00, 0x48, 0x8B, 0xF8, 0x48, 0x85, 0xC0, 0x0F, 0x84, 0xD3,
	0x00, 0x00, 0x00, 0x48, 0x8B, 0x15, 0x3E, 0x5F, 0x00, 0x00, 0x48, 0x8B,
	0xC8, 0xFF, 0xD2, 0x84, 0xC0, 0x0F, 0x84, 0xBF, 0x00, 0x00, 0x00, 0x48,
	0x8B, 0xCF, 0xE8, 0x5F, 0x1E, 0x00, 0x00, 0x4C, 0x8B, 0xC8, 0x48, 0x85,
	0xC0, 0x0F, 0x84, 0xAB, 0x00, 0x00, 0x00, 0x48, 0x8D, 0x0D, 0x16, 0x59,
	0x00, 0x00, 0x4C, 0x8D, 0x1D, 0x7F, 0x5A, 0x00, 0x00, 0x48, 0x8B, 0x11,
	0x44, 0x8A, 0x02, 0x45, 0x84, 0xC0, 0x74, 0x20, 0x4D, 0x8B, 0xD1, 0x4C,
	0x2B, 0xD2, 0x42, 0x8A, 0x04, 0x12, 0x41, 0x80, 0xC8, 0x20, 0x0C, 0x20,
	0x41, 0x3A, 0xC0, 0x75, 0x33, 0x48, 0xFF, 0xC2, 0x44, 0x8A, 0x02, 0x45,
	0x84, 0xC0, 0x75, 0xE6, 0x48, 0x8B, 0x05, 0xFD, 0x39, 0x00, 0x00, 0x48,
	0x8B, 0x4B, 0x10, 0x48, 0x3B, 0x08, 0x75, 0x23, 0x8B, 0x03, 0x83, 0xF8,
	0x01, 0x74, 0x05, 0x83, 0xF8, 0x02, 0x75, 0x36, 0x48, 0x8B, 0x43, 0x20,
	0x81, 0x20, 0x84, 0xF7, 0xFF, 0xFF, 0xEB, 0x2A, 0x48, 0x83, 0xC1, 0x08,
	0x49, 0x3B, 0xCB, 0x7C, 0xA4, 0xEB, 0x3F, 0x48, 0x8B, 0x05, 0xD2, 0x39,
	0x00, 0x00, 0x48, 0x3B, 0x08, 0x75, 0x13, 0x8B, 0x03, 0x83, 0xF8, 0x01,
	0x74, 0x05, 0x83, 0xF8, 0x02, 0x75, 0x07, 0x48, 0x8B, 0x43, 0x20, 0x83,
	0x20, 0xE4, 0xFF, 0x15, 0x6C, 0x39, 0x00, 0x00, 0x48, 0x89, 0x05, 0x35,
	0x64, 0x00, 0x00, 0xF0, 0xFF, 0x05, 0x36, 0x64, 0x00, 0x00, 0x8B, 0xD0,
	0xB9, 0x02, 0x00, 0x00, 0x00, 0xE8, 0x5E, 0x0B, 0x00, 0x00, 0x48, 0x8B,
	0x5C, 0x24, 0x30, 0x33, 0xC0, 0x48, 0x83, 0xC4, 0x20, 0x5F, 0xC3, 0xCC,
	0x45, 0x84, 0xC0, 0x0F, 0x84, 0x9E, 0x01, 0x00, 0x00, 0x4C, 0x8B, 0xDC,
	0x49, 0x89, 0x5B, 0x08, 0x49, 0x89, 0x73, 0x10, 0x57, 0x48, 0x83, 0xEC,
	0x70, 0x48, 0x8B, 0xDA, 0x33, 0xF6, 0x33, 0xC0, 0xF0, 0x48, 0x0F, 0xB1,
	0x35, 0x03, 0x65, 0x00, 0x00, 0x0F, 0x84, 0x67, 0x01, 0x00, 0x00, 0x49,
	0x89, 0x73, 0x20, 0x49, 0x8D, 0x53, 0x20, 0x48, 0x8B, 0xCB, 0xFF, 0x15,
	0x14, 0x39, 0x00, 0x00, 0x85, 0xC0, 0x0F, 0x88, 0x4C, 0x01, 0x00, 0x00,
	0x48, 0x8B, 0x8C, 0x24, 0x98, 0x00, 0x00, 0x00, 0x48, 0x85, 0xC9, 0x0F,
	0x84, 0x3B, 0x01, 0x00, 0x00, 0xE8, 0x3C, 0x1D, 0x00, 0x00, 0x48, 0x8B,
	0xF8, 0x48, 0x85, 0xC0, 0x0F, 0x84, 0x1A, 0x01, 0x00, 0x00, 0x48, 0x8B,
	0x15, 0xF3, 0x5D, 0x00, 0x00, 0x48, 0x8B, 0xC8, 0xFF, 0xD2, 0x84, 0xC0,
	0x0F, 0x84, 0x06, 0x01, 0x00, 0x00, 0x44, 0x8B, 0xC6, 0x89, 0x74, 0x24,
	0x20, 0x4C, 0x8D, 0x15, 0x48, 0x3B, 0x00, 0x00, 0x41, 0x83, 0xF8, 0x14,
	0x0F, 0x8D, 0xEE, 0x00, 0x00, 0x00, 0x44, 0x8B, 0xCE, 0x89, 0x74, 0x24,
	0x24, 0x49, 0x63, 0xC0, 0x48, 0x03, 0xC0, 0x45, 0x3B, 0x4C, 0xC2, 0x08,
	0x7D, 0x2A, 0x49, 0x63, 0xD1, 0x49, 0x8B, 0x04, 0xC2, 0x8A, 0x0C, 0x10,
	0x80, 0xC9, 0x20, 0x8A, 0x04, 0x3A, 0x0C, 0x20, 0x3A, 0xC1, 0x74, 0x0A,
	0x41, 0xFF, 0xC0, 0x44, 0x89, 0x44, 0x24, 0x20, 0xEB, 0xC2, 0x41, 0xFF,
	0xC1, 0x44, 0x89, 0x4C, 0x24, 0x24, 0xEB, 0xC9, 0x48, 0x89, 0x1D, 0x39,
	0x63, 0x00, 0x00, 0xF0, 0xFF, 0x05, 0x3A, 0x63, 0x00, 0x00, 0x48, 0x8B,
	0x8C, 0x24, 0x98, 0x00, 0x00, 0x00, 0xFF, 0x15, 0x24, 0x5E, 0x00, 0x00,
	0x48, 0x8B, 0x05, 0xE5, 0x5E, 0x00, 0x00, 0x48, 0x85, 0xC0, 0x74, 0x7A,
	0x48, 0x39, 0x35, 0xD1, 0x5E, 0x00, 0x00, 0x74, 0x71, 0x48, 0x39, 0x35,
	0x28, 0x5E, 0x00, 0x00, 0x74, 0x68, 0xC7, 0x44, 0x24, 0x40, 0x30, 0x00,
	0x00, 0x00, 0x48, 0x89, 0x74, 0x24, 0x48, 0x89, 0x74, 0x24, 0x58, 0x48,
	0x89, 0x74, 0x24, 0x50, 0x0F, 0x57, 0xC0, 0xF3, 0x0F, 0x7F, 0x44, 0x24,
	0x60, 0x0F, 0x11, 0x44, 0x24, 0x30, 0x48, 0x89, 0x5C, 0x24, 0x30, 0x48,
	0x89, 0x74, 0x24, 0x28, 0x4C, 0x8D, 0x4C, 0x24, 0x30, 0x4C, 0x8D, 0x44,
	0x24, 0x40, 0xBA, 0x01, 0x00, 0x00, 0x00, 0x48, 0x8D, 0x4C, 0x24, 0x28,
	0xFF, 0xD0, 0x85, 0xC0, 0x78, 0x20, 0x48, 0x8B, 0x4C, 0x24, 0x28, 0x48,
	0x85, 0xC9, 0x74, 0x16, 0xBA, 0x22, 0x00, 0x00, 0xC0, 0xFF, 0x15, 0x69,
	0x5E, 0x00, 0x00, 0x48, 0x8B, 0x4C, 0x24, 0x28, 0xFF, 0x15, 0xBE, 0x5D,
	0x00, 0x00, 0x8B, 0xD3, 0xB9, 0x02, 0x00, 0x00, 0x00, 0xE8, 0xCE, 0x09,
	0x00, 0x00, 0xEB, 0x12, 0x48, 0x8B, 0x8C, 0x24, 0x98, 0x00, 0x00, 0x00,
	0xFF, 0x15, 0x82, 0x5D, 0x00, 0x00, 0xEB, 0x02, 0xEB, 0x00, 0x4C, 0x8D,
	0x5C, 0x24, 0x70, 0x49, 0x8B, 0x5B, 0x10, 0x49, 0x8B, 0x73, 0x18, 0x49,
	0x8B, 0xE3, 0x5F, 0xC3, 0x4D, 0x85, 0xC0, 0x0F, 0x84, 0x71, 0x01, 0x00,
	0x00, 0x48, 0x89, 0x5C, 0x24, 0x08, 0x48, 0x89, 0x74, 0x24, 0x10, 0x48,
	0x89, 0x7C, 0x24, 0x20, 0x41, 0x54, 0x41, 0x56, 0x41, 0x57, 0x48, 0x83,
	0xEC, 0x70, 0x49, 0x8B, 0xF0, 0x4C, 0x8B, 0xFA, 0x45, 0x33, 0xE4, 0x33,
	0xC0, 0xF0, 0x4C, 0x0F, 0xB1, 0x25, 0x4E, 0x63, 0x00, 0x00, 0x0F, 0x84,
	0x24, 0x01, 0x00, 0x00, 0x49, 0x8B, 0x58, 0x30, 0x48, 0x85, 0xDB, 0x0F,
	0x84, 0x17, 0x01, 0x00, 0x00, 0x48, 0x8B, 0x7B, 0x08, 0x48, 0x85, 0xFF,
	0x0F, 0x84, 0x0A, 0x01, 0x00, 0x00, 0x0F, 0xB7, 0x1B, 0x66, 0xD1, 0xEB,
	0x44, 0x0F, 0xB7, 0xF3, 0x0F, 0xB7, 0xCB, 0x66, 0x89, 0x5C, 0x24, 0x20,
	0x66, 0x85, 0xC9, 0x74, 0x27, 0x0F, 0xB7, 0xC1, 0x0F, 0xB7, 0x54, 0x47,
	0xFE, 0x66, 0x83, 0xFA, 0x5C, 0x74, 0x15, 0x66, 0x83, 0xFA, 0x2F, 0x74,
	0x0F, 0xB8, 0xFF, 0xFF, 0x00, 0x00, 0x66, 0x03, 0xC8, 0x66, 0x89, 0x4C,
	0x24, 0x20, 0xEB, 0xD8, 0x44, 0x0F, 0xB7, 0xF1, 0x33, 0xD2, 0x44, 0x8D,
	0x42, 0x40, 0x48, 0x8D, 0x4C, 0x24, 0x30, 0xE8, 0xE8, 0x1E, 0x00, 0x00,
	0x66, 0x41, 0x2B, 0xDE, 0xB8, 0x3F, 0x00, 0x00, 0x00, 0x66, 0x3B, 0xD8,
	0x76, 0x02, 0x8B, 0xD8, 0x41, 0x0F, 0xB7, 0xD4, 0x41, 0xBA, 0x01, 0x00,
	0x00, 0x00, 0x66, 0x89, 0x54, 0x24, 0x24, 0x66, 0x3B, 0xD3, 0x73, 0x1C,
	0x0F, 0xB7, 0xCA, 0x41, 0x0F, 0xB7, 0xC6, 0x03, 0xC8, 0x8A, 0x0C, 0x4F,
	0x80, 0xE1, 0x7F, 0x0F, 0xB7, 0xC2, 0x88, 0x4C, 0x04, 0x30, 0x66, 0x41,
	0x03, 0xD2, 0xEB, 0xDA, 0x45, 0x8B, 0xC4, 0x44, 0x89, 0x64, 0x24, 0x28,
	0x4C, 0x8D, 0x1D, 0x39, 0x39, 0x00, 0x00, 0x41, 0x83, 0xF8, 0x14, 0x7D,
	0x65, 0x45, 0x8B, 0xCC, 0x44, 0x89, 0x64, 0x24, 0x2C, 0x49, 0x63, 0xC0,
	0x48, 0x03, 0xC0, 0x45, 0x3B, 0x4C, 0xC3, 0x08, 0x7D, 0x2B, 0x49, 0x63,
	0xD1, 0x49, 0x8B, 0x04, 0xC3, 0x8A, 0x0C, 0x10, 0x80, 0xC9, 0x20, 0x8A,
	0x44, 0x14, 0x30, 0x0C, 0x20, 0x3A, 0xC1, 0x74, 0x0A, 0x45, 0x03, 0xC2,
	0x44, 0x89, 0x44, 0x24, 0x28, 0xEB, 0xC4, 0x45, 0x03, 0xCA, 0x44, 0x89,
	0x4C, 0x24, 0x2C, 0xEB, 0xC8, 0xC7, 0x46, 0x40, 0x22, 0x00, 0x00, 0xC0,
	0x4C, 0x89, 0x3D, 0x25, 0x61, 0x00, 0x00, 0xF0, 0x44, 0x01, 0x15, 0x25,
	0x61, 0x00, 0x00, 0x41, 0x8B, 0xD7, 0xB9, 0x02, 0x00, 0x00, 0x00, 0xE8,
	0x4C, 0x08, 0x00, 0x00, 0xEB, 0x02, 0xEB, 0x00, 0x4C, 0x8D, 0x5C, 0x24,
	0x70, 0x49, 0x8B, 0x5B, 0x20, 0x49, 0x8B, 0x73, 0x28, 0x49, 0x8B, 0x7B,
	0x38, 0x49, 0x8B, 0xE3, 0x41, 0x5F, 0x41, 0x5E, 0x41, 0x5C, 0xC3, 0xCC,
	0x48, 0x89, 0x5C, 0x24, 0x08, 0x48, 0x89, 0x7C, 0x24, 0x10, 0x55, 0x48,
	0x8B, 0xEC, 0x48, 0x83, 0xEC, 0x70, 0x48, 0x8D, 0x0D, 0x2F, 0x63, 0x00,
	0x00, 0xFF, 0x15, 0x59, 0x35, 0x00, 0x00, 0x80, 0x3D, 0xAA, 0x63, 0x00,
	0x00, 0x00, 0x40, 0x8A, 0xF8, 0x0F, 0x84, 0xEA, 0x00, 0x00, 0x00, 0x48,
	0x83, 0x3D, 0xE9, 0x62, 0x00, 0x00, 0x00, 0x0F, 0x84, 0xDC, 0x00, 0x00,
	0x00, 0x0F, 0x10, 0x05, 0xE4, 0x62, 0x00, 0x00, 0x45, 0x33, 0xC9, 0x45,
	0x33, 0xC0, 0x0F, 0x10, 0x0D, 0xE7, 0x62, 0x00, 0x00, 0x48, 0x8D, 0x15,
	0x58, 0x24, 0x00, 0x00, 0x48, 0xC7, 0x45, 0xB0, 0x00, 0x00, 0x00, 0x00,
	0x48, 0x8D, 0x4D, 0xB0, 0x0F, 0x11, 0x45, 0xD8, 0x0F, 0x11, 0x4D, 0xE8,
	0xE8, 0xC9, 0x19, 0x00, 0x00, 0xBB, 0x20, 0x00, 0x00, 0x00, 0x85, 0xC0,
	0x78, 0x1E, 0x48, 0x8B, 0x4D, 0xB0, 0x48, 0x8D, 0x55, 0xB8, 0x45, 0x33,
	0xC9, 0x44, 0x8B, 0xC3, 0xE8, 0xD1, 0x19, 0x00, 0x00, 0x48, 0x8B, 0x4D,
	0xB0, 0x33, 0xD2, 0xE8, 0xA8, 0x19, 0x00, 0x00, 0x45, 0x33, 0xC0, 0x42,
	0x8A, 0x4C, 0x05, 0xB8, 0x42, 0x32, 0x4C, 0x05, 0xD8, 0x48, 0x8B, 0x15,
	0x74, 0x62, 0x00, 0x00, 0x41, 0x30, 0x0C, 0x10, 0x49, 0xFF, 0xC0, 0x48,
	0x83, 0xEB, 0x01, 0x75, 0xE2, 0x0F, 0x10, 0x45, 0xB8, 0x48, 0x8B, 0x1D,
	0x5C, 0x62, 0x00, 0x00, 0x45, 0x33, 0xC9, 0x0F, 0x10, 0x4D, 0xC8, 0x45,
	0x33, 0xC0, 0x48, 0xC7, 0x45, 0xB0, 0x00, 0x00, 0x00, 0x00, 0x48, 0x8D,
	0x15, 0xD3, 0x23, 0x00, 0x00, 0x48, 0x8D, 0x4D, 0xB0, 0x0F, 0x11, 0x05,
	0x40, 0x62, 0x00, 0x00, 0x0F, 0x11, 0x0D, 0x49, 0x62, 0x00, 0x00, 0xE8,
	0x46, 0x19, 0x00, 0x00, 0x85, 0xC0, 0x78, 0x21, 0x48, 0x8B, 0x4D, 0xB0,
	0x48, 0x8D, 0x53, 0x20, 0x45, 0x33, 0xC9, 0x41, 0xB8, 0xE0, 0x0F, 0x00,
	0x00, 0xE8, 0x50, 0x19, 0x00, 0x00, 0x48, 0x8B, 0x4D, 0xB0, 0x33, 0xD2,
	0xE8, 0x27, 0x19, 0x00, 0x00, 0x40, 0x8A, 0xD7, 0x48, 0x8D, 0x0D, 0x25,
	0x62, 0x00, 0x00, 0xFF, 0x15, 0x57, 0x34, 0x00, 0x00, 0x4C, 0x8D, 0x05,
	0x60, 0x62, 0x00, 0x00, 0x48, 0xC7, 0xC2, 0x00, 0x1F, 0x0A, 0xFA, 0x48,
	0x8D, 0x0D, 0x12, 0x62, 0x00, 0x00, 0x4C, 0x8D, 0x5C, 0x24, 0x70, 0x49,
	0x8B, 0x5B, 0x10, 0x49, 0x8B, 0x7B, 0x18, 0x49, 0x8B, 0xE3, 0x5D, 0x48,
	0xFF, 0x25, 0x0A, 0x34, 0x00, 0x00, 0xCC, 0xCC, 0x4C, 0x8B, 0xDC, 0x49,
	0x89, 0x5B, 0x08, 0x49, 0x89, 0x73, 0x10, 0x49, 0x89, 0x7B, 0x18, 0x41,
	0x56, 0x48, 0x83, 0xEC, 0x30, 0x49, 0x8B, 0xF8, 0x4C, 0x8B, 0xF2, 0x48,
	0x85, 0xC9, 0x0F, 0x84, 0xA6, 0x00, 0x00, 0x00, 0x48, 0x85, 0xD2, 0x0F,
	0x84, 0x9D, 0x00, 0x00, 0x00, 0x4D, 0x85, 0xC0, 0x0F, 0x84, 0x94, 0x00,
	0x00, 0x00, 0x48, 0x8B, 0x05, 0xCB, 0x59, 0x00, 0x00, 0x49, 0xC7, 0x43,
	0xE8, 0x00, 0x00, 0x00, 0x00, 0x45, 0x33, 0xC9, 0x45, 0x33, 0xC0, 0x8B,
	0xD7, 0xFF, 0xD0, 0x48, 0x8B, 0xD8, 0x48, 0x85, 0xC0, 0x74, 0x75, 0x45,
	0x33, 0xC0, 0x33, 0xD2, 0x48, 0x8B, 0xCB, 0xFF, 0x15, 0xCB, 0x59, 0x00,
	0x00, 0x48, 0x8B, 0x05, 0xB4, 0x59, 0x00, 0x00, 0xC7, 0x44, 0x24, 0x28,
	0x10, 0x00, 0x00, 0x00, 0xC7, 0x44, 0x24, 0x20, 0x00, 0x00, 0x00, 0x00,
	0x45, 0x33, 0xC9, 0x33, 0xD2, 0x45, 0x8D, 0x41, 0x01, 0x48, 0x8B, 0xCB,
	0xFF, 0xD0, 0x48, 0x8B, 0xF0, 0x48, 0x85, 0xC0, 0x74, 0x1A, 0x4C, 0x8B,
	0xC7, 0x49, 0x8B, 0xD6, 0x48, 0x8B, 0xC8, 0xE8, 0x58, 0x19, 0x00, 0x00,
	0x48, 0x8B, 0xD3, 0x48, 0x8B, 0xCE, 0xFF, 0x15, 0x7C, 0x59, 0x00, 0x00,
	0x48, 0x8B, 0xCB, 0xFF, 0x15, 0x83, 0x59, 0x00, 0x00, 0x48, 0x8B, 0xCB,
	0xFF, 0x15, 0x52, 0x59, 0x00, 0x00, 0x48, 0x85, 0xF6, 0x0F, 0x95, 0xC0,
	0xEB, 0x06, 0x32, 0xC0, 0xEB, 0x02, 0x32, 0xC0, 0x48, 0x8B, 0x5C, 0x24,
	0x40, 0x48, 0x8B, 0x74, 0x24, 0x48, 0x48, 0x8B, 0x7C, 0x24, 0x50, 0x48,
	0x83, 0xC4, 0x30, 0x41, 0x5E, 0xC3, 0xCC, 0xCC, 0x48, 0x89, 0x5C, 0x24,
	0x10, 0x48, 0x89, 0x74, 0x24, 0x18, 0x48, 0x89, 0x7C, 0x24, 0x20, 0x41,
	0x56, 0x48, 0x83, 0xEC, 0x40, 0x49, 0x8B, 0xF0, 0x4C, 0x8B, 0xF2, 0x48,
	0x8B, 0xD9, 0x48, 0x85, 0xC9, 0x0F, 0x84, 0x89, 0x01, 0x00, 0x00, 0x4D,
	0x85, 0xC0, 0x0F, 0x84, 0x80, 0x01, 0x00, 0x00, 0x48, 0x8B, 0x05, 0xCD,
	0x58, 0x00, 0x00, 0xFF, 0xD0, 0x84, 0xC0, 0x0F, 0x84, 0x6F, 0x01, 0x00,
	0x00, 0x48, 0x8B, 0x05, 0xDC, 0x58, 0x00, 0x00, 0x48, 0x85, 0xC0, 0x0F,
	0x84, 0x5F, 0x01, 0x00, 0x00, 0x48, 0x83, 0x3D, 0xD3, 0x58, 0x00, 0x00,
	0x00, 0x0F, 0x84, 0x51, 0x01, 0x00, 0x00, 0x48, 0x83, 0x3D, 0xE5, 0x58,
	0x00, 0x00, 0x00, 0x0F, 0x84, 0x43, 0x01, 0x00, 0x00, 0x48, 0x83, 0x3D,
	0xDF, 0x58, 0x00, 0x00, 0x00, 0x0F, 0x84, 0x35, 0x01, 0x00, 0x00, 0x48,
	0x83, 0x3D, 0xB9, 0x58, 0x00, 0x00, 0x00, 0x0F, 0x84, 0x27, 0x01, 0x00,
	0x00, 0x48, 0x83, 0x3D, 0xB3, 0x58, 0x00, 0x00, 0x00, 0x0F, 0x84, 0x19,
	0x01, 0x00, 0x00, 0x48, 0xC7, 0x44, 0x24, 0x20, 0x00, 0x00, 0x00, 0x00,
	0x45, 0x33, 0xC9, 0x45, 0x33, 0xC0, 0x8B, 0xD6, 0x48, 0x8B, 0xCB, 0xFF,
	0xD0, 0x48, 0x8B, 0xD8, 0x48, 0x89, 0x44, 0x24, 0x50, 0x48, 0x85, 0xC0,
	0x0F, 0x84, 0xF2, 0x00, 0x00, 0x00, 0x45, 0x33, 0xC0, 0x33, 0xD2, 0x48,
	0x8B, 0xC8, 0xFF, 0x15, 0x80, 0x58, 0x00, 0x00, 0x90, 0x48, 0xC7, 0x44,
	0x24, 0x30, 0x00, 0x00, 0x00, 0x00, 0x48, 0x8B, 0x05, 0x5F, 0x58, 0x00,
	0x00, 0xC7, 0x44, 0x24, 0x28, 0x10, 0x00, 0x00, 0x00, 0xC7, 0x44, 0x24,
	0x20, 0x00, 0x00, 0x00, 0x00, 0x45, 0x33, 0xC9, 0x33, 0xD2, 0x45, 0x8D,
	0x41, 0x01, 0x48, 0x8B, 0xCB, 0xFF, 0xD0, 0x48, 0x8B, 0xF8, 0x48, 0x89,
	0x44, 0x24, 0x30, 0x48, 0x85, 0xFF, 0x75, 0x17, 0x48, 0x8B, 0xCB, 0xFF,
	0x15, 0x43, 0x58, 0x00, 0x00, 0x48, 0x8B, 0xCB, 0xFF, 0x15, 0x12, 0x58,
	0x00, 0x00, 0xE9, 0x91, 0x00, 0x00, 0x00, 0x4C, 0x8B, 0xC6, 0x48, 0x8B,
	0xCF, 0x4D, 0x85, 0xF6, 0x74, 0x0A, 0x49, 0x8B, 0xD6, 0xE8, 0xE2, 0x17,
	0x00, 0x00, 0xEB, 0x08, 0x33, 0xD2, 0xE8, 0x99, 0x1A, 0x00, 0x00, 0x90,
	0x48, 0x8B, 0xD3, 0x48, 0x8B, 0xCF, 0xFF, 0x15, 0xFC, 0x57, 0x00, 0x00,
	0x48, 0x8B, 0xCB, 0xFF, 0x15, 0x03, 0x58, 0x00, 0x00, 0x48, 0x8B, 0xCB,
	0xFF, 0x15, 0xD2, 0x57, 0x00, 0x00, 0xB0, 0x01, 0xEB, 0x54, 0x48, 0x8B,
	0x5C, 0x24, 0x50, 0x48, 0x8B, 0xD3, 0x48, 0x8B, 0x4C, 0x24, 0x30, 0xFF,
	0x15, 0xD3, 0x57, 0x00, 0x00, 0x48, 0x8B, 0xCB, 0xFF, 0x15, 0xDA, 0x57,
	0x00, 0x00, 0x48, 0x8B, 0xCB, 0xFF, 0x15, 0xA9, 0x57, 0x00, 0x00, 0x32,
	0xC0, 0xEB, 0x2B, 0x48, 0x8B, 0x4C, 0x24, 0x50, 0xFF, 0x15, 0xC2, 0x57,
	0x00, 0x00, 0x48, 0x8B, 0x4C, 0x24, 0x50, 0xFF, 0x15, 0x8F, 0x57, 0x00,
	0x00, 0x32, 0xC0, 0xEB, 0x11, 0x48, 0x8B, 0x4C, 0x24, 0x50, 0xFF, 0x15,
	0x80, 0x57, 0x00, 0x00, 0x32, 0xC0, 0xEB, 0x02, 0x32, 0xC0, 0x48, 0x8B,
	0x5C, 0x24, 0x58, 0x48, 0x8B, 0x74, 0x24, 0x60, 0x48, 0x8B, 0x7C, 0x24,
	0x68, 0x48, 0x83, 0xC4, 0x40, 0x41, 0x5E, 0xC3, 0x48, 0x83, 0xEC, 0x18,
	0x4C, 0x8B, 0xD1, 0x45, 0x33, 0xC0, 0x48, 0x85, 0xC9, 0x74, 0x37, 0x4C,
	0x8B, 0x0D, 0xB6, 0x5B, 0x00, 0x00, 0x4D, 0x85, 0xC9, 0x74, 0x2B, 0x85,
	0xD2, 0x74, 0x27, 0x44, 0x89, 0x04, 0x24, 0x44, 0x3B, 0xC2, 0x73, 0x18,
	0x41, 0x8B, 0xC8, 0x4A, 0x8D, 0x04, 0x11, 0x80, 0x38, 0xCC, 0x75, 0x07,
	0x42, 0x80, 0x3C, 0x09, 0xCC, 0x75, 0x0D, 0x41, 0xFF, 0xC0, 0xEB, 0xDF,
	0xEB, 0x04, 0x33, 0xC0, 0xEB, 0x02, 0x33, 0xC0, 0x48, 0x83, 0xC4, 0x18,
	0xC3, 0xCC, 0xCC, 0xCC, 0x48, 0x89, 0x5C, 0x24, 0x18, 0x48, 0x89, 0x74,
	0x24, 0x20, 0x57, 0x41, 0x56, 0x41, 0x57, 0x48, 0x83, 0xEC, 0x70, 0x48,
	0x8B, 0x05, 0x02, 0x32, 0x00, 0x00, 0x48, 0x8B, 0x18, 0x48, 0x85, 0xDB,
	0x0F, 0x84, 0xAB, 0x01, 0x00, 0x00, 0x48, 0x8B, 0x05, 0xBF, 0x56, 0x00,
	0x00, 0x48, 0x8B, 0xCB, 0xFF, 0xD0, 0x84, 0xC0, 0x0F, 0x84, 0x97, 0x01,
	0x00, 0x00, 0x4C, 0x8D, 0xBB, 0x48, 0x04, 0x00, 0x00, 0x49, 0x8B, 0x3F,
	0x33, 0xDB, 0x89, 0x5C, 0x24, 0x28, 0x81, 0xFB, 0x00, 0x04, 0x00, 0x00,
	0x0F, 0x8D, 0x79, 0x01, 0x00, 0x00, 0x49, 0x3B, 0xFF, 0x0F, 0x84, 0x70,
	0x01, 0x00, 0x00, 0x48, 0x8D, 0xB7, 0xB8, 0xFB, 0xFF, 0xFF, 0x48, 0x8B,
	0x05, 0x7F, 0x56, 0x00, 0x00, 0x48, 0x8B, 0xCE, 0xFF, 0xD0, 0x84, 0xC0,
	0x75, 0x05, 0xE9, 0x4A, 0x01, 0x00, 0x00, 0x48, 0x8B, 0xCE, 0xE8, 0x9F,
	0x15, 0x00, 0x00, 0x4C, 0x8B, 0xF0, 0x48, 0x85, 0xC0, 0x0F, 0x84, 0x36,
	0x01, 0x00, 0x00, 0x48, 0x8B, 0x15, 0x56, 0x56, 0x00, 0x00, 0x48, 0x8B,
	0xC8, 0xFF, 0xD2, 0x84, 0xC0, 0x0F, 0x84, 0x22, 0x01, 0x00, 0x00, 0x33,
	0xC9, 0x89, 0x4C, 0x24, 0x20, 0x83, 0xF9, 0x2E, 0x7D, 0xC8, 0x48, 0x63,
	0xC1, 0x4C, 0x8D, 0x0D, 0x34, 0x50, 0x00, 0x00, 0x4D, 0x8B, 0x0C, 0xC1,
	0x33, 0xD2, 0x89, 0x54, 0x24, 0x24, 0x48, 0x63, 0xC2, 0x46, 0x8A, 0x04,
	0x08, 0x45, 0x84, 0xC0, 0x74, 0x17, 0x42, 0x8A, 0x04, 0x30, 0x0C, 0x20,
	0x41, 0x80, 0xC8, 0x20, 0x41, 0x3A, 0xC0, 0x74, 0x04, 0xFF, 0xC1, 0xEB,
	0xC4, 0xFF, 0xC2, 0xEB, 0xD9, 0x48, 0x8B, 0xCE, 0xFF, 0x15, 0xE6, 0x30,
	0x00, 0x00, 0x48, 0x8B, 0xD8, 0x48, 0x89, 0x84, 0x24, 0x98, 0x00, 0x00,
	0x00, 0x48, 0x89, 0x05, 0x9C, 0x5B, 0x00, 0x00, 0xF0, 0xFF, 0x05, 0x9D,
	0x5B, 0x00, 0x00, 0x48, 0x8B, 0x05, 0x56, 0x57, 0x00, 0x00, 0x48, 0x85,
	0xC0, 0x0F, 0x84, 0xA0, 0x00, 0x00, 0x00, 0x48, 0x83, 0x3D, 0x3D, 0x57,
	0x00, 0x00, 0x00, 0x0F, 0x84, 0x92, 0x00, 0x00, 0x00, 0x48, 0x83, 0x3D,
	0x8F, 0x56, 0x00, 0x00, 0x00, 0x0F, 0x84, 0x84, 0x00, 0x00, 0x00, 0xC7,
	0x44, 0x24, 0x40, 0x30, 0x00, 0x00, 0x00, 0x48, 0xC7, 0x44, 0x24, 0x48,
	0x00, 0x00, 0x00, 0x00, 0xC7, 0x44, 0x24, 0x58, 0x00, 0x00, 0x00, 0x00,
	0x48, 0xC7, 0x44, 0x24, 0x50, 0x00, 0x00, 0x00, 0x00, 0x0F, 0x57, 0xC0,
	0xF3, 0x0F, 0x7F, 0x44, 0x24, 0x60, 0x0F, 0x11, 0x44, 0x24, 0x30, 0x48,
	0x89, 0x5C, 0x24, 0x30, 0x48, 0xC7, 0x84, 0x24, 0x90, 0x00, 0x00, 0x00,
	0x00, 0x00, 0x00, 0x00, 0x4C, 0x8D, 0x4C, 0x24, 0x30, 0x4C, 0x8D, 0x44,
	0x24, 0x40, 0xBA, 0x01, 0x00, 0x00, 0x00, 0x48, 0x8D, 0x8C, 0x24, 0x90,
	0x00, 0x00, 0x00, 0xFF, 0xD0, 0x85, 0xC0, 0x78, 0x26, 0x48, 0x8B, 0x8C,
	0x24, 0x90, 0x00, 0x00, 0x00, 0x48, 0x85, 0xC9, 0x74, 0x19, 0xBA, 0x22,
	0x00, 0x00, 0xC0, 0xFF, 0x15, 0xB3, 0x56, 0x00, 0x00, 0x48, 0x8B, 0x8C,
	0x24, 0x90, 0x00, 0x00, 0x00, 0xFF, 0x15, 0x05, 0x56, 0x00, 0x00, 0x8B,
	0xD3, 0xB9, 0x02, 0x00, 0x00, 0x00, 0xE8, 0x15, 0x02, 0x00, 0x00, 0xEB,
	0x0E, 0xFF, 0xC3, 0x48, 0x8B, 0x3F, 0xE9, 0x77, 0xFE, 0xFF, 0xFF, 0xEB,
	0x02, 0xEB, 0x00, 0x4C, 0x8D, 0x5C, 0x24, 0x70, 0x49, 0x8B, 0x5B, 0x30,
	0x49, 0x8B, 0x73, 0x38, 0x49, 0x8B, 0xE3, 0x41, 0x5F, 0x41, 0x5E, 0x5F,
	0xC3, 0xCC, 0xCC, 0xCC, 0x48, 0x85, 0xC9, 0x0F, 0x84, 0x42, 0x01, 0x00,
	0x00, 0x48, 0x89, 0x5C, 0x24, 0x18, 0x56, 0x57, 0x41, 0x56, 0x48, 0x83,
	0xEC, 0x20, 0x48, 0x8B, 0xD9, 0x48, 0x8B, 0x05, 0xE0, 0x54, 0x00, 0x00,
	0xFF, 0xD0, 0x84, 0xC0, 0x0F, 0x84, 0x14, 0x01, 0x00, 0x00, 0x48, 0x8B,
	0x4B, 0x28, 0x48, 0x85, 0xC9, 0x0F, 0x84, 0x07, 0x01, 0x00, 0x00, 0x48,
	0x8B, 0x05, 0xC2, 0x54, 0x00, 0x00, 0xFF, 0xD0, 0x84, 0xC0, 0x0F, 0x84,
	0xF6, 0x00, 0x00, 0x00, 0x48, 0x8B, 0x43, 0x28, 0x48, 0x8B, 0x58, 0x30,
	0x48, 0x85, 0xDB, 0x0F, 0x84, 0xE5, 0x00, 0x00, 0x00, 0x48, 0x8B, 0x05,
	0xA0, 0x54, 0x00, 0x00, 0x48, 0x8B, 0xCB, 0xFF, 0xD0, 0x84, 0xC0, 0x0F,
	0x84, 0xD1, 0x00, 0x00, 0x00, 0xB8, 0x4D, 0x5A, 0x00, 0x00, 0x66, 0x39,
	0x03, 0x0F, 0x85, 0xC3, 0x00, 0x00, 0x00, 0x48, 0x63, 0x7B, 0x3C, 0x48,
	0x03, 0xFB, 0x48, 0x8B, 0x05, 0x77, 0x54, 0x00, 0x00, 0x48, 0x8B, 0xCF,
	0xFF, 0xD0, 0x84, 0xC0, 0x0F, 0x84, 0xA6, 0x00, 0x00, 0x00, 0x81, 0x3F,
	0x50, 0x45, 0x00, 0x00, 0x0F, 0x85, 0x9A, 0x00, 0x00, 0x00, 0x4C, 0x8D,
	0xB7, 0xB8, 0x00, 0x00, 0x00, 0x41, 0x8B, 0x06, 0x8B, 0xB7, 0xBC, 0x00,
	0x00, 0x00, 0x85, 0xC0, 0x74, 0x48, 0x85, 0xF6, 0x74, 0x44, 0x48, 0x03,
	0xD8, 0x48, 0x8B, 0x05, 0x3C, 0x54, 0x00, 0x00, 0x48, 0x8B, 0xCB, 0xFF,
	0xD0, 0x84, 0xC0, 0x74, 0x15, 0x81, 0xFE, 0x00, 0x10, 0x00, 0x00, 0x73,
	0x0D, 0x44, 0x8B, 0xC6, 0x33, 0xD2, 0x48, 0x8B, 0xCB, 0xE8, 0x1A, 0xFB,
	0xFF, 0xFF, 0x48, 0xC7, 0x44, 0x24, 0x48, 0x00, 0x00, 0x00, 0x00, 0x41,
	0xB8, 0x08, 0x00, 0x00, 0x00, 0x48, 0x8D, 0x54, 0x24, 0x48, 0x49, 0x8B,
	0xCE, 0xE8, 0xFE, 0xFA, 0xFF, 0xFF, 0x0F, 0x31, 0x48, 0xC1, 0xE2, 0x20,
	0x48, 0x0B, 0xC2, 0x48, 0x8B, 0xC8, 0x48, 0xC1, 0xE9, 0x11, 0x48, 0x33,
	0xC8, 0x48, 0x6B, 0xC1, 0xFD, 0x83, 0xE0, 0x07, 0x48, 0x8D, 0x0D, 0x09,
	0x39, 0x00, 0x00, 0x8B, 0x04, 0x81, 0x89, 0x44, 0x24, 0x40, 0x48, 0x8D,
	0x4F, 0x08, 0x41, 0xB8, 0x04, 0x00, 0x00, 0x00, 0x48, 0x8D, 0x54, 0x24,
	0x40, 0xE8, 0xC2, 0xFA, 0xFF, 0xFF, 0xEB, 0x02, 0xEB, 0x00, 0x48, 0x8B,
	0x5C, 0x24, 0x50, 0x48, 0x83, 0xC4, 0x20, 0x41, 0x5E, 0x5F, 0x5E, 0xC3,
	0x48, 0x89, 0x5C, 0x24, 0x08, 0x48, 0x89, 0x74, 0x24, 0x10, 0x57, 0x48,
	0x83, 0xEC, 0x30, 0x48, 0x83, 0x3D, 0x2D, 0x59, 0x00, 0x00, 0x00, 0x74,
	0x75, 0x8B, 0x05, 0x2D, 0x59, 0x00, 0x00, 0x85, 0xC0, 0x74, 0x6B, 0x33,
	0xDB, 0x48, 0x8D, 0x35, 0xF8, 0x38, 0x00, 0x00, 0x89, 0x5C, 0x24, 0x24,
	0x8B, 0x05, 0x16, 0x59, 0x00, 0x00, 0x3B, 0xD8, 0x73, 0x52, 0x48, 0x8D,
	0x0C, 0x5B, 0x48, 0x8B, 0x05, 0xFF, 0x58, 0x00, 0x00, 0x48, 0x8D, 0x3C,
	0xC8, 0x48, 0x8B, 0x05, 0x64, 0x53, 0x00, 0x00, 0x48, 0x8B, 0xCF, 0xFF,
	0xD0, 0x84, 0xC0, 0x74, 0x33, 0x48, 0x8B, 0x07, 0x48, 0x83, 0xF8, 0x02,
	0x72, 0x26, 0x8B, 0x4F, 0x08, 0x85, 0xC9, 0x75, 0x02, 0xEB, 0x1D, 0x33,
	0xC0, 0x89, 0x44, 0x24, 0x20, 0x83, 0xF8, 0x07, 0x73, 0xF3, 0x3B, 0x0C,
	0xC6, 0x75, 0x09, 0x8B, 0x44, 0xC6, 0x04, 0x89, 0x47, 0x08, 0xEB, 0xE5,
	0xFF, 0xC0, 0xEB, 0xE5, 0xFF, 0xC3, 0xEB, 0xA0, 0xEB, 0x00, 0x48, 0x8B,
	0x5C, 0x24, 0x40, 0x48, 0x8B, 0x74, 0x24, 0x48, 0x48, 0x83, 0xC4, 0x30,
	0x5F, 0xC3, 0xCC, 0xCC, 0x48, 0x89, 0x5C, 0x24, 0x08, 0x57, 0x48, 0x83,
	0xEC, 0x20, 0x8B, 0xDA, 0x8B, 0xF9, 0xB9, 0x01, 0x00, 0x00, 0x00, 0x8B,
	0xC1, 0xF0, 0x0F, 0xB1, 0x0D, 0x17, 0x58, 0x00, 0x00, 0x85, 0xC0, 0x74,
	0x45, 0x48, 0x8B, 0x0D, 0xF4, 0x57, 0x00, 0x00, 0x48, 0x85, 0xC9, 0x74,
	0x39, 0x48, 0x8B, 0x05, 0xE0, 0x52, 0x00, 0x00, 0xFF, 0xD0, 0x84, 0xC0,
	0x74, 0x2C, 0x48, 0x8B, 0x0D, 0xD3, 0x57, 0x00, 0x00, 0x48, 0x89, 0x4C,
	0x24, 0x40, 0x8B, 0xD1, 0x33, 0xD7, 0x48, 0xC1, 0xE9, 0x20, 0x33, 0xCB,
	0x48, 0x8B, 0x05, 0xC5, 0x57, 0x00, 0x00, 0x87, 0x48, 0x2C, 0x48, 0x8B,
	0x05, 0xBB, 0x57, 0x00, 0x00, 0x87, 0x50, 0x28, 0xEB, 0x00, 0x48, 0x8B,
	0x5C, 0x24, 0x30, 0x48, 0x83, 0xC4, 0x20, 0x5F, 0xC3, 0xCC, 0xCC, 0xCC,
	0x48, 0x8B, 0xC4, 0x48, 0x89, 0x58, 0x08, 0x48, 0x89, 0x70, 0x10, 0x48,
	0x89, 0x78, 0x18, 0x4C, 0x89, 0x70, 0x20, 0x41, 0x57, 0x48, 0x83, 0xEC,
	0x30, 0x48, 0x8B, 0xF9, 0x48, 0x85, 0xC9, 0x74, 0x74, 0x48, 0x8B, 0x05,
	0x78, 0x52, 0x00, 0x00, 0xFF, 0xD0, 0x84, 0xC0, 0x74, 0x67, 0x48, 0x89,
	0x3D, 0x9B, 0x56, 0x00, 0x00, 0x33, 0xDB, 0x4C, 0x8D, 0x3D, 0xF2, 0x53,
	0x00, 0x00, 0x89, 0x5C, 0x24, 0x20, 0x83, 0xFB, 0x1C, 0x73, 0x3B, 0x48,
	0x8B, 0x74, 0xDF, 0x70, 0x4C, 0x8D, 0x34, 0x5B, 0x4B, 0x89, 0x34, 0xF7,
	0x48, 0x85, 0xF6, 0x74, 0x1C, 0x48, 0x8B, 0x05, 0x40, 0x52, 0x00, 0x00,
	0x48, 0x8B, 0xCE, 0xFF, 0xD0, 0x84, 0xC0, 0x74, 0x0C, 0x0F, 0x10, 0x06,
	0xF3, 0x43, 0x0F, 0x7F, 0x44, 0xF7, 0x08, 0xEB, 0x09, 0x0F, 0x57, 0xC0,
	0x43, 0x0F, 0x11, 0x44, 0xF7, 0x08, 0xFF, 0xC3, 0xEB, 0xBC, 0xB9, 0x01,
	0x00, 0x00, 0x00, 0x87, 0x0D, 0x4B, 0x56, 0x00, 0x00, 0xB0, 0x01, 0xEB,
	0x06, 0x32, 0xC0, 0xEB, 0x02, 0x32, 0xC0, 0x48, 0x8B, 0x5C, 0x24, 0x40,
	0x48, 0x8B, 0x74, 0x24, 0x48, 0x48, 0x8B, 0x7C, 0x24, 0x50, 0x4C, 0x8B,
	0x74, 0x24, 0x58, 0x48, 0x83, 0xC4, 0x30, 0x41, 0x5F, 0xC3, 0xCC, 0xCC,
	0x48, 0x89, 0x5C, 0x24, 0x08, 0x57, 0x48, 0x83, 0xEC, 0x40, 0xBF, 0x01,
	0x00, 0x00, 0x00, 0x8B, 0xC7, 0xF0, 0x0F, 0xB1, 0x3D, 0xF3, 0x56, 0x00,
	0x00, 0x33, 0xDB, 0x85, 0xC0, 0x0F, 0x84, 0x59, 0x01, 0x00, 0x00, 0x48,
	0x8B, 0x0D, 0xCA, 0x56, 0x00, 0x00, 0x48, 0x85, 0xC9, 0x0F, 0x84, 0x49,
	0x01, 0x00, 0x00, 0x48, 0x8B, 0x05, 0xB2, 0x51, 0x00, 0x00, 0xFF, 0xD0,
	0x84, 0xC0, 0x0F, 0x84, 0x38, 0x01, 0x00, 0x00, 0x0F, 0x31, 0x48, 0xC1,
	0xE2, 0x20, 0x48, 0x0B, 0xC2, 0x48, 0x8B, 0x0D, 0xA0, 0x56, 0x00, 0x00,
	0x48, 0x87, 0x41, 0x20, 0x48, 0x8B, 0x05, 0x95, 0x56, 0x00, 0x00, 0x4C,
	0x8B, 0x40, 0x18, 0x0F, 0x31, 0x48, 0xC1, 0xE2, 0x20, 0x48, 0x0B, 0xC2,
	0x4C, 0x8B, 0xC8, 0x33, 0xC0, 0xF0, 0x0F, 0xB1, 0x1D, 0x97, 0x56, 0x00,
	0x00, 0x75, 0x23, 0x4D, 0x85, 0xC0, 0x74, 0x16, 0x8B, 0xCF, 0x87, 0x0D,
	0x88, 0x56, 0x00, 0x00, 0x4C, 0x89, 0x05, 0x6D, 0x56, 0x00, 0x00, 0x4C,
	0x89, 0x0D, 0x6E, 0x56, 0x00, 0x00, 0x40, 0x8A, 0xC7, 0xE9, 0xE1, 0x00,
	0x00, 0x00, 0x48, 0x8B, 0x05, 0x57, 0x56, 0x00, 0x00, 0x4C, 0x3B, 0xC0,
	0x74, 0x16, 0x4C, 0x89, 0x05, 0x4B, 0x56, 0x00, 0x00, 0x4C, 0x89, 0x0D,
	0x4C, 0x56, 0x00, 0x00, 0x40, 0x8A, 0xC7, 0xE9, 0xBF, 0x00, 0x00, 0x00,
	0x48, 0x8B, 0x05, 0x3D, 0x56, 0x00, 0x00, 0x4D, 0x8B, 0xD1, 0x4C, 0x2B,
	0xD0, 0x48, 0xB8, 0x00, 0x08, 0xD6, 0xE8, 0x29, 0x00, 0x00, 0x00, 0x4C,
	0x3B, 0xD0, 0x0F, 0x86, 0x96, 0x00, 0x00, 0x00, 0x4C, 0x8B, 0x1D, 0x15,
	0x56, 0x00, 0x00, 0x0F, 0x31, 0x48, 0xC1, 0xE2, 0x20, 0x48, 0x0B, 0xC2,
	0x4C, 0x8B, 0x05, 0x25, 0x56, 0x00, 0x00, 0x8B, 0x15, 0x17, 0x56, 0x00,
	0x00, 0x4D, 0x85, 0xC0, 0x74, 0x15, 0x48, 0x8B, 0xC8, 0x49, 0x2B, 0xC8,
	0x49, 0xB8, 0x00, 0x0C, 0x41, 0xDD, 0x3E, 0x00, 0x00, 0x00, 0x49, 0x3B,
	0xC8, 0x76, 0x02, 0x8B, 0xD3, 0x0B, 0xD7, 0x89, 0x15, 0xF3, 0x55, 0x00,
	0x00, 0x48, 0x89, 0x05, 0xF4, 0x55, 0x00, 0x00, 0x8B, 0xCA, 0x89, 0x54,
	0x24, 0x30, 0x44, 0x8B, 0xC3, 0x89, 0x5C, 0x24, 0x38, 0x85, 0xC9, 0x74,
	0x13, 0x8D, 0x41, 0xFF, 0x23, 0xC8, 0x89, 0x4C, 0x24, 0x30, 0x44, 0x03,
	0xC7, 0x44, 0x89, 0x44, 0x24, 0x38, 0xEB, 0xE9, 0x41, 0x83, 0xF8, 0x02,
	0x72, 0x1D, 0x48, 0x8B, 0x05, 0x1B, 0x51, 0x00, 0x00, 0x48, 0x85, 0xC0,
	0x74, 0x14, 0x4C, 0x89, 0x54, 0x24, 0x20, 0x4D, 0x8B, 0xC3, 0xB9, 0x08,
	0x5E, 0xAD, 0xDE, 0xFF, 0xD0, 0xEB, 0x03, 0x40, 0x8A, 0xDF, 0x8A, 0xC3,
	0xEB, 0x09, 0xEB, 0x04, 0xB0, 0x01, 0xEB, 0x03, 0x40, 0x8A, 0xC7, 0x48,
	0x8B, 0x5C, 0x24, 0x50, 0x48, 0x83, 0xC4, 0x40, 0x5F, 0xC3, 0xCC, 0xCC,
	0x48, 0x8B, 0xC4, 0x48, 0x89, 0x58, 0x08, 0x48, 0x89, 0x70, 0x10, 0x48,
	0x89, 0x78, 0x18, 0x4C, 0x89, 0x70, 0x20, 0x41, 0x57, 0x48, 0x83, 0xEC,
	0x20, 0x4D, 0x8B, 0xF0, 0x48, 0x8B, 0xF2, 0x48, 0x8B, 0xD9, 0x48, 0x85,
	0xC9, 0x0F, 0x84, 0x98, 0x00, 0x00, 0x00, 0x48, 0x8B, 0x05, 0x2E, 0x50,
	0x00, 0x00, 0xFF, 0xD0, 0x84, 0xC0, 0x0F, 0x84, 0x87, 0x00, 0x00, 0x00,
	0x48, 0x8B, 0x7B, 0x48, 0x49, 0xBF, 0x00, 0x00, 0x00, 0x00, 0x00, 0x80,
	0xFF, 0xFF, 0x49, 0x3B, 0xFF, 0x73, 0x04, 0x32, 0xC0, 0xEB, 0x72, 0x48,
	0x8B, 0x05, 0x06, 0x50, 0x00, 0x00, 0x48, 0x8B, 0xCF, 0xFF, 0xD0, 0x84,
	0xC0, 0x74, 0x62, 0x48, 0x3B, 0xFE, 0x72, 0x53, 0x4A, 0x8D, 0x04, 0x36,
	0x48, 0x3B, 0xF8, 0x73, 0x4A, 0x48, 0x8B, 0x4B, 0x50, 0x49, 0x3B, 0xCF,
	0x73, 0x04, 0x32, 0xC0, 0xEB, 0x47, 0x48, 0x8B, 0x05, 0xDB, 0x4F, 0x00,
	0x00, 0xFF, 0xD0, 0x84, 0xC0, 0x74, 0x3A, 0x48, 0x8B, 0x4B, 0x58, 0x49,
	0x3B, 0xCF, 0x73, 0x04, 0x32, 0xC0, 0xEB, 0x2D, 0x48, 0x8B, 0x05, 0xC1,
	0x4F, 0x00, 0x00, 0xFF, 0xD0, 0x84, 0xC0, 0x74, 0x20, 0x8B, 0x43, 0x2C,
	0x85, 0xC0, 0x74, 0x0B, 0x3D, 0xA0, 0x86, 0x01, 0x00, 0x77, 0x04, 0xB0,
	0x01, 0xEB, 0x0E, 0x32, 0xC0, 0xEB, 0x0A, 0x32, 0xC0, 0xEB, 0x06, 0x32,
	0xC0, 0xEB, 0x02, 0x32, 0xC0, 0x48, 0x8B, 0x5C, 0x24, 0x30, 0x48, 0x8B,
	0x74, 0x24, 0x38, 0x48, 0x8B, 0x7C, 0x24, 0x40, 0x4C, 0x8B, 0x74, 0x24,
	0x48, 0x48, 0x83, 0xC4, 0x20, 0x41, 0x5F, 0xC3, 0x48, 0x8B, 0xC4, 0x48,
	0x89, 0x58, 0x08, 0x48, 0x89, 0x70, 0x10, 0x48, 0x89, 0x78, 0x18, 0x4C,
	0x89, 0x60, 0x20, 0x41, 0x55, 0x41, 0x56, 0x41, 0x57, 0xB8, 0x50, 0x10,
	0x00, 0x00, 0xE8, 0xA5, 0x0E, 0x00, 0x00, 0x48, 0x2B, 0xE0, 0x41, 0xBD,
	0x01, 0x00, 0x00, 0x00, 0x41, 0x8B, 0xC5, 0xF0, 0x44, 0x0F, 0xB1, 0x2D,
	0x80, 0x53, 0x00, 0x00, 0x85, 0xC0, 0x0F, 0x84, 0x2C, 0x02, 0x00, 0x00,
	0x48, 0x8B, 0x35, 0x69, 0x53, 0x00, 0x00, 0x48, 0x85, 0xF6, 0x0F, 0x84,
	0x1C, 0x02, 0x00, 0x00, 0x48, 0x8B, 0x05, 0x29, 0x4F, 0x00, 0x00, 0x48,
	0x8B, 0xCE, 0xFF, 0xD0, 0x84, 0xC0, 0x0F, 0x84, 0x08, 0x02, 0x00, 0x00,
	0xBA, 0x00, 0x01, 0x00, 0x00, 0x48, 0x8D, 0x4C, 0x24, 0x50, 0xE8, 0xF5,
	0x79, 0xFF, 0xFF, 0x44, 0x8B, 0xE0, 0x33, 0xDB, 0x48, 0x8D, 0x0D, 0x91,
	0x50, 0x00, 0x00, 0x89, 0x5C, 0x24, 0x4C, 0x83, 0xFB, 0x1C, 0x0F, 0x83,
	0xDA, 0x01, 0x00, 0x00, 0x44, 0x8B, 0xFB, 0x48, 0x8B, 0x7C, 0xDE, 0x70,
	0x4C, 0x8D, 0x34, 0x5B, 0x4A, 0x3B, 0x3C, 0xF1, 0x0F, 0x84, 0x81, 0x00,
	0x00, 0x00, 0x48, 0xB8, 0x00, 0x00, 0x00, 0x00, 0x00, 0x80, 0xFF, 0xFF,
	0x48, 0x3B, 0xF8, 0x72, 0x45, 0x45, 0x33, 0xC0, 0x44, 0x89, 0x44, 0x24,
	0x40, 0x45, 0x3B, 0xC4, 0x73, 0x31, 0x41, 0x8B, 0xD0, 0x48, 0x03, 0xD2,
	0x48, 0x8B, 0x4C, 0xD4, 0x50, 0x48, 0x3B, 0xF9, 0x72, 0x1C, 0x8B, 0x54,
	0xD4, 0x58, 0x48, 0x03, 0xD1, 0x48, 0x3B, 0xFA, 0x73, 0x10, 0x48, 0x8B,
	0xCE, 0xE8, 0xFE, 0xFB, 0xFF, 0xFF, 0x41, 0x8A, 0xC5, 0xE9, 0x85, 0x01,
	0x00, 0x00, 0x45, 0x03, 0xC5, 0xEB, 0xC5, 0x48, 0x8D, 0x0D, 0x1A, 0x50,
	0x00, 0x00, 0x48, 0x8B, 0x05, 0x0B, 0x4F, 0x00, 0x00, 0x48, 0x85, 0xC0,
	0x74, 0x1A, 0x48, 0xC7, 0x44, 0x24, 0x20, 0x00, 0x00, 0x00, 0x00, 0x4C,
	0x8B, 0xCF, 0x4E, 0x8B, 0x04, 0xF1, 0x49, 0x8B, 0xD7, 0xB9, 0x02, 0x5E,
	0xAD, 0xDE, 0xFF, 0xD0, 0x32, 0xC0, 0xE9, 0x4C, 0x01, 0x00, 0x00, 0x48,
	0x85, 0xFF, 0x0F, 0x84, 0x32, 0x01, 0x00, 0x00, 0x48, 0x8B, 0x05, 0x4D,
	0x4E, 0x00, 0x00, 0x48, 0x8B, 0xCF, 0xFF, 0xD0, 0x84, 0xC0, 0x0F, 0x84,
	0x17, 0x01, 0x00, 0x00, 0x0F, 0x10, 0x07, 0xF3, 0x0F, 0x7F, 0x44, 0x24,
	0x30, 0x33, 0xD2, 0x4C, 0x8D, 0x05, 0xBE, 0x4F, 0x00, 0x00, 0x89, 0x54,
	0x24, 0x48, 0x83, 0xFA, 0x10, 0x0F, 0x83, 0xF8, 0x00, 0x00, 0x00, 0x4A,
	0x8D, 0x04, 0xF2, 0x42, 0x8A, 0x44, 0x00, 0x08, 0x38, 0x44, 0x14, 0x30,
	0x0F, 0x84, 0xDD, 0x00, 0x00, 0x00, 0x0F, 0xB6, 0x5C, 0x24, 0x30, 0x80,
	0xFB, 0xE9, 0x75, 0x0E, 0x48, 0x63, 0x4C, 0x24, 0x31, 0x48, 0x83, 0xC1,
	0x05, 0x48, 0x03, 0xCF, 0xEB, 0x54, 0x80, 0xFB, 0x48, 0x75, 0x1C, 0x80,
	0x7C, 0x24, 0x31, 0xB8, 0x75, 0x15, 0x80, 0x7C, 0x24, 0x3A, 0xFF, 0x75,
	0x0E, 0x80, 0x7C, 0x24, 0x3B, 0xE0, 0x75, 0x07, 0x48, 0x8B, 0x4C, 0x24,
	0x32, 0xEB, 0x33, 0x80, 0xFB, 0xFF, 0x75, 0x27, 0x80, 0x7C, 0x24, 0x31,
	0x25, 0x75, 0x20, 0x4C, 0x63, 0x74, 0x24, 0x32, 0x48, 0x8B, 0x05, 0xBD,
	0x4D, 0x00, 0x00, 0x49, 0x8D, 0x4E, 0x06, 0x48, 0x03, 0xCF, 0xFF, 0xD0,
	0x84, 0xC0, 0x74, 0x07, 0x49, 0x8B, 0x4C, 0x3E, 0x06, 0xEB, 0x07, 0x80,
	0xFB, 0xE8, 0x74, 0xA0, 0x33, 0xC9, 0x48, 0x85, 0xC9, 0x74, 0x47, 0x48,
	0xB8, 0x00, 0x00, 0x00, 0x00, 0x00, 0x80, 0xFF, 0xFF, 0x48, 0x3B, 0xC8,
	0x72, 0x38, 0x33, 0xD2, 0x89, 0x54, 0x24, 0x44, 0x41, 0x3B, 0xD4, 0x73,
	0x2D, 0x8B, 0xC2, 0x48, 0x03, 0xC0, 0x4C, 0x8B, 0x44, 0xC4, 0x50, 0x49,
	0x3B, 0xC8, 0x72, 0x19, 0x8B, 0x44, 0xC4, 0x58, 0x49, 0x03, 0xC0, 0x48,
	0x3B, 0xC8, 0x73, 0x0D, 0x48, 0x8B, 0xCE, 0xE8, 0xC0, 0xFA, 0xFF, 0xFF,
	0x41, 0x8A, 0xC5, 0xEB, 0x4A, 0x41, 0x03, 0xD5, 0xEB, 0xCA, 0x48, 0x8B,
	0x05, 0xD7, 0x4D, 0x00, 0x00, 0x48, 0x85, 0xC0, 0x74, 0x15, 0x4C, 0x8B,
	0xCB, 0x4C, 0x89, 0x6C, 0x24, 0x20, 0x4C, 0x8B, 0xC7, 0x49, 0x8B, 0xD7,
	0xB9, 0x02, 0x5E, 0xAD, 0xDE, 0xFF, 0xD0, 0x32, 0xC0, 0xEB, 0x20, 0x41,
	0x03, 0xD5, 0xE9, 0xFB, 0xFE, 0xFF, 0xFF, 0x48, 0x8D, 0x0D, 0xB2, 0x4E,
	0x00, 0x00, 0x41, 0x03, 0xDD, 0xE9, 0x19, 0xFE, 0xFF, 0xFF, 0xEB, 0x04,
	0xB0, 0x01, 0xEB, 0x03, 0x41, 0x8A, 0xC5, 0x4C, 0x8D, 0x9C, 0x24, 0x50,
	0x10, 0x00, 0x00, 0x49, 0x8B, 0x5B, 0x20, 0x49, 0x8B, 0x73, 0x28, 0x49,
	0x8B, 0x7B, 0x30, 0x4D, 0x8B, 0x63, 0x38, 0x49, 0x8B, 0xE3, 0x41, 0x5F,
	0x41, 0x5E, 0x41, 0x5D, 0xC3, 0xCC, 0xCC, 0xCC, 0x40, 0x53, 0x56, 0x57,
	0x41, 0x54, 0x41, 0x55, 0x41, 0x56, 0x41, 0x57, 0xB8, 0x50, 0x10, 0x00,
	0x00, 0xE8, 0x1E, 0x0C, 0x00, 0x00, 0x48, 0x2B, 0xE0, 0x4C, 0x8B, 0x35,
	0x4C, 0x51, 0x00, 0x00, 0x4C, 0x89, 0x74, 0x24, 0x48, 0x44, 0x8B, 0x3D,
	0x48, 0x51, 0x00, 0x00, 0x33, 0xDB, 0x4D, 0x85, 0xF6, 0x0F, 0x84, 0x5B,
	0x03, 0x00, 0x00, 0x45, 0x85, 0xFF, 0x0F, 0x84, 0x52, 0x03, 0x00, 0x00,
	0x48, 0x8B, 0x05, 0xA5, 0x4C, 0x00, 0x00, 0x49, 0x8B, 0xCE, 0xFF, 0xD0,
	0x84, 0xC0, 0x0F, 0x84, 0x3E, 0x03, 0x00, 0x00, 0x41, 0x8B, 0xD7, 0x49,
	0x8B, 0xCE, 0xE8, 0x51, 0xF5, 0xFF, 0xFF, 0x48, 0x8B, 0xF0, 0x48, 0x85,
	0xC0, 0x0F, 0x84, 0xB0, 0x00, 0x00, 0x00, 0x83, 0xCF, 0xFF, 0x8B, 0xC7,
	0xF0, 0x0F, 0xB1, 0x3D, 0x04, 0x46, 0x00, 0x00, 0x85, 0xC0, 0x78, 0x05,
	0x0F, 0x95, 0xC0, 0xEB, 0x12, 0xE8, 0xDA, 0x9E, 0xFF, 0xFF, 0x8B, 0xCB,
	0x84, 0xC0, 0x0F, 0x95, 0xC1, 0x87, 0x0D, 0xE9, 0x45, 0x00, 0x00, 0x84,
	0xC0, 0x0F, 0x85, 0xF7, 0x02, 0x00, 0x00, 0x48, 0x8B, 0xFE, 0x49, 0x2B,
	0xFE, 0x8B, 0xFF, 0x48, 0x8B, 0x05, 0xD2, 0x50, 0x00, 0x00, 0x8A, 0x0C,
	0x07, 0x88, 0x8C, 0x24, 0x90, 0x10, 0x00, 0x00, 0x41, 0xB8, 0x01, 0x00,
	0x00, 0x00, 0x48, 0x8D, 0x94, 0x24, 0x90, 0x10, 0x00, 0x00, 0x48, 0x8B,
	0xCE, 0xE8, 0x1E, 0xF3, 0xFF, 0xFF, 0x84, 0xC0, 0x0F, 0x85, 0xC0, 0x02,
	0x00, 0x00, 0xB8, 0x01, 0x00, 0x00, 0x00, 0xF0, 0x0F, 0xC1, 0x05, 0xA5,
	0x50, 0x00, 0x00, 0xFF, 0xC0, 0x83, 0xF8, 0x05, 0x0F, 0x8C, 0xA8, 0x02,
	0x00, 0x00, 0x48, 0x8B, 0x05, 0x83, 0x4C, 0x00, 0x00, 0x48, 0x85, 0xC0,
	0x0F, 0x84, 0x2D, 0x03, 0x00, 0x00, 0x48, 0xC7, 0x44, 0x24, 0x20, 0x01,
	0x00, 0x00, 0x00, 0x44, 0x8B, 0xCF, 0x41, 0xB8, 0xCC, 0x00, 0x00, 0x00,
	0x48, 0x8B, 0xD6, 0xB9, 0x01, 0x5E, 0xAD, 0xDE, 0xFF, 0xD0, 0xE9, 0x0C,
	0x03, 0x00, 0x00, 0x41, 0xBC, 0xFF, 0xFF, 0xFF, 0xFF, 0x41, 0x8B, 0xF4,
	0x45, 0x8B, 0xEF, 0x8B, 0xCB, 0x41, 0x83, 0xE5, 0xF8, 0x74, 0x11, 0x8B,
	0xC1, 0xF2, 0x4A, 0x0F, 0x38, 0xF1, 0x34, 0x30, 0x83, 0xC1, 0x08, 0x41,
	0x3B, 0xCD, 0x72, 0xEF, 0x45, 0x3B, 0xEF, 0x73, 0x1C, 0x41, 0x8B, 0xCD,
	0x49, 0x03, 0xCE, 0x41, 0x8B, 0xD7, 0x41, 0x2B, 0xD5, 0xF2, 0x0F, 0x38,
	0xF0, 0x31, 0x8B, 0xF6, 0x48, 0xFF, 0xC1, 0x48, 0x83, 0xEA, 0x01, 0x75,
	0xF0, 0xF7, 0xD6, 0x89, 0xB4, 0x24, 0x98, 0x10, 0x00, 0x00, 0x8B, 0x05,
	0xF8, 0x4F, 0x00, 0x00, 0x3B, 0xF0, 0x0F, 0x84, 0x14, 0x02, 0x00, 0x00,
	0x41, 0x8B, 0xD7, 0x49, 0x8B, 0xCE, 0xE8, 0xB1, 0xA1, 0xFF, 0xFF, 0x89,
	0x84, 0x24, 0xA0, 0x10, 0x00, 0x00, 0x41, 0x3B, 0xC4, 0x0F, 0x84, 0x27,
	0x02, 0x00, 0x00, 0x8B, 0xC8, 0x48, 0x89, 0x4C, 0x24, 0x40, 0x4E, 0x8D,
	0x0C, 0x31, 0x4C, 0x89, 0x8C, 0x24, 0xA8, 0x10, 0x00, 0x00, 0x0F, 0x57,
	0xC0, 0x0F, 0x11, 0x44, 0x24, 0x30, 0x41, 0x8B, 0xD7, 0x2B, 0xD0, 0x89,
	0x94, 0x24, 0x90, 0x10, 0x00, 0x00, 0x8B, 0xCA, 0xB8, 0x10, 0x00, 0x00,
	0x00, 0x3B, 0xD0, 0x0F, 0x47, 0xC8, 0x44, 0x8B, 0xC1, 0x49, 0x8B, 0xD1,
	0x48, 0x8D, 0x4C, 0x24, 0x30, 0xE8, 0x26, 0x0B, 0x00, 0x00, 0x90, 0x48,
	0x8B, 0x8C, 0x24, 0xA8, 0x10, 0x00, 0x00, 0x48, 0x85, 0xC9, 0x0F, 0x84,
	0x84, 0x00, 0x00, 0x00, 0x40, 0x8A, 0x7C, 0x24, 0x30, 0x40, 0x80, 0xFF,
	0xE9, 0x75, 0x0E, 0x48, 0x63, 0x7C, 0x24, 0x31, 0x48, 0x83, 0xC7, 0x05,
	0x48, 0x03, 0xF9, 0xEB, 0x6E, 0x40, 0x80, 0xFF, 0x48, 0x75, 0x1C, 0x80,
	0x7C, 0x24, 0x31, 0xB8, 0x75, 0x15, 0x80, 0x7C, 0x24, 0x3A, 0xFF, 0x75,
	0x0E, 0x80, 0x7C, 0x24, 0x3B, 0xE0, 0x75, 0x07, 0x48, 0x8B, 0x7C, 0x24,
	0x32, 0xEB, 0x4C, 0x40, 0x80, 0xFF, 0xFF, 0x75, 0x3D, 0x80, 0x7C, 0x24,
	0x31, 0x25, 0x75, 0x36, 0x48, 0x63, 0x44, 0x24, 0x32, 0x48, 0x83, 0xC0,
	0x06, 0x48, 0x03, 0xC8, 0x48, 0x89, 0x8C, 0x24, 0x98, 0x10, 0x00, 0x00,
	0x48, 0x8B, 0x05, 0xA1, 0x4A, 0x00, 0x00, 0xFF, 0xD0, 0x84, 0xC0, 0x74,
	0x0D, 0x48, 0x8B, 0xBC, 0x24, 0x98, 0x10, 0x00, 0x00, 0x48, 0x8B, 0x3F,
	0xEB, 0x11, 0x48, 0x8B, 0x8C, 0x24, 0xA8, 0x10, 0x00, 0x00, 0x40, 0x80,
	0xFF, 0xE8, 0x74, 0x87, 0x48, 0x8B, 0xFB, 0x48, 0x85, 0xFF, 0x74, 0x6E,
	0xBA, 0x00, 0x01, 0x00, 0x00, 0x48, 0x8D, 0x4C, 0x24, 0x50, 0xE8, 0x51,
	0x75, 0xFF, 0xFF, 0x44, 0x8B, 0xC0, 0x48, 0xB8, 0x00, 0x00, 0x00, 0x00,
	0x00, 0x80, 0xFF, 0xFF, 0x48, 0x3B, 0xF8, 0x72, 0x4D, 0x8B, 0xCB, 0x45,
	0x85, 0xC0, 0x74, 0x46, 0x8B, 0xD1, 0x48, 0x03, 0xD2, 0x4C, 0x8B, 0x4C,
	0xD4, 0x50, 0x49, 0x3B, 0xF9, 0x72, 0x30, 0x8B, 0x44, 0xD4, 0x58, 0x49,
	0x03, 0xC1, 0x48, 0x3B, 0xF8, 0x73, 0x24, 0x89, 0x35, 0xAB, 0x4E, 0x00,
	0x00, 0x4D, 0x8B, 0xC7, 0x49, 0x8B, 0xD6, 0x48, 0x8B, 0x0D, 0xB2, 0x4E,
	0x00, 0x00, 0xE8, 0x2D, 0x0A, 0x00, 0x00, 0xE9, 0xB8, 0x00, 0x00, 0x00,
	0x33, 0xDB, 0xE9, 0xB1, 0x00, 0x00, 0x00, 0xFF, 0xC1, 0x41, 0x3B, 0xC8,
	0x72, 0xBA, 0x83, 0xCF, 0xFF, 0x8B, 0xC7, 0xF0, 0x0F, 0xB1, 0x3D, 0x8D,
	0x43, 0x00, 0x00, 0x85, 0xC0, 0x78, 0x05, 0x0F, 0x95, 0xC0, 0xEB, 0x12,
	0xE8, 0x63, 0x9C, 0xFF, 0xFF, 0x8B, 0xCB, 0x84, 0xC0, 0x0F, 0x95, 0xC1,
	0x87, 0x0D, 0x72, 0x43, 0x00, 0x00, 0x84, 0xC0, 0x0F, 0x85, 0xAB, 0x00,
	0x00, 0x00, 0xB9, 0x40, 0x00, 0x00, 0x00, 0x8B, 0x84, 0x24, 0x90, 0x10,
	0x00, 0x00, 0x3B, 0xC1, 0x0F, 0x47, 0xC1, 0x44, 0x8B, 0xC0, 0x48, 0x8B,
	0x54, 0x24, 0x40, 0x48, 0x03, 0x15, 0x4A, 0x4E, 0x00, 0x00, 0x48, 0x8B,
	0x8C, 0x24, 0xA8, 0x10, 0x00, 0x00, 0xE8, 0xA9, 0xF0, 0xFF, 0xFF, 0x84,
	0xC0, 0x74, 0x7A, 0x8B, 0xCB, 0x45, 0x85, 0xED, 0x74, 0x11, 0x8B, 0xC1,
	0xF2, 0x4E, 0x0F, 0x38, 0xF1, 0x24, 0x30, 0x83, 0xC1, 0x08, 0x41, 0x3B,
	0xCD, 0x72, 0xEF, 0x45, 0x3B, 0xEF, 0x73, 0x1E, 0x41, 0x8B, 0xCD, 0x49,
	0x03, 0xCE, 0x45, 0x2B, 0xFD, 0x41, 0x8B, 0xC7, 0xF2, 0x44, 0x0F, 0x38,
	0xF0, 0x21, 0x45, 0x8B, 0xE4, 0x48, 0xFF, 0xC1, 0x48, 0x83, 0xE8, 0x01,
	0x75, 0xEE, 0x41, 0xF7, 0xD4, 0x8B, 0x0D, 0xE1, 0x4D, 0x00, 0x00, 0x44,
	0x3B, 0xE1, 0x75, 0x31, 0x87, 0x1D, 0xF2, 0x4D, 0x00, 0x00, 0xB0, 0x01,
	0x48, 0x81, 0xC4, 0x50, 0x10, 0x00, 0x00, 0x41, 0x5F, 0x41, 0x5E, 0x41,
	0x5D, 0x41, 0x5C, 0x5F, 0x5E, 0x5B, 0xC3, 0x33, 0xDB, 0x83, 0xCF, 0xFF,
	0x4C, 0x8B, 0x74, 0x24, 0x48, 0x8B, 0xB4, 0x24, 0x98, 0x10, 0x00, 0x00,
	0xEB, 0x03, 0x83, 0xCF, 0xFF, 0xB8, 0x01, 0x00, 0x00, 0x00, 0xF0, 0x0F,
	0xC1, 0x05, 0xBA, 0x4D, 0x00, 0x00, 0xFF, 0xC0, 0x83, 0xF8, 0x05, 0x7C,
	0xC1, 0x8B, 0xC7, 0xF0, 0x0F, 0xB1, 0x3D, 0xA1, 0x42, 0x00, 0x00, 0x85,
	0xC0, 0x78, 0x05, 0x0F, 0x95, 0xC0, 0xEB, 0x12, 0xE8, 0x77, 0x9B, 0xFF,
	0xFF, 0x8B, 0xCB, 0x84, 0xC0, 0x0F, 0x95, 0xC1, 0x87, 0x0D, 0x86, 0x42,
	0x00, 0x00, 0x84, 0xC0, 0x75, 0x98, 0x4C, 0x8B, 0x15, 0x73, 0x49, 0x00,
	0x00, 0x4D, 0x85, 0xD2, 0x74, 0x21, 0x44, 0x8B, 0xCE, 0x44, 0x8B, 0x05,
	0x58, 0x4D, 0x00, 0x00, 0x8B, 0x94, 0x24, 0xA0, 0x10, 0x00, 0x00, 0x49,
	0x03, 0xD6, 0x48, 0x89, 0x5C, 0x24, 0x20, 0xB9, 0x01, 0x5E, 0xAD, 0xDE,
	0x41, 0xFF, 0xD2, 0x32, 0xC0, 0xE9, 0x66, 0xFF, 0xFF, 0xFF, 0xCC, 0xCC,
	0x48, 0x89, 0x5C, 0x24, 0x08, 0x48, 0x89, 0x74, 0x24, 0x10, 0x57, 0x48,
	0x83, 0xEC, 0x40, 0xBF, 0x01, 0x00, 0x00, 0x00, 0x8B, 0xC7, 0xF0, 0x0F,
	0xB1, 0x3D, 0xBE, 0x4D, 0x00, 0x00, 0x33, 0xDB, 0x85, 0xC0, 0x0F, 0x84,
	0xB4, 0x01, 0x00, 0x00, 0x48, 0x8B, 0x0D, 0x95, 0x4D, 0x00, 0x00, 0x48,
	0x85, 0xC9, 0x0F, 0x84, 0xA4, 0x01, 0x00, 0x00, 0x48, 0x8B, 0x05, 0x7D,
	0x48, 0x00, 0x00, 0xFF, 0xD0, 0x84, 0xC0, 0x0F, 0x84, 0x93, 0x01, 0x00,
	0x00, 0x48, 0x8B, 0x0D, 0x74, 0x4D, 0x00, 0x00, 0x4C, 0x8B, 0x59, 0x30,
	0x4D, 0x85, 0xDB, 0x75, 0x08, 0x40, 0x8A, 0xC7, 0xE9, 0x7E, 0x01, 0x00,
	0x00, 0x48, 0x8B, 0x05, 0x5C, 0x4D, 0x00, 0x00, 0x48, 0x8B, 0x48, 0x40,
	0x0F, 0x31, 0x48, 0xC1, 0xE2, 0x20, 0x48, 0x0B, 0xC2, 0x4C, 0x8B, 0xC0,
	0x4C, 0x2B, 0xC1, 0x48, 0xB8, 0x00, 0xAC, 0x23, 0xFC, 0x06, 0x00, 0x00,
	0x00, 0x4C, 0x3B, 0xC0, 0x73, 0x08, 0x40, 0x8A, 0xC7, 0xE9, 0x4D, 0x01,
	0x00, 0x00, 0x48, 0x8B, 0x05, 0x2B, 0x4D, 0x00, 0x00, 0x48, 0x8B, 0x70,
	0x38, 0x48, 0xB9, 0x46, 0x2A, 0xC8, 0x5B, 0x9E, 0x1D, 0x3F, 0x7A, 0x49,
	0x8B, 0xC3, 0x48, 0x33, 0xC1, 0x48, 0x8B, 0xC8, 0x48, 0xC1, 0xE9, 0x21,
	0x48, 0x33, 0xC8, 0x48, 0xB8, 0xCD, 0x8C, 0x55, 0xED, 0xD7, 0xAF, 0x51,
	0xFF, 0x48, 0x0F, 0xAF, 0xC8, 0x48, 0x8B, 0xD1, 0x48, 0xC1, 0xEA, 0x21,
	0x48, 0x33, 0xD1, 0x48, 0xB8, 0x53, 0xEC, 0x85, 0x1A, 0xFE, 0xB9, 0xCE,
	0xC4, 0x48, 0x0F, 0xAF, 0xD0, 0x48, 0x8B, 0xC2, 0x48, 0xC1, 0xE8, 0x21,
	0x48, 0x33, 0xC2, 0x48, 0x3B, 0xF0, 0x75, 0x1B, 0x8B, 0xC3, 0x87, 0x05,
	0x00, 0x4D, 0x00, 0x00, 0x48, 0x8B, 0x0D, 0xC9, 0x4C, 0x00, 0x00, 0x48,
	0x87, 0x59, 0x30, 0x40, 0x8A, 0xC7, 0xE9, 0xD8, 0x00, 0x00, 0x00, 0x48,
	0xB8, 0x00, 0x04, 0x6B, 0xF4, 0x14, 0x00, 0x00, 0x00, 0x4C, 0x3B, 0xC0,
	0x0F, 0x86, 0xBB, 0x00, 0x00, 0x00, 0x44, 0x8B, 0xC7, 0xF0, 0x44, 0x0F,
	0xC1, 0x05, 0xCE, 0x4C, 0x00, 0x00, 0x44, 0x03, 0xC7, 0x41, 0x83, 0xF8,
	0x03, 0x0F, 0x8C, 0x97, 0x00, 0x00, 0x00, 0x0F, 0x31, 0x48, 0xC1, 0xE2,
	0x20, 0x48, 0x0B, 0xC2, 0x4C, 0x8B, 0x0D, 0xA9, 0x4C, 0x00, 0x00, 0x8B,
	0x15, 0x9B, 0x4C, 0x00, 0x00, 0x4D, 0x85, 0xC9, 0x74, 0x15, 0x48, 0x8B,
	0xC8, 0x49, 0x2B, 0xC9, 0x49, 0xB9, 0x00, 0x0C, 0x41, 0xDD, 0x3E, 0x00,
	0x00, 0x00, 0x49, 0x3B, 0xC9, 0x76, 0x02, 0x8B, 0xD3, 0x83, 0xCA, 0x02,
	0x89, 0x15, 0x76, 0x4C, 0x00, 0x00, 0x48, 0x89, 0x05, 0x77, 0x4C, 0x00,
	0x00, 0x8B, 0xCA, 0x89, 0x54, 0x24, 0x30, 0x44, 0x8B, 0xCB, 0x89, 0x5C,
	0x24, 0x38, 0x85, 0xC9, 0x74, 0x13, 0x8D, 0x41, 0xFF, 0x23, 0xC8, 0x89,
	0x4C, 0x24, 0x30, 0x44, 0x03, 0xCF, 0x44, 0x89, 0x4C, 0x24, 0x38, 0xEB,
	0xE9, 0x41, 0x83, 0xF9, 0x02, 0x72, 0x24, 0x4C, 0x8B, 0x15, 0x9E, 0x47,
	0x00, 0x00, 0x4D, 0x85, 0xD2, 0x74, 0x1B, 0x49, 0x63, 0xC0, 0x48, 0x89,
	0x44, 0x24, 0x20, 0x4C, 0x8B, 0xCE, 0x4D, 0x8B, 0xC3, 0xB9, 0x08, 0x5E,
	0xAD, 0xDE, 0x41, 0xFF, 0xD2, 0xEB, 0x03, 0x40, 0x8A, 0xDF, 0x8A, 0xC3,
	0xEB, 0x15, 0x48, 0x8B, 0x05, 0xF3, 0x4B, 0x00, 0x00, 0x48, 0x87, 0x58,
	0x30, 0xEB, 0x05, 0xBF, 0x01, 0x00, 0x00, 0x00, 0x40, 0x8A, 0xC7, 0x48,
	0x8B, 0x5C, 0x24, 0x50, 0x48, 0x8B, 0x74, 0x24, 0x58, 0x48, 0x83, 0xC4,
	0x40, 0x5F, 0xC3, 0xCC, 0x48, 0x89, 0x5C, 0x24, 0x08, 0x48, 0x89, 0x74,
	0x24, 0x10, 0x57, 0x48, 0x83, 0xEC, 0x40, 0x48, 0x8B, 0x05, 0x4E, 0x70,
	0x00, 0x00, 0x48, 0x85, 0xC0, 0x0F, 0x84, 0x6B, 0x01, 0x00, 0x00, 0x48,
	0x8B, 0x0D, 0x76, 0x42, 0x00, 0x00, 0x48, 0x85, 0xC9, 0x0F, 0x84, 0x5B,
	0x01, 0x00, 0x00, 0x48, 0x8B, 0x05, 0x96, 0x46, 0x00, 0x00, 0xFF, 0xD0,
	0x84, 0xC0, 0x0F, 0x84, 0x4A, 0x01, 0x00, 0x00, 0x48, 0x8B, 0x05, 0x55,
	0x42, 0x00, 0x00, 0x48, 0x8B, 0x48, 0x28, 0x48, 0x85, 0xC9, 0x0F, 0x84,
	0x36, 0x01, 0x00, 0x00, 0x48, 0x8B, 0x05, 0x71, 0x46, 0x00, 0x00, 0xFF,
	0xD0, 0x84, 0xC0, 0x0F, 0x84, 0x25, 0x01, 0x00, 0x00, 0x48, 0x8B, 0x05,
	0x30, 0x42, 0x00, 0x00, 0x48, 0x8B, 0x70, 0x28, 0x48, 0x8B, 0x1E, 0xBF,
	0x00, 0x02, 0x00, 0x00, 0x89, 0x7C, 0x24, 0x30, 0x48, 0x85, 0xDB, 0x74,
	0x4D, 0x48, 0x3B, 0xDE, 0x74, 0x48, 0x8B, 0xC7, 0xFF, 0xCF, 0x89, 0x7C,
	0x24, 0x30, 0x85, 0xC0, 0x74, 0x3C, 0x48, 0x8B, 0x05, 0x33, 0x46, 0x00,
	0x00, 0x48, 0x8B, 0xCB, 0xFF, 0xD0, 0x84, 0xC0, 0x74, 0x2C, 0x48, 0x8B,
	0x05, 0x23, 0x46, 0x00, 0x00, 0x48, 0x8B, 0xCB, 0xFF, 0xD0, 0x84, 0xC0,
	0x74, 0x17, 0x48, 0x8B, 0x4B, 0x30, 0x48, 0x8B, 0x05, 0xA7, 0x6F, 0x00,
	0x00, 0x48, 0x3B, 0xC8, 0x75, 0x07, 0xB0, 0x01, 0xE9, 0xC3, 0x00, 0x00,
	0x00, 0x48, 0x8B, 0x1B, 0xEB, 0xAE, 0x48, 0x8B, 0x05, 0x8F, 0x6F, 0x00,
	0x00, 0x48, 0x85, 0xC0, 0x74, 0x24, 0x8B, 0x05, 0x7C, 0x6F, 0x00, 0x00,
	0x85, 0xC0, 0x74, 0x1A, 0x8B, 0x15, 0x72, 0x6F, 0x00, 0x00, 0x48, 0x8B,
	0x0D, 0x73, 0x6F, 0x00, 0x00, 0xE8, 0xF6, 0xE3, 0xFF, 0xFF, 0x84, 0xC0,
	0x0F, 0x85, 0x8C, 0x00, 0x00, 0x00, 0x44, 0x8B, 0x0D, 0x57, 0x6F, 0x00,
	0x00, 0x4C, 0x8B, 0x1D, 0x58, 0x6F, 0x00, 0x00, 0x0F, 0x31, 0x48, 0xC1,
	0xE2, 0x20, 0x48, 0x0B, 0xC2, 0x4C, 0x8B, 0x05, 0xE0, 0x4A, 0x00, 0x00,
	0x8B, 0x15, 0xD2, 0x4A, 0x00, 0x00, 0x4D, 0x85, 0xC0, 0x74, 0x15, 0x48,
	0x8B, 0xC8, 0x49, 0x2B, 0xC8, 0x49, 0xB8, 0x00, 0x0C, 0x41, 0xDD, 0x3E,
	0x00, 0x00, 0x00, 0x49, 0x3B, 0xC8, 0x76, 0x02, 0x33, 0xD2, 0x83, 0xCA,
	0x04, 0x89, 0x15, 0xAD, 0x4A, 0x00, 0x00, 0x48, 0x89, 0x05, 0xAE, 0x4A,
	0x00, 0x00, 0x8B, 0xCA, 0x45, 0x33, 0xD2, 0x8D, 0x41, 0xFF, 0x41, 0xFF,
	0xC2, 0x23, 0xC8, 0x75, 0xF6, 0x41, 0x83, 0xFA, 0x02, 0x72, 0x1F, 0x48,
	0x8B, 0x05, 0xEA, 0x45, 0x00, 0x00, 0x48, 0x85, 0xC0, 0x74, 0x13, 0x48,
	0xC7, 0x44, 0x24, 0x20, 0x00, 0x00, 0x00, 0x00, 0x4D, 0x8B, 0xC3, 0xB9,
	0x08, 0x5E, 0xAD, 0xDE, 0xFF, 0xD0, 0x32, 0xC0, 0xEB, 0x06, 0xB0, 0x01,
	0xEB, 0x02, 0xB0, 0x01, 0x48, 0x8B, 0x5C, 0x24, 0x50, 0x48, 0x8B, 0x74,
	0x24, 0x58, 0x48, 0x83, 0xC4, 0x40, 0x5F, 0xC3, 0x40, 0x53, 0x56, 0x57,
	0x41, 0x54, 0x41, 0x55, 0x41, 0x56, 0x41, 0x57, 0xB8, 0x60, 0x10, 0x00,
	0x00, 0xE8, 0x62, 0x04, 0x00, 0x00, 0x48, 0x2B, 0xE0, 0xBF, 0x01, 0x00,
	0x00, 0x00, 0x8B, 0xC7, 0xF0, 0x0F, 0xB1, 0x3D, 0xB4, 0x49, 0x00, 0x00,
	0x33, 0xDB, 0x85, 0xC0, 0x0F, 0x84, 0x2E, 0x03, 0x00, 0x00, 0x4C, 0x8B,
	0x2D, 0x97, 0x49, 0x00, 0x00, 0x4C, 0x89, 0xAC, 0x24, 0xB8, 0x10, 0x00,
	0x00, 0x4C, 0x89, 0x6C, 0x24, 0x48, 0x44, 0x8B, 0x3D, 0x8B, 0x49, 0x00,
	0x00, 0x44, 0x89, 0xBC, 0x24, 0xA8, 0x10, 0x00, 0x00, 0x4D, 0x85, 0xED,
	0x0F, 0x84, 0x02, 0x03, 0x00, 0x00, 0x45, 0x85, 0xFF, 0x0F, 0x84, 0xF9,
	0x02, 0x00, 0x00, 0x48, 0x8B, 0x05, 0xC2, 0x44, 0x00, 0x00, 0x49, 0x8B,
	0xCD, 0xFF, 0xD0, 0x84, 0xC0, 0x0F, 0x84, 0xE5, 0x02, 0x00, 0x00, 0xBE,
	0xFF, 0xFF, 0xFF, 0xFF, 0x44, 0x8B, 0xF6, 0x45, 0x8B, 0xE7, 0x41, 0x83,
	0xE4, 0xF8, 0x44, 0x89, 0xA4, 0x24, 0xB0, 0x10, 0x00, 0x00, 0x8B, 0xCB,
	0x74, 0x14, 0x49, 0x8B, 0xD5, 0x8B, 0xC1, 0xF2, 0x4C, 0x0F, 0x38, 0xF1,
	0x34, 0x10, 0x83, 0xC1, 0x08, 0x41, 0x3B, 0xCC, 0x72, 0xEF, 0x45, 0x3B,
	0xE7, 0x73, 0x1D, 0x41, 0x8B, 0xCC, 0x49, 0x03, 0xCD, 0x41, 0x8B, 0xD7,
	0x41, 0x2B, 0xD4, 0xF2, 0x44, 0x0F, 0x38, 0xF0, 0x31, 0x45, 0x8B, 0xF6,
	0x48, 0x03, 0xCF, 0x48, 0x2B, 0xD7, 0x75, 0xEF, 0x41, 0xF7, 0xD6, 0x44,
	0x89, 0xB4, 0x24, 0xA0, 0x10, 0x00, 0x00, 0x8B, 0x05, 0xEF, 0x48, 0x00,
	0x00, 0x44, 0x3B, 0xF0, 0x0F, 0x84, 0x74, 0x02, 0x00, 0x00, 0x44, 0x8B,
	0xC6, 0x4C, 0x8B, 0x0D, 0x18, 0x49, 0x00, 0x00, 0x4D, 0x85, 0xC9, 0x74,
	0x5D, 0x8B, 0xD3, 0x89, 0x5C, 0x24, 0x40, 0x41, 0x3B, 0xD7, 0x73, 0x1D,
	0x8B, 0xCA, 0x42, 0x8A, 0x04, 0x09, 0x42, 0x38, 0x04, 0x29, 0x74, 0x09,
	0x44, 0x8B, 0xC2, 0x89, 0x54, 0x24, 0x44, 0xEB, 0x08, 0x03, 0xD7, 0x89,
	0x54, 0x24, 0x40, 0xEB, 0xDE, 0xEB, 0x33, 0x41, 0x83, 0xC8, 0xFF, 0x44,
	0x89, 0x44, 0x24, 0x44, 0xBF, 0x01, 0x00, 0x00, 0x00, 0x33, 0xDB, 0x41,
	0x8B, 0xF0, 0x44, 0x8B, 0xBC, 0x24, 0xA8, 0x10, 0x00, 0x00, 0x44, 0x8B,
	0xB4, 0x24, 0xA0, 0x10, 0x00, 0x00, 0x44, 0x8B, 0xA4, 0x24, 0xB0, 0x10,
	0x00, 0x00, 0x4C, 0x8B, 0xAC, 0x24, 0xB8, 0x10, 0x00, 0x00, 0x44, 0x3B,
	0xC6, 0x0F, 0x84, 0x34, 0x02, 0x00, 0x00, 0x41, 0x8B, 0xC0, 0x48, 0x89,
	0x44, 0x24, 0x50, 0x4A, 0x8D, 0x0C, 0x28, 0x48, 0x89, 0x8C, 0x24, 0xB0,
	0x10, 0x00, 0x00, 0x0F, 0x57, 0xC0, 0x0F, 0x11, 0x44, 0x24, 0x30, 0x41,
	0x8B, 0xD7, 0x41, 0x2B, 0xD0, 0x89, 0x94, 0x24, 0xA8, 0x10, 0x00, 0x00,
	0x8B, 0xC2, 0x41, 0xB8, 0x10, 0x00, 0x00, 0x00, 0x41, 0x3B, 0xD0, 0x41,
	0x0F, 0x47, 0xC0, 0x44, 0x8B, 0xC0, 0x48, 0x8B, 0xD1, 0x48, 0x8D, 0x4C,
	0x24, 0x30, 0xE8, 0x9D, 0x03, 0x00, 0x00, 0x90, 0x48, 0x8B, 0x8C, 0x24,
	0xB0, 0x10, 0x00, 0x00, 0x48, 0x85, 0xC9, 0x0F, 0x84, 0x85, 0x00, 0x00,
	0x00, 0x44, 0x8A, 0x6C, 0x24, 0x30, 0x41, 0x80, 0xFD, 0xE9, 0x75, 0x0E,
	0x4C, 0x63, 0x6C, 0x24, 0x31, 0x49, 0x83, 0xC5, 0x05, 0x4C, 0x03, 0xE9,
	0xEB, 0x6F, 0x41, 0x80, 0xFD, 0x48, 0x75, 0x1C, 0x80, 0x7C, 0x24, 0x31,
	0xB8, 0x75, 0x15, 0x80, 0x7C, 0x24, 0x3A, 0xFF, 0x75, 0x0E, 0x80, 0x7C,
	0x24, 0x3B, 0xE0, 0x75, 0x07, 0x4C, 0x8B, 0x6C, 0x24, 0x32, 0xEB, 0x4D,
	0x41, 0x80, 0xFD, 0xFF, 0x75, 0x3E, 0x80, 0x7C, 0x24, 0x31, 0x25, 0x75,
	0x37, 0x48, 0x63, 0x44, 0x24, 0x32, 0x48, 0x83, 0xC0, 0x06, 0x48, 0x03,
	0xC8, 0x48, 0x89, 0x8C, 0x24, 0xA0, 0x10, 0x00, 0x00, 0x48, 0x8B, 0x05,
	0x18, 0x43, 0x00, 0x00, 0xFF, 0xD0, 0x84, 0xC0, 0x74, 0x0E, 0x4C, 0x8B,
	0xAC, 0x24, 0xA0, 0x10, 0x00, 0x00, 0x4D, 0x8B, 0x6D, 0x00, 0xEB, 0x11,
	0x48, 0x8B, 0x8C, 0x24, 0xB0, 0x10, 0x00, 0x00, 0x41, 0x80, 0xFD, 0xE8,
	0x74, 0x86, 0x4C, 0x8B, 0xEB, 0x4D, 0x85, 0xED, 0x0F, 0x84, 0x82, 0x00,
	0x00, 0x00, 0xBA, 0x00, 0x01, 0x00, 0x00, 0x48, 0x8D, 0x4C, 0x24, 0x60,
	0xE8, 0xC3, 0x6D, 0xFF, 0xFF, 0x44, 0x8B, 0xC0, 0x48, 0xB8, 0x00, 0x00,
	0x00, 0x00, 0x00, 0x80, 0xFF, 0xFF, 0x4C, 0x3B, 0xE8, 0x72, 0x61, 0x8B,
	0xCB, 0x45, 0x85, 0xC0, 0x74, 0x5A, 0x8B, 0xD1, 0x48, 0x03, 0xD2, 0x4C,
	0x8B, 0x4C, 0xD4, 0x60, 0x4D, 0x3B, 0xE9, 0x72, 0x44, 0x8B, 0x44, 0xD4,
	0x68, 0x49, 0x03, 0xC1, 0x4C, 0x3B, 0xE8, 0x73, 0x38, 0x44, 0x89, 0x35,
	0x3C, 0x47, 0x00, 0x00, 0x48, 0x8B, 0x0D, 0x71, 0x47, 0x00, 0x00, 0x48,
	0x85, 0xC9, 0x0F, 0x84, 0xBA, 0x00, 0x00, 0x00, 0x45, 0x8B, 0xC7, 0x48,
	0x8B, 0x94, 0x24, 0xB8, 0x10, 0x00, 0x00, 0xE8, 0x90, 0x02, 0x00, 0x00,
	0xE9, 0xA5, 0x00, 0x00, 0x00, 0xBF, 0x01, 0x00, 0x00, 0x00, 0x33, 0xDB,
	0xE9, 0x99, 0x00, 0x00, 0x00, 0x03, 0xCF, 0x41, 0x3B, 0xC8, 0x72, 0xA6,
	0x48, 0x8B, 0x05, 0x39, 0x47, 0x00, 0x00, 0x48, 0x85, 0xC0, 0x0F, 0x84,
	0xB7, 0x00, 0x00, 0x00, 0xBA, 0x40, 0x00, 0x00, 0x00, 0x8B, 0x8C, 0x24,
	0xA8, 0x10, 0x00, 0x00, 0x3B, 0xCA, 0x0F, 0x47, 0xCA, 0x44, 0x8B, 0xC1,
	0x48, 0x8B, 0x54, 0x24, 0x50, 0x48, 0x03, 0xD0, 0x48, 0x8B, 0x8C, 0x24,
	0xB0, 0x10, 0x00, 0x00, 0xE8, 0x2B, 0xE9, 0xFF, 0xFF, 0x84, 0xC0, 0x0F,
	0x84, 0x86, 0x00, 0x00, 0x00, 0x8B, 0xCB, 0x45, 0x85, 0xE4, 0x74, 0x16,
	0x48, 0x8B, 0x54, 0x24, 0x48, 0x8B, 0xC1, 0xF2, 0x48, 0x0F, 0x38, 0xF1,
	0x34, 0x10, 0x83, 0xC1, 0x08, 0x41, 0x3B, 0xCC, 0x72, 0xEF, 0x4C, 0x8B,
	0xAC, 0x24, 0xB8, 0x10, 0x00, 0x00, 0x45, 0x3B, 0xE7, 0x73, 0x1B, 0x41,
	0x8B, 0xCC, 0x49, 0x03, 0xCD, 0x45, 0x2B, 0xFC, 0x41, 0x8B, 0xC7, 0xF2,
	0x0F, 0x38, 0xF0, 0x31, 0x8B, 0xF6, 0x48, 0x03, 0xCF, 0x48, 0x2B, 0xC7,
	0x75, 0xF1, 0xF7, 0xD6, 0x8B, 0x0D, 0x76, 0x46, 0x00, 0x00, 0x3B, 0xF1,
	0x75, 0x3D, 0x87, 0x1D, 0xB0, 0x46, 0x00, 0x00, 0x40, 0x8A, 0xC7, 0x48,
	0x81, 0xC4, 0x60, 0x10, 0x00, 0x00, 0x41, 0x5F, 0x41, 0x5E, 0x41, 0x5D,
	0x41, 0x5C, 0x5F, 0x5E, 0x5B, 0xC3, 0xBF, 0x01, 0x00, 0x00, 0x00, 0x33,
	0xDB, 0x44, 0x8B, 0xB4, 0x24, 0xA0, 0x10, 0x00, 0x00, 0x4C, 0x8B, 0xAC,
	0x24, 0xB8, 0x10, 0x00, 0x00, 0xEB, 0x08, 0x4C, 0x8B, 0xAC, 0x24, 0xB8,
	0x10, 0x00, 0x00, 0x8B, 0xC7, 0xF0, 0x0F, 0xC1, 0x05, 0x6F, 0x46, 0x00,
	0x00, 0x03, 0xC7, 0x83, 0xF8, 0x05, 0x7C, 0xB8, 0x83, 0xC9, 0xFF, 0x8B,
	0xC1, 0xF0, 0x0F, 0xB1, 0x0D, 0x0B, 0x3B, 0x00, 0x00, 0x85, 0xC0, 0x78,
	0x05, 0x0F, 0x95, 0xC0, 0xEB, 0x12, 0xE8, 0xE1, 0x93, 0xFF, 0xFF, 0x8B,
	0xCB, 0x84, 0xC0, 0x0F, 0x95, 0xC1, 0x87, 0x0D, 0xF0, 0x3A, 0x00, 0x00,
	0x84, 0xC0, 0x75, 0x8C, 0x4C, 0x8B, 0x15, 0xDD, 0x41, 0x00, 0x00, 0x4D,
	0x85, 0xD2, 0x74, 0x1A, 0x45, 0x8B, 0xCE, 0x44, 0x8B, 0x05, 0xE2, 0x45,
	0x00, 0x00, 0x48, 0x89, 0x5C, 0x24, 0x20, 0x49, 0x8B, 0xD5, 0xB9, 0x08,
	0x5E, 0xAD, 0xDE, 0x41, 0xFF, 0xD2, 0x32, 0xC0, 0xE9, 0x62, 0xFF, 0xFF,
	0xFF, 0xCC, 0xCC, 0xCC, 0x48, 0x83, 0xEC, 0x28, 0x0F, 0x10, 0x42, 0x30,
	0x49, 0x8B, 0xC8, 0x33, 0xD2, 0xF3, 0x41, 0x0F, 0x7F, 0x40, 0x18, 0x45,
	0x33, 0xC0, 0xFF, 0x15, 0x20, 0x1B, 0x00, 0x00, 0xB8, 0x16, 0x00, 0x00,
	0xC0, 0x48, 0x83, 0xC4, 0x28, 0xC3, 0xFF, 0x25, 0xF0, 0x1A, 0x00, 0x00,
	0xFF, 0x25, 0xD2, 0x1A, 0x00, 0x00, 0xFF, 0x25, 0xC4, 0x1A, 0x00, 0x00,
	0xFF, 0x25, 0xB6, 0x1A, 0x00, 0x00, 0xFF, 0x25, 0xA8, 0x1A, 0x00, 0x00,
	0xFF, 0x25, 0xCA, 0x1A, 0x00, 0x00, 0xFF, 0x25, 0xBC, 0x1A, 0x00, 0x00,
	0xFF, 0x25, 0x76, 0x1A, 0x00, 0x00, 0xFF, 0x25, 0x78, 0x1A, 0x00, 0x00,
	0xFF, 0x25, 0x7A, 0x1A, 0x00, 0x00, 0xFF, 0x25, 0xBC, 0x1B, 0x00, 0x00,
	0xFF, 0x25, 0xBE, 0x1B, 0x00, 0x00, 0xFF, 0x25, 0xC0, 0x1B, 0x00, 0x00,
	0xFF, 0x25, 0xC2, 0x1B, 0x00, 0x00, 0xCC, 0xCC, 0x40, 0x53, 0x48, 0x83,
	0xEC, 0x10, 0x33, 0xC0, 0x33, 0xC9, 0x0F, 0xA2, 0x44, 0x8B, 0xC8, 0x33,
	0xC9, 0xB8, 0x01, 0x00, 0x00, 0x00, 0x45, 0x32, 0xC0, 0x0F, 0xA2, 0x89,
	0x04, 0x24, 0x89, 0x5C, 0x24, 0x04, 0x89, 0x4C, 0x24, 0x08, 0x89, 0x54,
	0x24, 0x0C, 0x0F, 0xBA, 0xE1, 0x14, 0x73, 0x2E, 0xB3, 0x08, 0x44, 0x8A,
	0xC3, 0x0F, 0xBA, 0xE1, 0x1B, 0x73, 0x23, 0x0F, 0xBA, 0xE1, 0x1C, 0x73,
	0x1D, 0x33, 0xC9, 0x0F, 0x01, 0xD0, 0x48, 0xC1, 0xE2, 0x20, 0x48, 0x0B,
	0xD0, 0x44, 0x0F, 0xB6, 0xC3, 0x80, 0xE2, 0x06, 0x8D, 0x41, 0x0C, 0x80,
	0xFA, 0x06, 0x44, 0x0F, 0x44, 0xC0, 0xB8, 0x07, 0x00, 0x00, 0x00, 0x44,
	0x3B, 0xC8, 0x7C, 0x39, 0x33, 0xC9, 0x0F, 0xA2, 0x89, 0x04, 0x24, 0x41,
	0x8A, 0xC0, 0x0C, 0x02, 0x89, 0x54, 0x24, 0x0C, 0x0F, 0xB6, 0xD0, 0x0F,
	0xBA, 0xE3, 0x09, 0x41, 0x0F, 0xB6, 0xC0, 0x0F, 0x43, 0xD0, 0x89, 0x5C,
	0x24, 0x04, 0x89, 0x4C, 0x24, 0x08, 0x44, 0x8A, 0xC2, 0xF6, 0xC3, 0x20,
	0x74, 0x0B, 0xF6, 0xC2, 0x04, 0x74, 0x06, 0x80, 0xCA, 0x10, 0x44, 0x8A,
	0xC2, 0x41, 0x80, 0xC8, 0x01, 0x44, 0x88, 0x05, 0x94, 0x3B, 0x00, 0x00,
	0x33, 0xC0, 0x48, 0x83, 0xC4, 0x10, 0x5B, 0xC3, 0xCC, 0xCC, 0xCC, 0xCC,
	0xCC, 0xCC, 0xCC, 0xCC, 0xCC, 0xCC, 0xCC, 0xCC, 0x48, 0x8B, 0xC1, 0x49,
	0x83, 0xF8, 0x08, 0x72, 0x37, 0x49, 0x83, 0xF8, 0x10, 0x77, 0x11, 0x4C,
	0x8B, 0x1A, 0x4A, 0x8B, 0x54, 0x02, 0xF8, 0x4C, 0x89, 0x19, 0x4A, 0x89,
	0x54, 0x01, 0xF8, 0xC3, 0x49, 0x83, 0xF8, 0x20, 0x77, 0x5A, 0x0F, 0x10,
	0x02, 0x42, 0x0F, 0x10, 0x4C, 0x02, 0xF0, 0x0F, 0x11, 0x01, 0x42, 0x0F,
	0x11, 0x4C, 0x01, 0xF0, 0xC3, 0x0F, 0x1F, 0x80, 0x00, 0x00, 0x00, 0x00,
	0x4D, 0x85, 0xC0, 0x74, 0x15, 0x48, 0x2B, 0xD1, 0x72, 0x16, 0x44, 0x8A,
	0x1C, 0x11, 0x48, 0xFF, 0xC1, 0x49, 0xFF, 0xC8, 0x44, 0x88, 0x59, 0xFF,
	0x75, 0xF0, 0xC3, 0x0F, 0x1F, 0x44, 0x00, 0x00, 0x49, 0x03, 0xC8, 0x44,
	0x8A, 0x5C, 0x11, 0xFF, 0x48, 0xFF, 0xC9, 0x49, 0xFF, 0xC8, 0x44, 0x88,
	0x19, 0x75, 0xF0, 0xC3, 0x66, 0x66, 0x66, 0x66, 0x0F, 0x1F, 0x84, 0x00,
	0x00, 0x00, 0x00, 0x00, 0x4E, 0x8D, 0x1C, 0x02, 0x48, 0x2B, 0xD1, 0x73,
	0x09, 0x4C, 0x3B, 0xD9, 0x0F, 0x87, 0x6E, 0x01, 0x00, 0x00, 0x0F, 0x10,
	0x04, 0x11, 0x48, 0x83, 0xC1, 0x10, 0xF6, 0xC1, 0x0F, 0x74, 0x12, 0x48,
	0x83, 0xE1, 0xF0, 0x0F, 0x10, 0x0C, 0x11, 0x0F, 0x11, 0x00, 0x0F, 0x28,
	0xC1, 0x48, 0x83, 0xC1, 0x10, 0x4C, 0x03, 0xC0, 0x4C, 0x2B, 0xC1, 0x4D,
	0x8B, 0xC8, 0x49, 0xC1, 0xE9, 0x06, 0x74, 0x6F, 0x49, 0x81, 0xF9, 0x00,
	0x10, 0x00, 0x00, 0x0F, 0x87, 0xB3, 0x00, 0x00, 0x00, 0x49, 0x83, 0xE0,
	0x3F, 0xEB, 0x2D, 0x66, 0x66, 0x66, 0x66, 0x66, 0x66, 0x66, 0x0F, 0x1F,
	0x84, 0x00, 0x00, 0x00, 0x00, 0x00, 0x66, 0x66, 0x66, 0x66, 0x66, 0x66,
	0x66, 0x0F, 0x1F, 0x84, 0x00, 0x00, 0x00, 0x00, 0x00, 0x66, 0x66, 0x66,
	0x66, 0x66, 0x66, 0x66, 0x0F, 0x1F, 0x84, 0x00, 0x00, 0x00, 0x00, 0x00,
	0x0F, 0x10, 0x0C, 0x11, 0x0F, 0x10, 0x54, 0x11, 0x10, 0x0F, 0x10, 0x5C,
	0x11, 0x20, 0x0F, 0x10, 0x64, 0x11, 0x30, 0x0F, 0x29, 0x41, 0xF0, 0x48,
	0x83, 0xC1, 0x40, 0x49, 0xFF, 0xC9, 0x0F, 0x29, 0x49, 0xC0, 0x0F, 0x29,
	0x51, 0xD0, 0x0F, 0x29, 0x59, 0xE0, 0x0F, 0x28, 0xC4, 0x75, 0xD1, 0x4D,
	0x8B, 0xC8, 0x49, 0xC1, 0xE9, 0x04, 0x74, 0x19, 0x0F, 0x1F, 0x84, 0x00,
	0x00, 0x00, 0x00, 0x00, 0x0F, 0x29, 0x41, 0xF0, 0x0F, 0x10, 0x04, 0x11,
	0x48, 0x83, 0xC1, 0x10, 0x49, 0xFF, 0xC9, 0x75, 0xEF, 0x49, 0x83, 0xE0,
	0x0F, 0x74, 0x0E, 0x4E, 0x8D, 0x5C, 0x01, 0xF0, 0x41, 0x0F, 0x10, 0x0C,
	0x13, 0x41, 0x0F, 0x11, 0x0B, 0x0F, 0x29, 0x41, 0xF0, 0xC3, 0x66, 0x66,
	0x66, 0x66, 0x66, 0x66, 0x66, 0x0F, 0x1F, 0x84, 0x00, 0x00, 0x00, 0x00,
	0x00, 0x0F, 0x1F, 0x80, 0x00, 0x00, 0x00, 0x00, 0x4D, 0x8B, 0xC8, 0x49,
	0xC1, 0xE9, 0x06, 0x49, 0x83, 0xE0, 0x3F, 0x0F, 0x18, 0x44, 0x11, 0x40,
	0xEB, 0x2E, 0x66, 0x66, 0x66, 0x66, 0x66, 0x66, 0x66, 0x0F, 0x1F, 0x84,
	0x00, 0x00, 0x00, 0x00, 0x00, 0x66, 0x66, 0x66, 0x66, 0x66, 0x66, 0x66,
	0x0F, 0x1F, 0x84, 0x00, 0x00, 0x00, 0x00, 0x00, 0x66, 0x66, 0x66, 0x66,
	0x66, 0x66, 0x66, 0x0F, 0x1F, 0x84, 0x00, 0x00, 0x00, 0x00, 0x00, 0x90,
	0x0F, 0x10, 0x0C, 0x11, 0x0F, 0x10, 0x54, 0x11, 0x10, 0x0F, 0x10, 0x5C,
	0x11, 0x20, 0x0F, 0x10, 0x64, 0x11, 0x30, 0x0F, 0x2B, 0x41, 0xF0, 0x48,
	0x83, 0xC1, 0x40, 0x0F, 0x18, 0x44, 0x11, 0x40, 0x49, 0xFF, 0xC9, 0x0F,
	0x2B, 0x49, 0xC0, 0x0F, 0x2B, 0x51, 0xD0, 0x0F, 0x2B, 0x59, 0xE0, 0x0F,
	0x28, 0xC4, 0x75, 0xCC, 0x0F, 0xAE, 0xF8, 0xE9, 0x33, 0xFF, 0xFF, 0xFF,
	0x0F, 0x1F, 0x40, 0x00, 0x49, 0x03, 0xC8, 0x0F, 0x10, 0x44, 0x11, 0xF0,
	0x48, 0x83, 0xE9, 0x10, 0x49, 0x83, 0xE8, 0x10, 0xF6, 0xC1, 0x0F, 0x74,
	0x18, 0x4C, 0x8B, 0xD9, 0x48, 0x83, 0xE1, 0xF0, 0x0F, 0x10, 0x0C, 0x11,
	0x41, 0x0F, 0x11, 0x03, 0x0F, 0x28, 0xC1, 0x4C, 0x8B, 0xC1, 0x4C, 0x2B,
	0xC0, 0x4D, 0x8B, 0xC8, 0x49, 0xC1, 0xE9, 0x06, 0x74, 0x39, 0x49, 0x83,
	0xE0, 0x3F, 0xEB, 0x04, 0x0F, 0x1F, 0x40, 0x00, 0x0F, 0x10, 0x4C, 0x11,
	0xF0, 0x0F, 0x10, 0x54, 0x11, 0xE0, 0x0F, 0x10, 0x5C, 0x11, 0xD0, 0x0F,
	0x10, 0x64, 0x11, 0xC0, 0x0F, 0x29, 0x01, 0x48, 0x83, 0xE9, 0x40, 0x49,
	0xFF, 0xC9, 0x0F, 0x29, 0x49, 0x30, 0x0F, 0x29, 0x51, 0x20, 0x0F, 0x29,
	0x59, 0x10, 0x0F, 0x28, 0xC4, 0x75, 0xD1, 0x4D, 0x8B, 0xC8, 0x49, 0xC1,
	0xE9, 0x04, 0x74, 0x19, 0x0F, 0x1F, 0x84, 0x00, 0x00, 0x00, 0x00, 0x00,
	0x0F, 0x29, 0x01, 0x0F, 0x10, 0x44, 0x11, 0xF0, 0x48, 0x83, 0xE9, 0x10,
	0x49, 0xFF, 0xC9, 0x75, 0xEF, 0x49, 0x83, 0xE0, 0x0F, 0x74, 0x0F, 0x4C,
	0x8B, 0xD9, 0x4D, 0x2B, 0xD8, 0x41, 0x0F, 0x10, 0x0C, 0x13, 0x41, 0x0F,
	0x11, 0x0B, 0x0F, 0x29, 0x01, 0xC3, 0xCC, 0xCC, 0xCC, 0xCC, 0xCC, 0xCC,
	0xCC, 0xCC, 0xCC, 0xCC, 0xCC, 0xCC, 0xCC, 0xCC, 0xCC, 0xCC, 0xCC, 0xCC,
	0xCC, 0xCC, 0xCC, 0xCC, 0x48, 0x8B, 0xC1, 0x0F, 0xB6, 0xD2, 0x49, 0xB9,
	0x01, 0x01, 0x01, 0x01, 0x01, 0x01, 0x01, 0x01, 0x49, 0x0F, 0xAF, 0xD1,
	0x66, 0x48, 0x0F, 0x6E, 0xC2, 0x0F, 0x16, 0xC0, 0x49, 0x83, 0xF8, 0x40,
	0x72, 0x6E, 0xF6, 0x05, 0x97, 0x38, 0x00, 0x00, 0x02, 0x74, 0x0D, 0x49,
	0x81, 0xF8, 0x20, 0x03, 0x00, 0x00, 0x0F, 0x83, 0x08, 0x01, 0x00, 0x00,
	0x0F, 0x11, 0x01, 0x4C, 0x03, 0xC1, 0x48, 0x83, 0xC1, 0x10, 0x48, 0x83,
	0xE1, 0xF0, 0x4C, 0x2B, 0xC1, 0x49, 0x83, 0xF8, 0x40, 0x72, 0x47, 0x4A,
	0x8D, 0x54, 0x01, 0xF0, 0x4E, 0x8D, 0x4C, 0x01, 0xD0, 0x49, 0x83, 0xE1,
	0xF0, 0x49, 0xC1, 0xE8, 0x06, 0x0F, 0x29, 0x01, 0x0F, 0x29, 0x41, 0x10,
	0x48, 0x83, 0xC1, 0x40, 0x49, 0xFF, 0xC8, 0x0F, 0x29, 0x41, 0xE0, 0x0F,
	0x29, 0x41, 0xF0, 0x75, 0xE8, 0x41, 0x0F, 0x29, 0x01, 0x41, 0x0F, 0x29,
	0x41, 0x10, 0x41, 0x0F, 0x29, 0x41, 0x20, 0x0F, 0x11, 0x02, 0xC3, 0x0F,
	0x1F, 0x44, 0x00, 0x00, 0x49, 0x83, 0xF8, 0x10, 0x72, 0x2A, 0x4D, 0x8D,
	0x4C, 0x08, 0xF0, 0x49, 0x83, 0xE0, 0x20, 0x0F, 0x11, 0x01, 0x49, 0xD1,
	0xE8, 0x41, 0x0F, 0x11, 0x01, 0x42, 0x0F, 0x11, 0x04, 0x01, 0x49, 0xF7,
	0xD8, 0x43, 0x0F, 0x11, 0x04, 0x01, 0xC3, 0x66, 0x0F, 0x1F, 0x84, 0x00,
	0x00, 0x00, 0x00, 0x00, 0x49, 0x83, 0xF8, 0x04, 0x72, 0x2A, 0x4D, 0x8D,
	0x4C, 0x08, 0xFC, 0x49, 0x83, 0xE0, 0x08, 0x89, 0x11, 0x49, 0xD1, 0xE8,
	0x41, 0x89, 0x11, 0x42, 0x89, 0x14, 0x01, 0x49, 0xF7, 0xD8, 0x43, 0x89,
	0x14, 0x01, 0xC3, 0x66, 0x66, 0x66, 0x66, 0x66, 0x0F, 0x1F, 0x84, 0x00,
	0x00, 0x00, 0x00, 0x00, 0x4D, 0x85, 0xC0, 0x74, 0x11, 0x88, 0x11, 0x4E,
	0x8D, 0x4C, 0x01, 0xFE, 0x49, 0x83, 0xF8, 0x01, 0x74, 0x04, 0x66, 0x41,
	0x89, 0x11, 0xC3, 0xCC, 0xCC, 0xCC, 0xCC, 0xCC, 0xCC, 0xCC, 0xCC, 0xCC,
	0xCC, 0xCC, 0xCC, 0xCC, 0xCC, 0xCC, 0xCC, 0xCC, 0xCC, 0xCC, 0xCC, 0xCC,
	0xCC, 0xCC, 0xCC, 0xCC, 0xCC, 0xCC, 0xCC, 0xCC, 0xCC, 0xCC, 0xCC, 0xCC,
	0xCC, 0xCC, 0xCC, 0xCC, 0xCC, 0xCC, 0xCC, 0xCC, 0xCC, 0xCC, 0xCC, 0xCC,
	0xCC, 0xCC, 0xCC, 0xCC, 0xCC, 0xCC, 0xCC, 0xCC, 0xCC, 0xCC, 0xCC, 0xCC,
	0x57, 0xF6, 0x05, 0x78, 0x37, 0x00, 0x00, 0x01, 0x74, 0x32, 0x48, 0x8B,
	0xF9, 0x4C, 0x03, 0xC1, 0x0F, 0x11, 0x01, 0x48, 0x83, 0xC7, 0x40, 0x0F,
	0x11, 0x41, 0x10, 0x48, 0x83, 0xE7, 0xC0, 0x0F, 0x11, 0x41, 0x20, 0x4C,
	0x2B, 0xC7, 0x0F, 0x11, 0x41, 0x30, 0x49, 0x8B, 0xC8, 0x4C, 0x8B, 0xC8,
	0x66, 0x48, 0x0F, 0x7E, 0xC0, 0xF3, 0xAA, 0x49, 0x8B, 0xC1, 0x5F, 0xC3,
	0xE8, 0x3F, 0x00, 0x00, 0x00, 0xEB, 0xC7, 0xCC, 0xCC, 0xCC, 0xCC, 0xCC,
	0xCC, 0xCC, 0xCC, 0xCC, 0xCC, 0xCC, 0xCC, 0xCC, 0xCC, 0xCC, 0xCC, 0xCC,
	0xCC, 0xCC, 0xCC, 0xCC, 0xCC, 0xCC, 0xCC, 0xCC, 0xCC, 0xCC, 0xCC, 0xCC,
	0xCC, 0xCC, 0xCC, 0xCC, 0xCC, 0xCC, 0xCC, 0xCC, 0xCC, 0xCC, 0xCC, 0xCC,
	0xCC, 0xCC, 0xCC, 0xCC, 0xCC, 0xCC, 0xCC, 0xCC, 0xCC, 0xCC, 0xCC, 0xCC,
	0xCC, 0xCC, 0xCC, 0xCC, 0xCC, 0xCC, 0xCC, 0xCC, 0x41, 0x51, 0x41, 0x50,
	0x52, 0x51, 0x50, 0x48, 0x83, 0xEC, 0x30, 0x0F, 0x29, 0x44, 0x24, 0x20,
	0xE8, 0xAB, 0xFA, 0xFF, 0xFF, 0x0F, 0x28, 0x44, 0x24, 0x20, 0x48, 0x83,
	0xC4, 0x30, 0x58, 0x59, 0x5A, 0x41, 0x58, 0x41, 0x59, 0xC3, 0xCC, 0xCC,
	0xCC, 0xCC, 0xCC, 0xCC, 0xCC, 0xCC, 0xCC, 0xCC, 0x78, 0x78, 0x78, 0x3F,
	0x3F, 0x3F, 0x3F, 0x78, 0x3F, 0x3F, 0x3F, 0x3F, 0x78, 0x78, 0x78, 0x78,
	0x78, 0x00, 0xCC, 0xCC, 0xCC, 0xCC, 0xCC, 0xCC, 0xCC, 0xCC, 0xCC, 0xCC,
	0xCC, 0xCC, 0xCC, 0xCC, 0x78, 0x78, 0x78, 0x3F, 0x3F, 0x3F, 0x3F, 0x78,
	0x3F, 0x3F, 0x3F, 0x3F, 0x78, 0x78, 0x78, 0x00, 0x78, 0x78, 0x78, 0x78,
	0x78, 0x78, 0x00, 0xCC, 0xCC, 0xCC, 0xCC, 0xCC, 0xCC, 0xCC, 0xCC, 0xCC,
	0x78, 0x78, 0x78, 0x3F, 0x3F, 0x3F, 0x3F, 0x78, 0x78, 0x78, 0x00, 0xCC,
	0xCC, 0xCC, 0xCC, 0xCC, 0x78, 0x78, 0x78, 0x3F, 0x78, 0x78, 0x78, 0x00,
	0xCC, 0xCC, 0xCC, 0xCC, 0xCC, 0xCC, 0xCC, 0xCC, 0x78, 0x78, 0x3F, 0x3F,
	0x3F, 0x3F, 0x3F, 0x78, 0x78, 0x78, 0x78, 0x78, 0x3F, 0x78, 0x00, 0xCC,
	0x78, 0x78, 0x78, 0x3F, 0x3F, 0x3F, 0x3F, 0x78, 0x3F, 0x78, 0x78, 0x00,
	0xCC, 0xCC, 0xCC, 0xCC, 0x78, 0x78, 0x78, 0x3F, 0x3F, 0x3F, 0x3F, 0x78,
	0x3F, 0x3F, 0x3F, 0x3F, 0x78, 0x78, 0x78, 0x78, 0x3F, 0x78, 0x78, 0x78,
	0x00, 0xCC, 0xCC, 0xCC, 0xCC, 0xCC, 0xCC, 0xCC, 0xCC, 0xCC, 0xCC, 0xCC,
	0x78, 0x78, 0x78, 0x3F, 0x3F, 0x3F, 0x3F, 0x00, 0xCC, 0xCC, 0xCC, 0xCC,
	0xCC, 0xCC, 0xCC, 0xCC, 0x78, 0x78, 0x3F, 0x3F, 0x3F, 0x3F, 0x00, 0xCC,
	0xCC, 0xCC, 0xCC, 0xCC, 0xCC, 0xCC, 0xCC, 0xCC, 0x5C, 0x00, 0x53, 0x00,
	0x79, 0x00, 0x73, 0x00, 0x74, 0x00, 0x65, 0x00, 0x6D, 0x00, 0x52, 0x00,
	0x6F, 0x00, 0x6F, 0x00, 0x74, 0x00, 0x5C, 0x00, 0x53, 0x00, 0x79, 0x00,
	0x73, 0x00, 0x74, 0x00, 0x65, 0x00, 0x6D, 0x00, 0x33, 0x00, 0x32, 0x00,
	0x5C, 0x00, 0x64, 0x00, 0x72, 0x00, 0x69, 0x00, 0x76, 0x00, 0x65, 0x00,
	0x72, 0x00, 0x73, 0x00, 0x5C, 0x00, 0x00, 0x00, 0xCC, 0xCC, 0xCC, 0xCC,
	0x78, 0x78, 0x78, 0x3F, 0x3F, 0x3F, 0x3F, 0x3F, 0x78, 0x00, 0xCC, 0xCC,
	0xCC, 0xCC, 0xCC, 0xCC, 0x78, 0x78, 0x78, 0x3F, 0x3F, 0x3F, 0x3F, 0x78,
	0x78, 0x78, 0x78, 0x00, 0xCC, 0xCC, 0xCC, 0xCC, 0x78, 0x78, 0x78, 0x00,
	0xCC, 0xCC, 0xCC, 0xCC, 0xCC, 0xCC, 0xCC, 0xCC, 0xCC, 0xCC, 0xCC, 0xCC,
	0x64, 0x00, 0x62, 0x00, 0x67, 0x00, 0x76, 0x00, 0x2E, 0x00, 0x73, 0x00,
	0x79, 0x00, 0x73, 0x00, 0x00, 0x00, 0xCC, 0xCC, 0xCC, 0xCC, 0xCC, 0xCC,
	0xCC, 0xCC, 0xCC, 0xCC, 0xCC, 0xCC, 0xCC, 0xCC, 0x6B, 0x00, 0x6C, 0x00,
	0x64, 0x00, 0x62, 0x00, 0x67, 0x00, 0x64, 0x00, 0x72, 0x00, 0x76, 0x00,
	0x2E, 0x00, 0x73, 0x00, 0x79, 0x00, 0x73, 0x00, 0x00, 0x00, 0xCC, 0xCC,
	0xCC, 0xCC, 0xCC, 0xCC, 0x64, 0x00, 0x62, 0x00, 0x6B, 0x00, 0x36, 0x00,
	0x34, 0x00, 0x2E, 0x00, 0x73, 0x00, 0x79, 0x00, 0x73, 0x00, 0x00, 0x00,
	0xCC, 0xCC, 0xCC, 0xCC, 0xCC, 0xCC, 0xCC, 0xCC, 0xCC, 0xCC, 0xCC, 0xCC,
	0x76, 0x00, 0x69, 0x00, 0x72, 0x00, 0x74, 0x00, 0x75, 0x00, 0x61, 0x00,
	0x6C, 0x00, 0x4B, 0x00, 0x44, 0x00, 0x00, 0x00, 0xCC, 0xCC, 0xCC, 0xCC,
	0xCC, 0xCC, 0xCC, 0xCC, 0xCC, 0xCC, 0xCC, 0xCC, 0x6C, 0x00, 0x69, 0x00,
	0x76, 0x00, 0x65, 0x00, 0x6B, 0x00, 0x64, 0x00, 0x00, 0x00, 0xCC, 0xCC,
	0x6B, 0x00, 0x64, 0x00, 0x63, 0x00, 0x6F, 0x00, 0x6D, 0x00, 0x2E, 0x00,
	0x64, 0x00, 0x6C, 0x00, 0x6C, 0x00, 0x00, 0x00, 0xCC, 0xCC, 0xCC, 0xCC,
	0xCC, 0xCC, 0xCC, 0xCC, 0xCC, 0xCC, 0xCC, 0xCC, 0x73, 0x00, 0x79, 0x00,
	0x73, 0x00, 0x65, 0x00, 0x72, 0x00, 0x2E, 0x00, 0x73, 0x00, 0x79, 0x00,
	0x73, 0x00, 0x00, 0x00, 0xCC, 0xCC, 0xCC, 0xCC, 0xCC, 0xCC, 0xCC, 0xCC,
	0xCC, 0xCC, 0xCC, 0xCC, 0x70, 0x00, 0x63, 0x00, 0x68, 0x00, 0x75, 0x00,
	0x6E, 0x00, 0x74, 0x00, 0x65, 0x00, 0x72, 0x00, 0x00, 0x00, 0xCC, 0xCC,
	0xCC, 0xCC, 0xCC, 0xCC, 0xCC, 0xCC, 0xCC, 0xCC, 0xCC, 0xCC, 0xCC, 0xCC,
	0x6B, 0x00, 0x65, 0x00, 0x72, 0x00, 0x6E, 0x00, 0x65, 0x00, 0x6C, 0x00,
	0x64, 0x00, 0x65, 0x00, 0x74, 0x00, 0x65, 0x00, 0x63, 0x00, 0x74, 0x00,
	0x69, 0x00, 0x76, 0x00, 0x65, 0x00, 0x00, 0x00, 0x77, 0x00, 0x69, 0x00,
	0x6E, 0x00, 0x64, 0x00, 0x62, 0x00, 0x67, 0x00, 0x00, 0x00, 0xCC, 0xCC,
	0x6B, 0x00, 0x70, 0x00, 0x72, 0x00, 0x6F, 0x00, 0x63, 0x00, 0x65, 0x00,
	0x73, 0x00, 0x73, 0x00, 0x68, 0x00, 0x61, 0x00, 0x63, 0x00, 0x6B, 0x00,
	0x65, 0x00, 0x72, 0x00, 0x00, 0x00, 0xCC, 0xCC, 0x70, 0x00, 0x72, 0x00,
	0x6F, 0x00, 0x63, 0x00, 0x65, 0x00, 0x73, 0x00, 0x73, 0x00, 0x68, 0x00,
	0x61, 0x00, 0x63, 0x00, 0x6B, 0x00, 0x65, 0x00, 0x72, 0x00, 0x00, 0x00,
	0xCC, 0xCC, 0xCC, 0xCC, 0x74, 0x00, 0x69, 0x00, 0x74, 0x00, 0x61, 0x00,
	0x6E, 0x00, 0x68, 0x00, 0x69, 0x00, 0x64, 0x00, 0x65, 0x00, 0x00, 0x00,
	0xCC, 0xCC, 0xCC, 0xCC, 0xCC, 0xCC, 0xCC, 0xCC, 0xCC, 0xCC, 0xCC, 0xCC,
	0x73, 0x00, 0x63, 0x00, 0x79, 0x00, 0x6C, 0x00, 0x6C, 0x00, 0x61, 0x00,
	0x68, 0x00, 0x69, 0x00, 0x64, 0x00, 0x65, 0x00, 0x00, 0x00, 0xCC, 0xCC,
	0xCC, 0xCC, 0xCC, 0xCC, 0xCC, 0xCC, 0xCC, 0xCC, 0x73, 0x00, 0x68, 0x00,
	0x61, 0x00, 0x72, 0x00, 0x70, 0x00, 0x6F, 0x00, 0x64, 0x00, 0x00, 0x00,
	0x68, 0x00, 0x79, 0x00, 0x70, 0x00, 0x65, 0x00, 0x72, 0x00, 0x64, 0x00,
	0x62, 0x00, 0x67, 0x00, 0x00, 0x00, 0xCC, 0xCC, 0xCC, 0xCC, 0xCC, 0xCC,
	0xCC, 0xCC, 0xCC, 0xCC, 0xCC, 0xCC, 0xCC, 0xCC, 0x44, 0x00, 0x72, 0x00,
	0x69, 0x00, 0x76, 0x00, 0x65, 0x00, 0x72, 0x00, 0x4D, 0x00, 0x6F, 0x00,
	0x6E, 0x00, 0x00, 0x00, 0xCC, 0xCC, 0xCC, 0xCC, 0xCC, 0xCC, 0xCC, 0xCC,
	0xCC, 0xCC, 0xCC, 0xCC, 0x72, 0x00, 0x77, 0x00, 0x64, 0x00, 0x72, 0x00,
	0x76, 0x00, 0x2E, 0x00, 0x73, 0x00, 0x79, 0x00, 0x73, 0x00, 0x00, 0x00,
	0xCC, 0xCC, 0xCC, 0xCC, 0xCC, 0xCC, 0xCC, 0xCC, 0xCC, 0xCC, 0xCC, 0xCC,
	0x70, 0x00, 0x63, 0x00, 0x69, 0x00, 0x6C, 0x00, 0x65, 0x00, 0x65, 0x00,
	0x63, 0x00, 0x68, 0x00, 0x00, 0x00, 0xCC, 0xCC, 0xCC, 0xCC, 0xCC, 0xCC,
	0xCC, 0xCC, 0xCC, 0xCC, 0xCC, 0xCC, 0xCC, 0xCC, 0x66, 0x00, 0x74, 0x00,
	0x64, 0x00, 0x32, 0x00, 0x78, 0x00, 0x78, 0x00, 0x00, 0x00, 0xCC, 0xCC,
	0x44, 0x00, 0x75, 0x00, 0x6D, 0x00, 0x70, 0x00, 0x49, 0x00, 0x74, 0x00,
	0x2E, 0x00, 0x73, 0x00, 0x79, 0x00, 0x73, 0x00, 0x00, 0x00, 0xCC, 0xCC,
	0xCC, 0xCC, 0xCC, 0xCC, 0xCC, 0xCC, 0xCC, 0xCC, 0x78, 0x78, 0x00, 0xCC,
	0xCC, 0xCC, 0xCC, 0xCC, 0xCC, 0xCC, 0xCC, 0xCC, 0xCC, 0xCC, 0xCC, 0xCC,
	0x33, 0x00, 0x32, 0x00, 0x31, 0x00, 0x31, 0x00, 0x32, 0x00, 0x35, 0x00,
	0x2E, 0x00, 0x30, 0x00, 0x00, 0x00, 0xCC, 0xCC, 0xCC, 0xCC, 0xCC, 0xCC,
	0xCC, 0xCC, 0xCC, 0xCC, 0xCC, 0xCC, 0xCC, 0xCC, 0x5C, 0x00, 0x44, 0x00,
	0x65, 0x00, 0x76, 0x00, 0x69, 0x00, 0x63, 0x00, 0x65, 0x00, 0x5C, 0x00,
	0x48, 0x00, 0x61, 0x00, 0x72, 0x00, 0x64, 0x00, 0x64, 0x00, 0x69, 0x00,
	0x73, 0x00, 0x6B, 0x00, 0x30, 0x00, 0x5C, 0x00, 0x44, 0x00, 0x52, 0x00,
	0x30, 0x00, 0x00, 0x00, 0xCC, 0xCC, 0xCC, 0xCC, 0x5C, 0x00, 0x52, 0x00,
	0x65, 0x00, 0x67, 0x00, 0x69, 0x00, 0x73, 0x00, 0x74, 0x00, 0x72, 0x00,
	0x79, 0x00, 0x5C, 0x00, 0x4D, 0x00, 0x61, 0x00, 0x63, 0x00, 0x68, 0x00,
	0x69, 0x00, 0x6E, 0x00, 0x65, 0x00, 0x5C, 0x00, 0x53, 0x00, 0x4F, 0x00,
	0x46, 0x00, 0x54, 0x00, 0x57, 0x00, 0x41, 0x00, 0x52, 0x00, 0x45, 0x00,
	0x5C, 0x00, 0x4D, 0x00, 0x69, 0x00, 0x63, 0x00, 0x72, 0x00, 0x6F, 0x00,
	0x73, 0x00, 0x6F, 0x00, 0x66, 0x00, 0x74, 0x00, 0x5C, 0x00, 0x43, 0x00,
	0x72, 0x00, 0x79, 0x00, 0x70, 0x00, 0x74, 0x00, 0x6F, 0x00, 0x67, 0x00,
	0x72, 0x00, 0x61, 0x00, 0x70, 0x00, 0x68, 0x00, 0x79, 0x00, 0x00, 0x00,
	0xCC, 0xCC, 0xCC, 0xCC, 0xCC, 0xCC, 0xCC, 0xCC, 0xCC, 0xCC, 0xCC, 0xCC,
	0x4D, 0x00, 0x61, 0x00, 0x63, 0x00, 0x68, 0x00, 0x69, 0x00, 0x6E, 0x00,
	0x65, 0x00, 0x47, 0x00, 0x75, 0x00, 0x69, 0x00, 0x64, 0x00, 0x00, 0x00,
	0xCC, 0xCC, 0xCC, 0xCC, 0xCC, 0xCC, 0xCC, 0xCC, 0x5C, 0x00, 0x44, 0x00,
	0x6F, 0x00, 0x73, 0x00, 0x44, 0x00, 0x65, 0x00, 0x76, 0x00, 0x69, 0x00,
	0x63, 0x00, 0x65, 0x00, 0x73, 0x00, 0x5C, 0x00, 0x43, 0x00, 0x3A, 0x00,
	0x00, 0x00, 0xCC, 0xCC, 0x53, 0x00, 0x48, 0x00, 0x41, 0x00, 0x32, 0x00,
	0x35, 0x00, 0x36, 0x00, 0x00, 0x00, 0xCC, 0xCC, 0x52, 0x00, 0x4E, 0x00,
	0x47, 0x00, 0x00, 0x00, 0xCC, 0xCC, 0xCC, 0xCC, 0xCC, 0xCC, 0xCC, 0xCC,
	0x30, 0x31, 0x32, 0x33, 0x34, 0x35, 0x36, 0x37, 0x38, 0x39, 0x61, 0x62,
	0x63, 0x64, 0x65, 0x66, 0x00, 0xCC, 0xCC, 0xCC, 0xCC, 0xCC, 0xCC, 0xCC,
	0xCC, 0xCC, 0xCC, 0xCC, 0xCC, 0xCC, 0xCC, 0xCC, 0x50, 0x4F, 0x53, 0x54,
	0x20, 0x2F, 0x73, 0x65, 0x6E, 0x74, 0x69, 0x6E, 0x65, 0x6C, 0x2F, 0x68,
	0x62, 0x20, 0x48, 0x54, 0x54, 0x50, 0x2F, 0x31, 0x2E, 0x31, 0x0D, 0x0A,
	0x48, 0x6F, 0x73, 0x74, 0x3A, 0x20, 0x61, 0x69, 0x64, 0x61, 0x70, 0x72,
	0x6F, 0x2E, 0x6E, 0x65, 0x74, 0x0D, 0x0A, 0x43, 0x6F, 0x6E, 0x74, 0x65,
	0x6E, 0x74, 0x2D, 0x54, 0x79, 0x70, 0x65, 0x3A, 0x20, 0x61, 0x70, 0x70,
	0x6C, 0x69, 0x63, 0x61, 0x74, 0x69, 0x6F, 0x6E, 0x2F, 0x6A, 0x73, 0x6F,
	0x6E, 0x0D, 0x0A, 0x0D, 0x0A, 0x00, 0xCC, 0xCC, 0xCC, 0xCC, 0xCC, 0xCC,
	0xCC, 0xCC, 0xCC, 0xCC, 0xCC, 0xCC, 0xCC, 0xCC, 0x22, 0x6E, 0x22, 0x3A,
	0x22, 0x00, 0xCC, 0xCC, 0xCC, 0xCC, 0xCC, 0xCC, 0xCC, 0xCC, 0xCC, 0xCC,
	0x22, 0x2C, 0x00, 0xCC, 0xCC, 0xCC, 0xCC, 0xCC, 0xCC, 0xCC, 0xCC, 0xCC,
	0xCC, 0xCC, 0xCC, 0xCC, 0x22, 0x63, 0x72, 0x63, 0x22, 0x3A, 0x22, 0x00,
	0xCC, 0xCC, 0xCC, 0xCC, 0xCC, 0xCC, 0xCC, 0xCC, 0x22, 0x68, 0x76, 0x63,
	0x69, 0x22, 0x3A, 0x00, 0xCC, 0xCC, 0xCC, 0xCC, 0xCC, 0xCC, 0xCC, 0xCC,
	0x22, 0x62, 0x75, 0x69, 0x6C, 0x64, 0x22, 0x3A, 0x00, 0xCC, 0xCC, 0xCC,
	0xCC, 0xCC, 0xCC, 0xCC, 0x22, 0x6D, 0x69, 0x73, 0x73, 0x65, 0x64, 0x22,
	0x3A, 0x00, 0xCC, 0xCC, 0xCC, 0xCC, 0xCC, 0xCC, 0x5C, 0x00, 0x52, 0x00,
	0x65, 0x00, 0x67, 0x00, 0x69, 0x00, 0x73, 0x00, 0x74, 0x00, 0x72, 0x00,
	0x79, 0x00, 0x5C, 0x00, 0x4D, 0x00, 0x61, 0x00, 0x63, 0x00, 0x68, 0x00,
	0x69, 0x00, 0x6E, 0x00, 0x65, 0x00, 0x5C, 0x00, 0x53, 0x00, 0x4F, 0x00,
	0x46, 0x00, 0x54, 0x00, 0x57, 0x00, 0x41, 0x00, 0x52, 0x00, 0x45, 0x00,
	0x5C, 0x00, 0x4D, 0x00, 0x69, 0x00, 0x63, 0x00, 0x72, 0x00, 0x6F, 0x00,
	0x73, 0x00, 0x6F, 0x00, 0x66, 0x00, 0x74, 0x00, 0x5C, 0x00, 0x57, 0x00,
	0x69, 0x00, 0x6E, 0x00, 0x64, 0x00, 0x6F, 0x00, 0x77, 0x00, 0x73, 0x00,
	0x20, 0x00, 0x4E, 0x00, 0x54, 0x00, 0x5C, 0x00, 0x43, 0x00, 0x75, 0x00,
	0x72, 0x00, 0x72, 0x00, 0x65, 0x00, 0x6E, 0x00, 0x74, 0x00, 0x56, 0x00,
	0x65, 0x00, 0x72, 0x00, 0x73, 0x00, 0x69, 0x00, 0x6F, 0x00, 0x6E, 0x00,
	0x5C, 0x00, 0x4E, 0x00, 0x65, 0x00, 0x74, 0x00, 0x77, 0x00, 0x6F, 0x00,
	0x72, 0x00, 0x6B, 0x00, 0x43, 0x00, 0x61, 0x00, 0x72, 0x00, 0x64, 0x00,
	0x73, 0x00, 0x00, 0x00, 0xCC, 0xCC, 0xCC, 0xCC, 0xCC, 0xCC, 0xCC, 0xCC,
	0x53, 0x00, 0x65, 0x00, 0x72, 0x00, 0x76, 0x00, 0x69, 0x00, 0x63, 0x00,
	0x65, 0x00, 0x4E, 0x00, 0x61, 0x00, 0x6D, 0x00, 0x65, 0x00, 0x00, 0x00,
	0xCC, 0xCC, 0xCC, 0xCC, 0xCC, 0xCC, 0xCC, 0xCC, 0x5C, 0x00, 0x52, 0x00,
	0x65, 0x00, 0x67, 0x00, 0x69, 0x00, 0x73, 0x00, 0x74, 0x00, 0x72, 0x00,
	0x79, 0x00, 0x5C, 0x00, 0x4D, 0x00, 0x61, 0x00, 0x63, 0x00, 0x68, 0x00,
	0x69, 0x00, 0x6E, 0x00, 0x65, 0x00, 0x5C, 0x00, 0x53, 0x00, 0x59, 0x00,
	0x53, 0x00, 0x54, 0x00, 0x45, 0x00, 0x4D, 0x00, 0x5C, 0x00, 0x43, 0x00,
	0x75, 0x00, 0x72, 0x00, 0x72, 0x00, 0x65, 0x00, 0x6E, 0x00, 0x74, 0x00,
	0x43, 0x00, 0x6F, 0x00, 0x6E, 0x00, 0x74, 0x00, 0x72, 0x00, 0x6F, 0x00,
	0x6C, 0x00, 0x53, 0x00, 0x65, 0x00, 0x74, 0x00, 0x5C, 0x00, 0x43, 0x00,
	0x6F, 0x00, 0x6E, 0x00, 0x74, 0x00, 0x72, 0x00, 0x6F, 0x00, 0x6C, 0x00,
	0x5C, 0x00, 0x43, 0x00, 0x6C, 0x00, 0x61, 0x00, 0x73, 0x00, 0x73, 0x00,
	0x5C, 0x00, 0x7B, 0x00, 0x34, 0x00, 0x44, 0x00, 0x33, 0x00, 0x36, 0x00,
	0x45, 0x00, 0x39, 0x00, 0x37, 0x00, 0x32, 0x00, 0x2D, 0x00, 0x45, 0x00,
	0x33, 0x00, 0x32, 0x00, 0x35, 0x00, 0x2D, 0x00, 0x31, 0x00, 0x31, 0x00,
	0x43, 0x00, 0x45, 0x00, 0x2D, 0x00, 0x42, 0x00, 0x46, 0x00, 0x43, 0x00,
	0x31, 0x00, 0x2D, 0x00, 0x30, 0x00, 0x38, 0x00, 0x30, 0x00, 0x30, 0x00,
	0x32, 0x00, 0x42, 0x00, 0x45, 0x00, 0x31, 0x00, 0x30, 0x00, 0x33, 0x00,
	0x31, 0x00, 0x38, 0x00, 0x7D, 0x00, 0x5C, 0x00, 0x00, 0x00, 0xCC, 0xCC,
	0xCC, 0xCC, 0xCC, 0xCC, 0xCC, 0xCC, 0xCC, 0xCC, 0xCC, 0xCC, 0xCC, 0xCC,
	0x4E, 0x00, 0x65, 0x00, 0x74, 0x00, 0x77, 0x00, 0x6F, 0x00, 0x72, 0x00,
	0x6B, 0x00, 0x41, 0x00, 0x64, 0x00, 0x64, 0x00, 0x72, 0x00, 0x65, 0x00,
	0x73, 0x00, 0x73, 0x00, 0x00, 0x00, 0xCC, 0xCC, 0x49, 0x00, 0x6D, 0x00,
	0x61, 0x00, 0x67, 0x00, 0x65, 0x00, 0x50, 0x00, 0x61, 0x00, 0x74, 0x00,
	0x68, 0x00, 0x00, 0x00, 0xCC, 0xCC, 0xCC, 0xCC, 0xCC, 0xCC, 0xCC, 0xCC,
	0xCC, 0xCC, 0xCC, 0xCC, 0x62, 0x72, 0x69, 0x64, 0x67, 0x65, 0x2D, 0x76,
	0x32, 0x00, 0x00, 0x00, 0x00, 0x00, 0x00, 0x00, 0x00, 0x00, 0x00, 0x00,
	0x00, 0x00, 0x00, 0x00, 0x00, 0x00, 0x00, 0x00, 0x00, 0x00, 0x00, 0x00,
	0x00, 0x00, 0x00, 0x00, 0x00, 0x00, 0x00, 0x00, 0x00, 0x00, 0x00, 0x00,
	0x00, 0x00, 0x00, 0x00, 0x00, 0x00, 0x00, 0x00, 0x00, 0x00, 0x00, 0x00,
	0x00, 0x00, 0x00, 0x00, 0x00, 0x00, 0x00, 0x00, 0x00, 0x00, 0x00, 0x00,
	0x00, 0x00, 0x00, 0x00, 0x00, 0x00, 0x00, 0x00, 0x00, 0x00, 0x00, 0x00,
	0x00, 0x00, 0x00, 0x00, 0x00, 0x00, 0x00, 0x00, 0x00, 0x00, 0x00, 0x00,
	0x00, 0x00, 0x00, 0x00, 0x00, 0x00, 0x00, 0x00, 0x00, 0x00, 0x00, 0x00,
	0x00, 0x00, 0x00, 0x00, 0x00, 0x00, 0x00, 0x00, 0x00, 0x00, 0x00, 0x00,
	0x00, 0x00, 0x00, 0x00, 0x00, 0x00, 0x00, 0x00, 0x00, 0x00, 0x00, 0x00,
	0x00, 0x00, 0x00, 0x00, 0x00, 0x00, 0x00, 0x00, 0x00, 0x00, 0x00, 0x00,
	0x00, 0x00, 0x00, 0x00, 0x00, 0x00, 0x00, 0x00, 0x00, 0x00, 0x00, 0x00,
	0x00, 0x00, 0x00, 0x00, 0x00, 0x00, 0x00, 0x00, 0x00, 0x00, 0x00, 0x00,
	0x00, 0x00, 0x00, 0x00, 0x00, 0x00, 0x00, 0x00, 0x00, 0x00, 0x00, 0x00,
	0x00, 0x00, 0x00, 0x00, 0x00, 0x00, 0x00, 0x00, 0x00, 0x00, 0x00, 0x00,
	0x00, 0x00, 0x00, 0x00, 0x00, 0x00, 0x00, 0x00, 0x00, 0x00, 0x00, 0x00,
	0x00, 0x00, 0x00, 0x00, 0x00, 0x00, 0x00, 0x00, 0x00, 0x00, 0x00, 0x00,
	0x00, 0x00, 0x00, 0x00, 0x00, 0x00, 0x00, 0x00, 0x00, 0x00, 0x00, 0x00,
	0x00, 0x00, 0x00, 0x00, 0x00, 0x00, 0x00, 0x00, 0x00, 0x00, 0x00, 0x00,
	0x00, 0x00, 0x00, 0x00, 0x00, 0x00, 0x00, 0x00, 0x00, 0x00, 0x00, 0x00,
	0x00, 0x00, 0x00, 0x00, 0x00, 0x00, 0x00, 0x00, 0x00, 0x00, 0x00, 0x00,
	0x00, 0x00, 0x00, 0x00, 0x00, 0x00, 0x00, 0x00, 0x00, 0x00, 0x00, 0x00,
	0x00, 0x00, 0x00, 0x00, 0x00, 0x00, 0x00, 0x00, 0x00, 0x00, 0x00, 0x00,
	0x00, 0x00, 0x00, 0x00, 0x00, 0x00, 0x00, 0x00, 0x00, 0x00, 0x00, 0x00,
	0x00, 0x00, 0x00, 0x00, 0x00, 0x00, 0x00, 0x00, 0x00, 0x00, 0x00, 0x00,
	0x00, 0x00, 0x00, 0x00, 0x00, 0x00, 0x00, 0x00, 0x00, 0x00, 0x00, 0x00,
	0x00, 0x00, 0x00, 0x00, 0x00, 0x00, 0x00, 0x00, 0x00, 0x00, 0x00, 0x00,
	0x00, 0x00, 0x00, 0x00, 0x00, 0x00, 0x00, 0x00, 0x00, 0x00, 0x00, 0x00,
	0x00, 0x00, 0x00, 0x00, 0x00, 0x00, 0x00, 0x00, 0x76, 0x46, 0x01, 0x00,
	0x00, 0x00, 0x00, 0x00, 0x00, 0x00, 0x00, 0x00, 0x00, 0x00, 0x00, 0x00,
	0xCE, 0x42, 0x01, 0x00, 0x00, 0x00, 0x00, 0x00, 0xDC, 0x42, 0x01, 0x00,
	0x00, 0x00, 0x00, 0x00, 0xF4, 0x42, 0x01, 0x00, 0x00, 0x00, 0x00, 0x00,
	0x00, 0x00, 0x00, 0x00, 0x00, 0x00, 0x00, 0x00, 0x8C, 0x42, 0x01, 0x00,
	0x00, 0x00, 0x00, 0x00, 0x7A, 0x42, 0x01, 0x00, 0x00, 0x00, 0x00, 0x00,
	0x66, 0x42, 0x01, 0x00, 0x00, 0x00, 0x00, 0x00, 0x46, 0x42, 0x01, 0x00,
	0x00, 0x00, 0x00, 0x00, 0xB4, 0x42, 0x01, 0x00, 0x00, 0x00, 0x00, 0x00,
	0xA0, 0x42, 0x01, 0x00, 0x00, 0x00, 0x00, 0x00, 0x28, 0x42, 0x01, 0x00,
	0x00, 0x00, 0x00, 0x00, 0x00, 0x00, 0x00, 0x00, 0x00, 0x00, 0x00, 0x00,
	0x46, 0x43, 0x01, 0x00, 0x00, 0x00, 0x00, 0x00, 0x58, 0x43, 0x01, 0x00,
	0x00, 0x00, 0x00, 0x00, 0x6C, 0x43, 0x01, 0x00, 0x00, 0x00, 0x00, 0x00,
	0x7A, 0x43, 0x01, 0x00, 0x00, 0x00, 0x00, 0x00, 0x8E, 0x43, 0x01, 0x00,
	0x00, 0x00, 0x00, 0x00, 0x9C, 0x43, 0x01, 0x00, 0x00, 0x00, 0x00, 0x00,
	0xB4, 0x43, 0x01, 0x00, 0x00, 0x00, 0x00, 0x00, 0xCC, 0x43, 0x01, 0x00,
	0x00, 0x00, 0x00, 0x00, 0xEA, 0x43, 0x01, 0x00, 0x00, 0x00, 0x00, 0x00,
	0xFE, 0x43, 0x01, 0x00, 0x00, 0x00, 0x00, 0x00, 0x10, 0x44, 0x01, 0x00,
	0x00, 0x00, 0x00, 0x00, 0x24, 0x44, 0x01, 0x00, 0x00, 0x00, 0x00, 0x00,
	0x40, 0x44, 0x01, 0x00, 0x00, 0x00, 0x00, 0x00, 0x50, 0x44, 0x01, 0x00,
	0x00, 0x00, 0x00, 0x00, 0x0E, 0x43, 0x01, 0x00, 0x00, 0x00, 0x00, 0x00,
	0x80, 0x44, 0x01, 0x00, 0x00, 0x00, 0x00, 0x00, 0x90, 0x44, 0x01, 0x00,
	0x00, 0x00, 0x00, 0x00, 0x9C, 0x44, 0x01, 0x00, 0x00, 0x00, 0x00, 0x00,
	0xA8, 0x44, 0x01, 0x00, 0x00, 0x00, 0x00, 0x00, 0xBE, 0x44, 0x01, 0x00,
	0x00, 0x00, 0x00, 0x00, 0xDA, 0x44, 0x01, 0x00, 0x00, 0x00, 0x00, 0x00,
	0xF6, 0x44, 0x01, 0x00, 0x00, 0x00, 0x00, 0x00, 0x0E, 0x45, 0x01, 0x00,
	0x00, 0x00, 0x00, 0x00, 0x1E, 0x45, 0x01, 0x00, 0x00, 0x00, 0x00, 0x00,
	0x28, 0x45, 0x01, 0x00, 0x00, 0x00, 0x00, 0x00, 0x34, 0x45, 0x01, 0x00,
	0x00, 0x00, 0x00, 0x00, 0x46, 0x45, 0x01, 0x00, 0x00, 0x00, 0x00, 0x00,
	0x58, 0x45, 0x01, 0x00, 0x00, 0x00, 0x00, 0x00, 0x76, 0x45, 0x01, 0x00,
	0x00, 0x00, 0x00, 0x00, 0x8E, 0x45, 0x01, 0x00, 0x00, 0x00, 0x00, 0x00,
	0xA0, 0x45, 0x01, 0x00, 0x00, 0x00, 0x00, 0x00, 0xBE, 0x45, 0x01, 0x00,
	0x00, 0x00, 0x00, 0x00, 0xDA, 0x45, 0x01, 0x00, 0x00, 0x00, 0x00, 0x00,
	0xF6, 0x45, 0x01, 0x00, 0x00, 0x00, 0x00, 0x00, 0x0E, 0x46, 0x01, 0x00,
	0x00, 0x00, 0x00, 0x00, 0x1A, 0x46, 0x01, 0x00, 0x00, 0x00, 0x00, 0x00,
	0x2E, 0x46, 0x01, 0x00, 0x00, 0x00, 0x00, 0x00, 0x3E, 0x46, 0x01, 0x00,
	0x00, 0x00, 0x00, 0x00, 0x4E, 0x46, 0x01, 0x00, 0x00, 0x00, 0x00, 0x00,
	0x26, 0x43, 0x01, 0x00, 0x00, 0x00, 0x00, 0x00, 0x60, 0x44, 0x01, 0x00,
	0x00, 0x00, 0x00, 0x00, 0x00, 0x00, 0x00, 0x00, 0x00, 0x00, 0x00, 0x00,
	0x6D, 0x00, 0x73, 0x00, 0x73, 0x00, 0x65, 0x00, 0x63, 0x00, 0x66, 0x00,
	0x6C, 0x00, 0x74, 0x00, 0x2E, 0x00, 0x73, 0x00, 0x79, 0x00, 0x73, 0x00,
	0x00, 0x00, 0x00, 0x00, 0x00, 0x00, 0x00, 0x00, 0x62, 0x00, 0x61, 0x00,
	0x6D, 0x00, 0x2E, 0x00, 0x73, 0x00, 0x79, 0x00, 0x73, 0x00, 0x00, 0x00,
	0x61, 0x00, 0x68, 0x00, 0x63, 0x00, 0x61, 0x00, 0x63, 0x00, 0x68, 0x00,
	0x65, 0x00, 0x2E, 0x00, 0x73, 0x00, 0x79, 0x00, 0x73, 0x00, 0x00, 0x00,
	0x6D, 0x00, 0x6D, 0x00, 0x63, 0x00, 0x73, 0x00, 0x73, 0x00, 0x2E, 0x00,
	0x73, 0x00, 0x79, 0x00, 0x73, 0x00, 0x00, 0x00, 0x00, 0x00, 0x00, 0x00,
	0x42, 0x00, 0x61, 0x00, 0x73, 0x00, 0x69, 0x00, 0x63, 0x00, 0x52, 0x00,
	0x65, 0x00, 0x6E, 0x00, 0x64, 0x00, 0x65, 0x00, 0x72, 0x00, 0x2E, 0x00,
	0x73, 0x00, 0x79, 0x00, 0x73, 0x00, 0x00, 0x00, 0x43, 0x00, 0x6F, 0x00,
	0x6D, 0x00, 0x70, 0x00, 0x6F, 0x00, 0x73, 0x00, 0x69, 0x00, 0x74, 0x00,
	0x65, 0x00, 0x42, 0x00, 0x75, 0x00, 0x73, 0x00, 0x2E, 0x00, 0x73, 0x00,
	0x79, 0x00, 0x73, 0x00, 0x00, 0x00, 0x00, 0x00, 0x00, 0x00, 0x00, 0x00,
	0x6B, 0x00, 0x64, 0x00, 0x6E, 0x00, 0x69, 0x00, 0x63, 0x00, 0x2E, 0x00,
	0x73, 0x00, 0x79, 0x00, 0x73, 0x00, 0x00, 0x00, 0x00, 0x00, 0x00, 0x00,
	0x75, 0x00, 0x6D, 0x00, 0x62, 0x00, 0x75, 0x00, 0x73, 0x00, 0x2E, 0x00,
	0x73, 0x00, 0x79, 0x00, 0x73, 0x00, 0x00, 0x00, 0x00, 0x00, 0x00, 0x00,
	0x57, 0x00, 0x6D, 0x00, 0x69, 0x00, 0x4C, 0x00, 0x69, 0x00, 0x62, 0x00,
	0x2E, 0x00, 0x73, 0x00, 0x79, 0x00, 0x73, 0x00, 0x00, 0x00, 0x00, 0x00,
	0x68, 0x00, 0x77, 0x00, 0x70, 0x00, 0x6F, 0x00, 0x6C, 0x00, 0x69, 0x00,
	0x63, 0x00, 0x79, 0x00, 0x2E, 0x00, 0x73, 0x00, 0x79, 0x00, 0x73, 0x00,
	0x00, 0x00, 0x00, 0x00, 0x00, 0x00, 0x00, 0x00, 0x6D, 0x00, 0x73, 0x00,
	0x73, 0x00, 0x6D, 0x00, 0x62, 0x00, 0x69, 0x00, 0x6F, 0x00, 0x73, 0x00,
	0x2E, 0x00, 0x73, 0x00, 0x79, 0x00, 0x73, 0x00, 0x00, 0x00, 0x00, 0x00,
	0x00, 0x00, 0x00, 0x00, 0x69, 0x00, 0x6E, 0x00, 0x74, 0x00, 0x65, 0x00,
	0x6C, 0x00, 0x70, 0x00, 0x65, 0x00, 0x70, 0x00, 0x2E, 0x00, 0x73, 0x00,
	0x79, 0x00, 0x73, 0x00, 0x00, 0x00, 0x00, 0x00, 0x00, 0x00, 0x00, 0x00,
	0x70, 0x72, 0x6F, 0x63, 0x64, 0x75, 0x6D, 0x70, 0x00, 0x00, 0x00, 0x00,
	0x00, 0x00, 0x00, 0x00, 0x70, 0x72, 0x6F, 0x63, 0x65, 0x73, 0x73, 0x64,
	0x75, 0x6D, 0x70, 0x00, 0x00, 0x00, 0x00, 0x00, 0x68, 0x6F, 0x6C, 0x6C,
	0x6F, 0x77, 0x73, 0x68, 0x75, 0x6E, 0x74, 0x00, 0x00, 0x00, 0x00, 0x00,
	0x70, 0x65, 0x2D, 0x73, 0x69, 0x65, 0x76, 0x65, 0x00, 0x00, 0x00, 0x00,
	0x73, 0x63, 0x79, 0x6C, 0x6C, 0x61, 0x00, 0x00, 0x00, 0x00, 0x00, 0x00,
	0x74, 0x61, 0x73, 0x6B, 0x64, 0x6D, 0x70, 0x00, 0x6D, 0x69, 0x6E, 0x69,
	0x64, 0x75, 0x6D, 0x70, 0x00, 0x00, 0x00, 0x00, 0x78, 0x36, 0x34, 0x64,
	0x62, 0x67, 0x00, 0x00, 0x78, 0x33, 0x32, 0x64, 0x62, 0x67, 0x00, 0x00,
	0x77, 0x69, 0x6E, 0x64, 0x62, 0x67, 0x00, 0x00, 0x69, 0x64, 0x61, 0x36,
	0x34, 0x00, 0x00, 0x00, 0x69, 0x64, 0x61, 0x71, 0x00, 0x00, 0x00, 0x00,
	0x00, 0x00, 0x00, 0x00, 0x63, 0x68, 0x65, 0x61, 0x74, 0x65, 0x6E, 0x67,
	0x69, 0x6E, 0x65, 0x00, 0x00, 0x00, 0x00, 0x00, 0x61, 0x70, 0x69, 0x6D,
	0x6F, 0x6E, 0x69, 0x74, 0x6F, 0x72, 0x00, 0x00, 0x00, 0x00, 0x00, 0x00,
	0x6F, 0x6C, 0x6C, 0x79, 0x64, 0x62, 0x67, 0x00, 0x68, 0x79, 0x70, 0x65,
	0x72, 0x64, 0x62, 0x67, 0x00, 0x00, 0x00, 0x00, 0x00, 0x00, 0x00, 0x00,
	0x72, 0x65, 0x63, 0x6C, 0x61, 0x73, 0x73, 0x00, 0x70, 0x72, 0x6F, 0x63,
	0x6D, 0x6F, 0x6E, 0x00, 0x10, 0xE3, 0x00, 0x40, 0x01, 0x00, 0x00, 0x00,
	0x08, 0x00, 0x00, 0x00, 0x00, 0x00, 0x00, 0x00, 0x20, 0xE3, 0x00, 0x40,
	0x01, 0x00, 0x00, 0x00, 0x0B, 0x00, 0x00, 0x00, 0x00, 0x00, 0x00, 0x00,
	0x30, 0xE3, 0x00, 0x40, 0x01, 0x00, 0x00, 0x00, 0x0B, 0x00, 0x00, 0x00,
	0x00, 0x00, 0x00, 0x00, 0x40, 0xE3, 0x00, 0x40, 0x01, 0x00, 0x00, 0x00,
	0x08, 0x00, 0x00, 0x00, 0x00, 0x00, 0x00, 0x00, 0x4C, 0xE3, 0x00, 0x40,
	0x01, 0x00, 0x00, 0x00, 0x06, 0x00, 0x00, 0x00, 0x00, 0x00, 0x00, 0x00,
	0x58, 0xE3, 0x00, 0x40, 0x01, 0x00, 0x00, 0x00, 0x07, 0x00, 0x00, 0x00,
	0x00, 0x00, 0x00, 0x00, 0x60, 0xE3, 0x00, 0x40, 0x01, 0x00, 0x00, 0x00,
	0x08, 0x00, 0x00, 0x00, 0x00, 0x00, 0x00, 0x00, 0xC0, 0xE5, 0x00, 0x40,
	0x01, 0x00, 0x00, 0x00, 0x0B, 0x00, 0x00, 0x00, 0x00, 0x00, 0x00, 0x00,
	0x6C, 0xE3, 0x00, 0x40, 0x01, 0x00, 0x00, 0x00, 0x06, 0x00, 0x00, 0x00,
	0x00, 0x00, 0x00, 0x00, 0x74, 0xE3, 0x00, 0x40, 0x01, 0x00, 0x00, 0x00,
	0x06, 0x00, 0x00, 0x00, 0x00, 0x00, 0x00, 0x00, 0xB8, 0xE3, 0x00, 0x40,
	0x01, 0x00, 0x00, 0x00, 0x07, 0x00, 0x00, 0x00, 0x00, 0x00, 0x00, 0x00,
	0x7C, 0xE3, 0x00, 0x40, 0x01, 0x00, 0x00, 0x00, 0x06, 0x00, 0x00, 0x00,
	0x00, 0x00, 0x00, 0x00, 0x84, 0xE3, 0x00, 0x40, 0x01, 0x00, 0x00, 0x00,
	0x05, 0x00, 0x00, 0x00, 0x00, 0x00, 0x00, 0x00, 0xCC, 0xE5, 0x00, 0x40,
	0x01, 0x00, 0x00, 0x00, 0x05, 0x00, 0x00, 0x00, 0x00, 0x00, 0x00, 0x00,
	0x8C, 0xE3, 0x00, 0x40, 0x01, 0x00, 0x00, 0x00, 0x04, 0x00, 0x00, 0x00,
	0x00, 0x00, 0x00, 0x00, 0x98, 0xE3, 0x00, 0x40, 0x01, 0x00, 0x00, 0x00,
	0x0B, 0x00, 0x00, 0x00, 0x00, 0x00, 0x00, 0x00, 0xD0, 0xE3, 0x00, 0x40,
	0x01, 0x00, 0x00, 0x00, 0x07, 0x00, 0x00, 0x00, 0x00, 0x00, 0x00, 0x00,
	0xD8, 0xE5, 0x00, 0x40, 0x01, 0x00, 0x00, 0x00, 0x08, 0x00, 0x00, 0x00,
	0x00, 0x00, 0x00, 0x00, 0xA8, 0xE3, 0x00, 0x40, 0x01, 0x00, 0x00, 0x00,
	0x0A, 0x00, 0x00, 0x00, 0x00, 0x00, 0x00, 0x00, 0xD8, 0xE3, 0x00, 0x40,
	0x01, 0x00, 0x00, 0x00, 0x07, 0x00, 0x00, 0x00, 0x00, 0x00, 0x00, 0x00,
	0xE4, 0xE5, 0x00, 0x40, 0x01, 0x00, 0x00, 0x00, 0x05, 0x00, 0x00, 0x00,
	0x00, 0x00, 0x00, 0x00, 0xEC, 0xE5, 0x00, 0x40, 0x01, 0x00, 0x00, 0x00,
	0x06, 0x00, 0x00, 0x00, 0x00, 0x00, 0x00, 0x00, 0xC0, 0xE3, 0x00, 0x40,
	0x01, 0x00, 0x00, 0x00, 0x08, 0x00, 0x00, 0x00, 0x00, 0x00, 0x00, 0x00,
	0xF8, 0xE5, 0x00, 0x40, 0x01, 0x00, 0x00, 0x00, 0x07, 0x00, 0x00, 0x00,
	0x00, 0x00, 0x00, 0x00, 0x00, 0xE6, 0x00, 0x40, 0x01, 0x00, 0x00, 0x00,
	0x06, 0x00, 0x00, 0x00, 0x00, 0x00, 0x00, 0x00, 0x08, 0xE6, 0x00, 0x40,
	0x01, 0x00, 0x00, 0x00, 0x07, 0x00, 0x00, 0x00, 0x00, 0x00, 0x00, 0x00,
	0x10, 0xE6, 0x00, 0x40, 0x01, 0x00, 0x00, 0x00, 0x07, 0x00, 0x00, 0x00,
	0x00, 0x00, 0x00, 0x00, 0x18, 0xE6, 0x00, 0x40, 0x01, 0x00, 0x00, 0x00,
	0x08, 0x00, 0x00, 0x00, 0x00, 0x00, 0x00, 0x00, 0x28, 0xE6, 0x00, 0x40,
	0x01, 0x00, 0x00, 0x00, 0x08, 0x00, 0x00, 0x00, 0x00, 0x00, 0x00, 0x00,
	0x34, 0xE6, 0x00, 0x40, 0x01, 0x00, 0x00, 0x00, 0x06, 0x00, 0x00, 0x00,
	0x00, 0x00, 0x00, 0x00, 0x70, 0x72, 0x6F, 0x63, 0x65, 0x73, 0x73, 0x68,
	0x61, 0x63, 0x6B, 0x00, 0x69, 0x64, 0x61, 0x33, 0x32, 0x00, 0x00, 0x00,
	0x00, 0x00, 0x00, 0x00, 0x68, 0x6D, 0x70, 0x61, 0x6C, 0x65, 0x72, 0x74,
	0x00, 0x00, 0x00, 0x00, 0x66, 0x72, 0x69, 0x64, 0x61, 0x00, 0x00, 0x00,
	0x74, 0x69, 0x74, 0x61, 0x6E, 0x68, 0x00, 0x00, 0x00, 0x00, 0x00, 0x00,
	0x64, 0x62, 0x67, 0x68, 0x65, 0x6C, 0x70, 0x00, 0x73, 0x79, 0x6D, 0x73,
	0x72, 0x76, 0x00, 0x00, 0x6D, 0x69, 0x6E, 0x68, 0x6F, 0x6F, 0x6B, 0x00,
	0x64, 0x65, 0x74, 0x6F, 0x75, 0x72, 0x73, 0x00, 0x65, 0x61, 0x73, 0x79,
	0x68, 0x6F, 0x6F, 0x6B, 0x00, 0x00, 0x00, 0x00, 0x00, 0x00, 0x00, 0x00,
	0x70, 0x6F, 0x6C, 0x79, 0x68, 0x6F, 0x6F, 0x6B, 0x00, 0x00, 0x00, 0x00,
	0x69, 0x6E, 0x6A, 0x65, 0x63, 0x74, 0x00, 0x00, 0x00, 0x00, 0x00, 0x00,
	0x7D, 0x5C, 0x7B, 0x40, 0x75, 0x51, 0x52, 0x45, 0x5D, 0x4A, 0x49, 0x6D,
	0x5D, 0x51, 0x57, 0x5B, 0x40, 0x00, 0x00, 0x00, 0x00, 0x00, 0x00, 0x00,
	0x7D, 0x5C, 0x71, 0x5C, 0x44, 0x4C, 0x7B, 0x52, 0x55, 0x56, 0x48, 0x42,
	0x3C, 0x00, 0x00, 0x00, 0x7D, 0x5C, 0x7F, 0x52, 0x44, 0x7C, 0x59, 0x64,
	0x48, 0x58, 0x59, 0x5E, 0x79, 0x45, 0x3E, 0x00, 0x7D, 0x5C, 0x67, 0x5D,
	0x59, 0x54, 0x46, 0x7E, 0x57, 0x6A, 0x4A, 0x5A, 0x5F, 0x58, 0x3E, 0x00,
	0x79, 0x5E, 0x73, 0x5F, 0x58, 0x5A, 0x55, 0x56, 0x4C, 0x5C, 0x77, 0x5F,
	0x50, 0x3D, 0x00, 0x00, 0x79, 0x5E, 0x74, 0x41, 0x51, 0x50, 0x7B, 0x53,
	0x54, 0x39, 0x00, 0x00, 0x00, 0x00, 0x00, 0x00, 0x7D, 0x5C, 0x70, 0x46,
	0x5D, 0x59, 0x52, 0x7A, 0x5C, 0x55, 0x7C, 0x54, 0x4E, 0x73, 0x51, 0x51,
	0x10, 0x20, 0x25, 0x26, 0x20, 0x15, 0x29, 0x28, 0x24, 0x49, 0x00, 0x00,
	0x00, 0x00, 0x00, 0x00, 0x7D, 0x5C, 0x7F, 0x52, 0x44, 0x79, 0x59, 0x54,
	0x53, 0x5C, 0x5E, 0x6B, 0x5D, 0x5A, 0x5B, 0x4C, 0x13, 0x31, 0x27, 0x20,
	0x2D, 0x23, 0x3F, 0x04, 0x29, 0x2A, 0x22, 0x2E, 0x4C, 0x00, 0x00, 0x00,
	0x7D, 0x5C, 0x67, 0x5D, 0x59, 0x54, 0x46, 0x7B, 0x57, 0x5A, 0x51, 0x5E,
	0x58, 0x6D, 0x5F, 0x58, 0x25, 0x32, 0x42, 0x00, 0x00, 0x00, 0x00, 0x00,
	0x7D, 0x5C, 0x62, 0x41, 0x5B, 0x57, 0x53, 0x76, 0x56, 0x5D, 0x76, 0x54,
	0x5F, 0x56, 0x6E, 0x5E, 0x27, 0x24, 0x31, 0x43, 0x00, 0x00, 0x00, 0x00,
	0x7D, 0x5C, 0x67, 0x5D, 0x58, 0x5A, 0x55, 0x5C, 0x68, 0x58, 0x5D, 0x5E,
	0x4F, 0x3D, 0x00, 0x00, 0x7B, 0x54, 0x7B, 0x5D, 0x5D, 0x41, 0x5F, 0x56,
	0x54, 0x50, 0x40, 0x5E, 0x78, 0x4D, 0x5D, 0x3F, 0x7B, 0x54, 0x7B, 0x5D,
	0x5D, 0x41, 0x5F, 0x56, 0x54, 0x50, 0x40, 0x5E, 0x68, 0x54, 0x53, 0x5A,
	0x32, 0x04, 0x3A, 0x43, 0x00, 0x00, 0x00, 0x00, 0x7B, 0x54, 0x61, 0x56,
	0x40, 0x61, 0x5F, 0x5A, 0x5D, 0x4B, 0x7F, 0x43, 0x3C, 0x00, 0x00, 0x00,
	0x7B, 0x54, 0x71, 0x52, 0x5A, 0x56, 0x53, 0x5B, 0x6C, 0x50, 0x57, 0x5E,
	0x4E, 0x3D, 0x00, 0x00, 0x7B, 0x54, 0x74, 0x5F, 0x41, 0x46, 0x5E, 0x66,
	0x4D, 0x5C, 0x4F, 0x5E, 0x58, 0x79, 0x4E, 0x5C, 0x33, 0x41, 0x00, 0x00,
	0x00, 0x00, 0x00, 0x00, 0x74, 0x53, 0x55, 0x63, 0x46, 0x5C, 0x58, 0x43,
	0x7D, 0x41, 0x3A, 0x00, 0x00, 0x00, 0x00, 0x00, 0x7B, 0x54, 0x70, 0x46,
	0x53, 0x76, 0x5E, 0x52, 0x5B, 0x52, 0x7F, 0x43, 0x3C, 0x00, 0x00, 0x00,
	0x7B, 0x54, 0x7B, 0x43, 0x5D, 0x72, 0x53, 0x59, 0x5D, 0x4B, 0x53, 0x58,
	0x7F, 0x5C, 0x52, 0x53, 0x40, 0x00, 0x00, 0x00, 0x00, 0x00, 0x00, 0x00,
	0x60, 0x42, 0x71, 0x41, 0x51, 0x54, 0x42, 0x52, 0x6B, 0x40, 0x49, 0x4F,
	0x59, 0x50, 0x6A, 0x57, 0x32, 0x24, 0x23, 0x27, 0x44, 0x00, 0x00, 0x00,
	0x7B, 0x54, 0x76, 0x56, 0x58, 0x54, 0x4F, 0x72, 0x40, 0x5C, 0x59, 0x4E,
	0x48, 0x54, 0x51, 0x51, 0x14, 0x29, 0x30, 0x26, 0x25, 0x21, 0x46, 0x00,
	0x60, 0x42, 0x66, 0x56, 0x46, 0x58, 0x5F, 0x59, 0x59, 0x4D, 0x5F, 0x68,
	0x45, 0x4E, 0x4A, 0x5A, 0x2D, 0x15, 0x2A, 0x31, 0x21, 0x24, 0x22, 0x47,
	0x7F, 0x53, 0x54, 0x77, 0x51, 0x47, 0x53, 0x51, 0x5D, 0x4B, 0x5F, 0x55,
	0x5F, 0x58, 0x71, 0x5D, 0x2A, 0x24, 0x21, 0x37, 0x44, 0x00, 0x00, 0x00,
	0x7F, 0x53, 0x60, 0x56, 0x52, 0x50, 0x44, 0x52, 0x56, 0x5A, 0x5F, 0x74,
	0x5E, 0x57, 0x5B, 0x5C, 0x34, 0x03, 0x3B, 0x0D, 0x25, 0x28, 0x23, 0x47,
	0x7F, 0x53, 0x60, 0x56, 0x53, 0x5C, 0x45, 0x43, 0x5D, 0x4B, 0x79, 0x5A,
	0x50, 0x51, 0x5C, 0x5E, 0x23, 0x2A, 0x31, 0x43, 0x00, 0x00, 0x00, 0x00,
	0x7F, 0x53, 0x67, 0x5D, 0x66, 0x50, 0x51, 0x5E, 0x4B, 0x4D, 0x5F, 0x49,
	0x7F, 0x5C, 0x52, 0x53, 0x22, 0x20, 0x21, 0x28, 0x37, 0x45, 0x00, 0x00,
	0x6A, 0x46, 0x71, 0x5F, 0x5B, 0x46, 0x53, 0x37, 0x62, 0x45, 0x5E, 0x7A,
	0x5A, 0x5C, 0x42, 0x62, 0x56, 0x50, 0x59, 0x54, 0x58, 0x58, 0x6D, 0x4B,
	0x32, 0x28, 0x2C, 0x24, 0x44, 0x00, 0x00, 0x00, 0x62, 0x45, 0x5E, 0x74,
	0x51, 0x41, 0x60, 0x52, 0x4A, 0x4A, 0x53, 0x54, 0x52, 0x3D, 0x00, 0x00,
	0x7B, 0x57, 0x60, 0x52, 0x5D, 0x46, 0x53, 0x7E, 0x4A, 0x48, 0x56, 0x3B,
	0x00, 0x00, 0x00, 0x00, 0x7B, 0x54, 0x7E, 0x5C, 0x43, 0x50, 0x44, 0x7E,
	0x4A, 0x48, 0x56, 0x3B, 0x00, 0x00, 0x00, 0x00, 0x75, 0x49, 0x73, 0x50,
	0x45, 0x40, 0x5F, 0x45, 0x5D, 0x6B, 0x5F, 0x48, 0x53, 0x48, 0x4C, 0x5C,
	0x25, 0x04, 0x3A, 0x20, 0x28, 0x30, 0x35, 0x2E, 0x3E, 0x2C, 0x06, 0x22,
	0x38, 0x28, 0x4E, 0x00, 0x75, 0x49, 0x60, 0x56, 0x58, 0x50, 0x57, 0x44,
	0x5D, 0x6B, 0x5F, 0x48, 0x53, 0x48, 0x4C, 0x5C, 0x25, 0x0D, 0x2B, 0x37,
	0x21, 0x45, 0x00, 0x00, 0x62, 0x45, 0x5E, 0x7F, 0x5B, 0x5A, 0x5D, 0x42,
	0x48, 0x7C, 0x56, 0x5E, 0x51, 0x58, 0x50, 0x4B, 0x07, 0x24, 0x2C, 0x26,
	0x36, 0x2C, 0x25, 0x13, 0x29, 0x2B, 0x26, 0x2E, 0x0D, 0x3B, 0x22, 0x4F,
	0x62, 0x45, 0x5E, 0x77, 0x51, 0x59, 0x53, 0x43, 0x5D, 0x7C, 0x56, 0x5E,
	0x51, 0x58, 0x50, 0x4B, 0x07, 0x24, 0x2C, 0x26, 0x36, 0x2C, 0x25, 0x13,
	0x29, 0x2B, 0x26, 0x2E, 0x0D, 0x3B, 0x22, 0x4F, 0x7B, 0x54, 0x77, 0x5D,
	0x40, 0x50, 0x44, 0x74, 0x4A, 0x50, 0x4E, 0x52, 0x5F, 0x5C, 0x52, 0x6D,
	0x25, 0x26, 0x2B, 0x2C, 0x2A, 0x45, 0x00, 0x00, 0x7B, 0x54, 0x7E, 0x56,
	0x55, 0x43, 0x53, 0x74, 0x4A, 0x50, 0x4E, 0x52, 0x5F, 0x5C, 0x52, 0x6D,
	0x25, 0x26, 0x2B, 0x2C, 0x2A, 0x45, 0x00, 0x00, 0x6A, 0x46, 0x7D, 0x43,
	0x51, 0x5B, 0x7D, 0x52, 0x41, 0x39, 0x00, 0x00, 0x00, 0x00, 0x00, 0x00,
	0x6A, 0x46, 0x63, 0x46, 0x51, 0x47, 0x4F, 0x61, 0x59, 0x55, 0x4F, 0x5E,
	0x77, 0x58, 0x47, 0x3F, 0x6A, 0x46, 0x76, 0x56, 0x58, 0x50, 0x42, 0x52,
	0x7E, 0x50, 0x56, 0x5E, 0x3C, 0x00, 0x00, 0x00, 0x6A, 0x46, 0x61, 0x56,
	0x40, 0x7C, 0x58, 0x51, 0x57, 0x4B, 0x57, 0x5A, 0x48, 0x54, 0x51, 0x51,
	0x06, 0x28, 0x2E, 0x26, 0x44, 0x00, 0x00, 0x00, 0x79, 0x5E, 0x71, 0x41,
	0x51, 0x54, 0x42, 0x52, 0x7E, 0x50, 0x56, 0x5E, 0x79, 0x45, 0x3E, 0x00,
	0x60, 0x42, 0x61, 0x56, 0x40, 0x76, 0x44, 0x52, 0x59, 0x4D, 0x5F, 0x6B,
	0x4E, 0x52, 0x5D, 0x5A, 0x33, 0x32, 0x0C, 0x2C, 0x30, 0x2C, 0x20, 0x3E,
	0x1A, 0x26, 0x3F, 0x3F, 0x25, 0x23, 0x2B, 0x4F, 0x60, 0x42, 0x61, 0x56,
	0x40, 0x76, 0x44, 0x52, 0x59, 0x4D, 0x5F, 0x6B, 0x4E, 0x52, 0x5D, 0x5A,
	0x33, 0x32, 0x0C, 0x2C, 0x30, 0x2C, 0x20, 0x3E, 0x1A, 0x26, 0x3F, 0x3F,
	0x25, 0x23, 0x2B, 0x0A, 0x28, 0x51, 0x00, 0x00, 0x00, 0x00, 0x00, 0x00,
	0x60, 0x42, 0x61, 0x56, 0x40, 0x79, 0x59, 0x56, 0x5C, 0x70, 0x57, 0x5A,
	0x5B, 0x58, 0x70, 0x50, 0x34, 0x28, 0x24, 0x3A, 0x16, 0x2A, 0x33, 0x33,
	0x21, 0x27, 0x2F, 0x4B, 0x00, 0x00, 0x00, 0x00, 0x60, 0x42, 0x60, 0x56,
	0x59, 0x5A, 0x40, 0x52, 0x74, 0x56, 0x5B, 0x5F, 0x75, 0x50, 0x5F, 0x58,
	0x25, 0x0F, 0x2D, 0x37, 0x2D, 0x23, 0x3F, 0x15, 0x27, 0x3C, 0x3E, 0x22,
	0x22, 0x28, 0x4E, 0x00, 0x6A, 0x46, 0x66, 0x56, 0x46, 0x58, 0x5F, 0x59,
	0x59, 0x4D, 0x5F, 0x6B, 0x4E, 0x52, 0x5D, 0x5A, 0x33, 0x32, 0x42, 0x00,
	0x00, 0x00, 0x00, 0x00, 0x6A, 0x46, 0x7D, 0x43, 0x51, 0x5B, 0x66, 0x45,
	0x57, 0x5A, 0x5F, 0x48, 0x4F, 0x3D, 0x00, 0x00, 0x79, 0x5E, 0x76, 0x41,
	0x5D, 0x43, 0x53, 0x45, 0x77, 0x5B, 0x50, 0x5E, 0x5F, 0x49, 0x6A, 0x46,
	0x30, 0x24, 0x42, 0x00, 0x00, 0x00, 0x00, 0x00, 0x48, 0x8D, 0x0D, 0x00,
	0x00, 0x00, 0x00, 0xE8, 0x00, 0x00, 0x00, 0x00, 0x3D, 0x34, 0x00, 0x00,
	0xC0, 0x00, 0x00, 0x00, 0x00, 0x00, 0x00, 0x00, 0x48, 0x8D, 0x0D, 0x00,
	0x00, 0x00, 0x00, 0xE8, 0x00, 0x00, 0x00, 0x00, 0x3D, 0x22, 0x00, 0x00,
	0xC0, 0x00, 0x00, 0x00, 0x66, 0x03, 0xD2, 0x48, 0x8D, 0x0D, 0x00, 0x00,
	0x00, 0x00, 0x00, 0x00, 0x48, 0x8D, 0x0D, 0x00, 0x00, 0x00, 0x00, 0xE8,
	0x00, 0x00, 0x00, 0x00, 0x48, 0x85, 0xC0, 0x00, 0x48, 0x8D, 0x0D, 0x00,
	0x00, 0x00, 0x00, 0x45, 0x33, 0xC0, 0x00, 0x00, 0x48, 0x8B, 0x55, 0x00,
	0x48, 0x8D, 0x0D, 0x00, 0x00, 0x00, 0x00, 0x00, 0x4C, 0x8B, 0x15, 0x00,
	0x00, 0x00, 0x00, 0x4C, 0x8B, 0xC9, 0x00, 0x00, 0x00, 0x00, 0x00, 0x00,
	0x4C, 0x8B, 0x00, 0x00, 0x00, 0x00, 0x00, 0x4C, 0x8B, 0xC9, 0x4D, 0x85,
	0x00, 0x74, 0x00, 0x00, 0x48, 0x8B, 0x1D, 0x00, 0x00, 0x00, 0x00, 0x48,
	0x8B, 0xF9, 0x00, 0x00, 0x00, 0x00, 0x00, 0x00, 0x4C, 0x8B, 0x2D, 0x00,
	0x00, 0x00, 0x00, 0x4D, 0x85, 0xED, 0x00, 0x00, 0x00, 0x00, 0x00, 0x00,
	0x48, 0x8B, 0x1D, 0x00, 0x00, 0x00, 0x00, 0xEB, 0x00, 0xF7, 0x43, 0x00,
	0x00, 0x00, 0x00, 0x00, 0x48, 0x8D, 0x0D, 0x00, 0x00, 0x00, 0x00, 0xE8,
	0x00, 0x00, 0x00, 0x00, 0x48, 0x8B, 0x5C, 0x24, 0x00, 0x48, 0x83, 0xC4,
	0x00, 0x00, 0x00, 0x00, 0x48, 0x8B, 0x3D, 0x00, 0x00, 0x00, 0x00, 0x48,
	0x85, 0xFF, 0x00, 0x00, 0x00, 0x00, 0x00, 0x00, 0x4C, 0x8B, 0x3D, 0x00,
	0x00, 0x00, 0x00, 0x4D, 0x85, 0xFF, 0x00, 0x00, 0x00, 0x00, 0x00, 0x00,
	0x48, 0x8B, 0x05, 0x00, 0x00, 0x00, 0x00, 0x48, 0x85, 0xC0, 0x00, 0x00,
	0x00, 0x00, 0x00, 0x00, 0x4C, 0x8B, 0x25, 0x00, 0x00, 0x00, 0x00, 0x4D,
	0x85, 0xE4, 0x00, 0x00, 0x44, 0x8B, 0x35, 0x00, 0x00, 0x00, 0x00, 0x00,
	0x8B, 0x0D, 0x00, 0x00, 0x00, 0x00, 0x00, 0x00, 0x00, 0x00, 0x00, 0x00,
	0xA1, 0xF3, 0x6E, 0x5D, 0xC4, 0xB2, 0x98, 0x5E, 0x23, 0xF1, 0xA1, 0x60,
	0x34, 0xD8, 0xC7, 0x61, 0x89, 0xA7, 0xF4, 0x62, 0x45, 0x23, 0xB1, 0x63,
	0x78, 0xF6, 0xDE, 0x64, 0xBC, 0x3A, 0x12, 0x5F, 0x48, 0x83, 0x3D, 0x00,
	0x00, 0x00, 0x00, 0x00, 0x74, 0x00, 0x00, 0x00, 0x00, 0x00, 0x00, 0x00,
	0x48, 0x8D, 0x0D, 0x00, 0x00, 0x00, 0x00, 0x48, 0x89, 0x44, 0x24, 0x00,
	0x48, 0x8D, 0x0D, 0x00, 0x4C, 0x8D, 0x05, 0x00, 0x48, 0x8D, 0x0D, 0x00,
	0x70, 0x6B, 0x4E, 0x57, 0x4D, 0x6D, 0x43, 0x6D, 0x6A, 0x69, 0x4E, 0x57,
	0x4D, 0x6D, 0x53, 0x74, 0x66, 0x72, 0x4E, 0x57, 0x4E, 0x74, 0x46, 0x73,
	0x6C, 0x65, 0x44, 0x57, 0x43, 0x63, 0x53, 0x63, 0x64, 0x70, 0x4E, 0x57,
	0x46, 0x4D, 0x66, 0x6E, 0x73, 0x74, 0x4E, 0x57, 0x4F, 0x62, 0x44, 0x69,
	0x62, 0x77, 0x4E, 0x57, 0x49, 0x4F, 0x43, 0x6F, 0x48, 0x8B, 0x05, 0x00,
	0x4C, 0x8B, 0x25, 0x00, 0x44, 0x8B, 0x35, 0x00, 0x8B, 0x0D, 0x00, 0x00,
	0x64, 0x75, 0x6D, 0x70, 0x65, 0x72, 0x00, 0x00, 0x70, 0x72, 0x6F, 0x63,
	0x65, 0x73, 0x73, 0x68, 0x61, 0x63, 0x6B, 0x65, 0x72, 0x00, 0x00, 0x00,
	0x69, 0x64, 0x61, 0x00, 0x69, 0x64, 0x61, 0x71, 0x36, 0x34, 0x00, 0x00,
	0x67, 0x68, 0x69, 0x64, 0x72, 0x61, 0x00, 0x00, 0x00, 0x00, 0x00, 0x00,
	0x62, 0x69, 0x6E, 0x61, 0x72, 0x79, 0x6E, 0x69, 0x6E, 0x6A, 0x61, 0x00,
	0x64, 0x6E, 0x73, 0x70, 0x79, 0x00, 0x00, 0x00, 0x69, 0x6C, 0x73, 0x70,
	0x79, 0x00, 0x00, 0x00, 0x63, 0x65, 0x2E, 0x65, 0x78, 0x65, 0x00, 0x00,
	0x00, 0x00, 0x00, 0x00, 0x72, 0x65, 0x73, 0x68, 0x61, 0x63, 0x6B, 0x00,
	0x70, 0x65, 0x73, 0x74, 0x75, 0x64, 0x69, 0x6F, 0x00, 0x00, 0x00, 0x00,
	0x00, 0x00, 0x00, 0x00, 0x72, 0x61, 0x64, 0x61, 0x72, 0x65, 0x32, 0x00,
	0x63, 0x75, 0x74, 0x74, 0x65, 0x72, 0x00, 0x00, 0x63, 0x6C, 0x61, 0x73,
	0x73, 0x69, 0x6E, 0x66, 0x6F, 0x00, 0x00, 0x00, 0x00, 0x00, 0x00, 0x00,
	0x73, 0x69, 0x67, 0x6D, 0x61, 0x6B, 0x65, 0x72, 0x00, 0x00, 0x00, 0x00,
	0x70, 0x65, 0x69, 0x64, 0x00, 0x00, 0x00, 0x00, 0x00, 0x00, 0x00, 0x00,
	0x64, 0x69, 0x65, 0x2E, 0x65, 0x78, 0x65, 0x00, 0x74, 0x69, 0x74, 0x61,
	0x6E, 0x68, 0x69, 0x64, 0x65, 0x00, 0x00, 0x00, 0x00, 0x00, 0x00, 0x00,
	0x73, 0x63, 0x79, 0x6C, 0x6C, 0x61, 0x68, 0x69, 0x64, 0x65, 0x00, 0x00,
	0x00, 0x00, 0x00, 0x00, 0x76, 0x6F, 0x6C, 0x61, 0x74, 0x69, 0x6C, 0x69,
	0x74, 0x79, 0x00, 0x00, 0x72, 0x65, 0x6B, 0x61, 0x6C, 0x6C, 0x00, 0x00,
	0x00, 0x00, 0x00, 0x00, 0x76, 0x6D, 0x6D, 0x61, 0x70, 0x2E, 0x65, 0x78,
	0x65, 0x00, 0x00, 0x00, 0x61, 0x70, 0x69, 0x73, 0x70, 0x79, 0x00, 0x00,
	0x00, 0x00, 0x00, 0x00, 0x72, 0x77, 0x65, 0x76, 0x65, 0x72, 0x79, 0x74,
	0x68, 0x69, 0x6E, 0x67, 0x00, 0x00, 0x00, 0x00, 0x70, 0x63, 0x69, 0x68,
	0x75, 0x6E, 0x74, 0x65, 0x72, 0x00, 0x00, 0x00, 0x00, 0x00, 0x00, 0x00,
	0x70, 0x63, 0x68, 0x75, 0x6E, 0x74, 0x65, 0x72, 0x00, 0x00, 0x00, 0x00,
	0x77, 0x69, 0x6E, 0x6F, 0x62, 0x6A, 0x00, 0x00, 0x00, 0x00, 0x00, 0x00,
	0x6B, 0x65, 0x72, 0x6E, 0x65, 0x6C, 0x64, 0x65, 0x74, 0x65, 0x63, 0x74,
	0x00, 0x00, 0x00, 0x00, 0x00, 0x00, 0x00, 0x00, 0x90, 0x5B, 0xE2, 0x69,
	0x00, 0x00, 0x00, 0x00, 0x02, 0x00, 0x00, 0x00, 0x4D, 0x00, 0x00, 0x00,
	0xA8, 0xED, 0x00, 0x00, 0xA8, 0xD5, 0x00, 0x00, 0x00, 0x00, 0x00, 0x00,
	0x90, 0x5B, 0xE2, 0x69, 0x00, 0x00, 0x00, 0x00, 0x0D, 0x00, 0x00, 0x00,
	0x18, 0x01, 0x00, 0x00, 0xF8, 0xED, 0x00, 0x00, 0xF8, 0xD5, 0x00, 0x00,
	0x52, 0x53, 0x44, 0x53, 0x03, 0xBC, 0x15, 0xDC, 0xDE, 0x75, 0x35, 0x45,
	0xB2, 0x44, 0xD2, 0x7C, 0x6F, 0x22, 0x5E, 0x8A, 0x01, 0x00, 0x00, 0x00,
	0x43, 0x3A, 0x5C, 0x55, 0x73, 0x65, 0x72, 0x73, 0x5C, 0x72, 0x75, 0x61,
	0x72, 0x5C, 0x41, 0x69, 0x44, 0x41, 0x50, 0x72, 0x69, 0x76, 0x61, 0x74,
	0x65, 0x5C, 0x62, 0x75, 0x69, 0x6C, 0x64, 0x5C, 0x52, 0x65, 0x6C, 0x65,
	0x61, 0x73, 0x65, 0x5C, 0x53, 0x65, 0x6E, 0x74, 0x69, 0x6E, 0x65, 0x6C,
	0x2E, 0x70, 0x64, 0x62, 0x00, 0x00, 0x00, 0x00, 0x00, 0x00, 0x00, 0x00,
	0x00, 0x10, 0x00, 0x00, 0x80, 0xB6, 0x00, 0x00, 0x2E, 0x74, 0x65, 0x78,
	0x74, 0x24, 0x6D, 0x6E, 0x00, 0x00, 0x00, 0x00, 0x80, 0xC6, 0x00, 0x00,
	0xB0, 0x04, 0x00, 0x00, 0x2E, 0x74, 0x65, 0x78, 0x74, 0x24, 0x6D, 0x6E,
	0x24, 0x32, 0x31, 0x00, 0x30, 0xCB, 0x00, 0x00, 0x7A, 0x07, 0x00, 0x00,
	0x2E, 0x74, 0x65, 0x78, 0x74, 0x24, 0x73, 0x00, 0x00, 0xE0, 0x00, 0x00,
	0xC0, 0x01, 0x00, 0x00, 0x2E, 0x69, 0x64, 0x61, 0x74, 0x61, 0x24, 0x35,
	0x00, 0x00, 0x00, 0x00, 0xC0, 0xE1, 0x00, 0x00, 0xE8, 0x0B, 0x00, 0x00,
	0x2E, 0x72, 0x64, 0x61, 0x74, 0x61, 0x00, 0x00, 0xA8, 0xED, 0x00, 0x00,
	0x90, 0x01, 0x00, 0x00, 0x2E, 0x72, 0x64, 0x61, 0x74, 0x61, 0x24, 0x7A,
	0x7A, 0x7A, 0x64, 0x62, 0x67, 0x00, 0x00, 0x00, 0x38, 0xEF, 0x00, 0x00,
	0x70, 0x09, 0x00, 0x00, 0x2E, 0x78, 0x64, 0x61, 0x74, 0x61, 0x00, 0x00,
	0x00, 0x00, 0x01, 0x00, 0x40, 0x02, 0x00, 0x00, 0x2E, 0x64, 0x61, 0x74,
	0x61, 0x00, 0x00, 0x00, 0x40, 0x02, 0x01, 0x00, 0x40, 0x0E, 0x00, 0x00,
	0x2E, 0x62, 0x73, 0x73, 0x00, 0x00, 0x00, 0x00, 0x00, 0x20, 0x01, 0x00,
	0xD0, 0x02, 0x00, 0x00, 0x2E, 0x70, 0x64, 0x61, 0x74, 0x61, 0x00, 0x00,
	0x00, 0x30, 0x01, 0x00, 0x18, 0x00, 0x00, 0x00, 0x2E, 0x73, 0x6E, 0x74,
	0x6C, 0x00, 0x00, 0x00, 0x00, 0x40, 0x01, 0x00, 0x50, 0x00, 0x00, 0x00,
	0x2E, 0x69, 0x64, 0x61, 0x74, 0x61, 0x24, 0x32, 0x00, 0x00, 0x00, 0x00,
	0x50, 0x40, 0x01, 0x00, 0x18, 0x00, 0x00, 0x00, 0x2E, 0x69, 0x64, 0x61,
	0x74, 0x61, 0x24, 0x33, 0x00, 0x00, 0x00, 0x00, 0x68, 0x40, 0x01, 0x00,
	0xC0, 0x01, 0x00, 0x00, 0x2E, 0x69, 0x64, 0x61, 0x74, 0x61, 0x24, 0x34,
	0x00, 0x00, 0x00, 0x00, 0x28, 0x42, 0x01, 0x00, 0x72, 0x04, 0x00, 0x00,
	0x2E, 0x69, 0x64, 0x61, 0x74, 0x61, 0x24, 0x36, 0x00, 0x00, 0x00, 0x00,
	0x00, 0x00, 0x00, 0x00, 0x00, 0x00, 0x00, 0x00, 0x00, 0x00, 0x00, 0x00,
	0x00, 0x00, 0x00, 0x00, 0x00, 0x00, 0x00, 0x00, 0x00, 0x00, 0x00, 0x00,
	0x00, 0x00, 0x00, 0x00, 0x00, 0x00, 0x00, 0x00, 0x00, 0x00, 0x00, 0x00,
	0x00, 0x00, 0x00, 0x00, 0x02, 0x14, 0x0B, 0x00, 0x06, 0x06, 0x13, 0x06,
	0x14, 0x64, 0x07, 0x00, 0x14, 0x54, 0x06, 0x00, 0x14, 0x34, 0x05, 0x00,
	0x14, 0xF0, 0x12, 0xE0, 0x10, 0x70, 0x00, 0x00, 0x02, 0x0A, 0x06, 0x00,
	0x02, 0x16, 0x00, 0x06, 0x0A, 0x34, 0x07, 0x00, 0x0A, 0x32, 0x06, 0x70,
	0x02, 0x1B, 0x0C, 0x00, 0x06, 0x16, 0x00, 0x06, 0x1B, 0x74, 0x11, 0x00,
	0x1B, 0x64, 0x10, 0x00, 0x1B, 0x34, 0x0F, 0x00, 0x1B, 0x92, 0x14, 0xF0,
	0x12, 0xE0, 0x10, 0x50, 0x0A, 0x06, 0x04, 0x00, 0x02, 0x16, 0x00, 0x06,
	0x06, 0x32, 0x02, 0x30, 0xB2, 0xC5, 0x00, 0x00, 0x01, 0x00, 0x00, 0x00,
	0xEA, 0x58, 0x00, 0x00, 0x1A, 0x59, 0x00, 0x00, 0x01, 0x00, 0x00, 0x00,
	0x1E, 0x59, 0x00, 0x00, 0x0A, 0x19, 0x0C, 0x00, 0x07, 0x16, 0x00, 0x06,
	0x19, 0x74, 0x0C, 0x00, 0x19, 0x64, 0x0B, 0x00, 0x19, 0x34, 0x0A, 0x00,
	0x19, 0x52, 0x15, 0xF0, 0x13, 0xE0, 0x11, 0xC0, 0xB2, 0xC5, 0x00, 0x00,
	0x01, 0x00, 0x00, 0x00, 0xB8, 0x31, 0x00, 0x00, 0x34, 0x32, 0x00, 0x00,
	0x01, 0x00, 0x00, 0x00, 0x38, 0x32, 0x00, 0x00, 0x0A, 0x19, 0x0C, 0x00,
	0x03, 0x16, 0x00, 0x06, 0x19, 0xE4, 0x0B, 0x00, 0x19, 0x74, 0x0A, 0x00,
	0x19, 0x64, 0x09, 0x00, 0x19, 0x34, 0x08, 0x00, 0x19, 0x52, 0x15, 0xF0,
	0xB2, 0xC5, 0x00, 0x00, 0x01, 0x00, 0x00, 0x00, 0x05, 0xB4, 0x00, 0x00,
	0x52, 0xB4, 0x00, 0x00, 0x01, 0x00, 0x00, 0x00, 0x61, 0xB4, 0x00, 0x00,
	0x0A, 0x26, 0x0F, 0x00, 0x07, 0x16, 0x00, 0x06, 0x26, 0xC4, 0x11, 0x02,
	0x26, 0x74, 0x10, 0x02, 0x26, 0x64, 0x0F, 0x02, 0x26, 0x34, 0x0E, 0x02,
	0x26, 0x01, 0x0A, 0x02, 0x19, 0xF0, 0x17, 0xE0, 0x15, 0xD0, 0x00, 0x00,
	0xB2, 0xC5, 0x00, 0x00, 0x01, 0x00, 0x00, 0x00, 0x66, 0xB7, 0x00, 0x00,
	0x58, 0xB9, 0x00, 0x00, 0x01, 0x00, 0x00, 0x00, 0x58, 0xB9, 0x00, 0x00,
	0x0A, 0x15, 0x0A, 0x00, 0x03, 0x16, 0x00, 0x06, 0x15, 0x74, 0x0D, 0x00,
	0x15, 0x64, 0x0C, 0x00, 0x15, 0x34, 0x0B, 0x00, 0x15, 0x72, 0x11, 0xE0,
	0xB2, 0xC5, 0x00, 0x00, 0x03, 0x00, 0x00, 0x00, 0x2A, 0xAE, 0x00, 0x00,
	0x39, 0xAE, 0x00, 0x00, 0x01, 0x00, 0x00, 0x00, 0x0D, 0xAF, 0x00, 0x00,
	0x42, 0xAE, 0x00, 0x00, 0x6F, 0xAE, 0x00, 0x00, 0x01, 0x00, 0x00, 0x00,
	0xF3, 0xAE, 0x00, 0x00, 0x8B, 0xAE, 0x00, 0x00, 0xA8, 0xAE, 0x00, 0x00,
	0x01, 0x00, 0x00, 0x00, 0xCA, 0xAE, 0x00, 0x00, 0x0A, 0x18, 0x0A, 0x00,
	0x06, 0x16, 0x00, 0x06, 0x18, 0x64, 0x10, 0x00, 0x18, 0x34, 0x0F, 0x00,
	0x18, 0x92, 0x14, 0xF0, 0x12, 0xE0, 0x10, 0x70, 0xB2, 0xC5, 0x00, 0x00,
	0x04, 0x00, 0x00, 0x00, 0x7B, 0x55, 0x00, 0x00, 0x88, 0x55, 0x00, 0x00,
	0x01, 0x00, 0x00, 0x00, 0x88, 0x55, 0x00, 0x00, 0x94, 0x55, 0x00, 0x00,
	0xA8, 0x55, 0x00, 0x00, 0x01, 0x00, 0x00, 0x00, 0xA8, 0x55, 0x00, 0x00,
	0xB5, 0x55, 0x00, 0x00, 0xDA, 0x55, 0x00, 0x00, 0x01, 0x00, 0x00, 0x00,
	0xDA, 0x55, 0x00, 0x00, 0xEF, 0x55, 0x00, 0x00, 0x21, 0x57, 0x00, 0x00,
	0x01, 0x00, 0x00, 0x00, 0x21, 0x57, 0x00, 0x00, 0x0A, 0x0A, 0x06, 0x00,
	0x02, 0x16, 0x00, 0x06, 0x0A, 0x34, 0x06, 0x00, 0x0A, 0x32, 0x06, 0x70,
	0xB2, 0xC5, 0x00, 0x00, 0x01, 0x00, 0x00, 0x00, 0xA1, 0x58, 0x00, 0x00,
	0xB0, 0x58, 0x00, 0x00, 0x01, 0x00, 0x00, 0x00, 0xB4, 0x58, 0x00, 0x00,
	0x0A, 0x04, 0x03, 0x00, 0x01, 0x16, 0x00, 0x06, 0x04, 0x22, 0x00, 0x00,
	0xB2, 0xC5, 0x00, 0x00, 0x01, 0x00, 0x00, 0x00, 0x53, 0xAF, 0x00, 0x00,
	0x76, 0xAF, 0x00, 0x00, 0x01, 0x00, 0x00, 0x00, 0x76, 0xAF, 0x00, 0x00,
	0x0A, 0x04, 0x03, 0x00, 0x01, 0x16, 0x00, 0x06, 0x04, 0x22, 0x00, 0x00,
	0xB2, 0xC5, 0x00, 0x00, 0x01, 0x00, 0x00, 0x00, 0xD9, 0x5C, 0x00, 0x00,
	0xF3, 0x5C, 0x00, 0x00, 0x01, 0x00, 0x00, 0x00, 0xF3, 0x5C, 0x00, 0x00,
	0x0A, 0x19, 0x0B, 0x00, 0x0C, 0x06, 0x93, 0x06, 0x19, 0x01, 0x0A, 0x02,
	0x0C, 0xF0, 0x0A, 0xE0, 0x08, 0xD0, 0x06, 0xC0, 0x04, 0x70, 0x03, 0x60,
	0x02, 0x30, 0x00, 0x00, 0xB2, 0xC5, 0x00, 0x00, 0x02, 0x00, 0x00, 0x00,
	0x4A, 0xBB, 0x00, 0x00, 0x5B, 0xBB, 0x00, 0x00, 0x01, 0x00, 0x00, 0x00,
	0x2B, 0xBD, 0x00, 0x00, 0x41, 0xBC, 0x00, 0x00, 0x58, 0xBC, 0x00, 0x00,
	0x01, 0x00, 0x00, 0x00, 0x58, 0xBC, 0x00, 0x00, 0x0A, 0x19, 0x0C, 0x00,
	0x03, 0x16, 0x00, 0x06, 0x19, 0xE4, 0x09, 0x00, 0x19, 0x74, 0x08, 0x00,
	0x19, 0x64, 0x07, 0x00, 0x19, 0x34, 0x06, 0x00, 0x19, 0x32, 0x15, 0xF0,
	0xB2, 0xC5, 0x00, 0x00, 0x02, 0x00, 0x00, 0x00, 0x4C, 0xB6, 0x00, 0x00,
	0xC3, 0xB6, 0x00, 0x00, 0x01, 0x00, 0x00, 0x00, 0xCF, 0xB6, 0x00, 0x00,
	0xC7, 0xB6, 0x00, 0x00, 0xCF, 0xB6, 0x00, 0x00, 0x01, 0x00, 0x00, 0x00,
	0xCF, 0xB6, 0x00, 0x00, 0x0A, 0x13, 0x0B, 0x00, 0x0C, 0x16, 0x00, 0x06,
	0x13, 0x01, 0x76, 0x00, 0x0C, 0xF0, 0x0A, 0xE0, 0x08, 0xD0, 0x06, 0xC0,
	0x04, 0x70, 0x03, 0x60, 0x02, 0x30, 0x00, 0x00, 0xB2, 0xC5, 0x00, 0x00,
	0x03, 0x00, 0x00, 0x00, 0x97, 0x43, 0x00, 0x00, 0xEA, 0x43, 0x00, 0x00,
	0x01, 0x00, 0x00, 0x00, 0xEA, 0x43, 0x00, 0x00, 0x58, 0x44, 0x00, 0x00,
	0xAE, 0x44, 0x00, 0x00, 0x01, 0x00, 0x00, 0x00, 0xAE, 0x44, 0x00, 0x00,
	0xFB, 0x44, 0x00, 0x00, 0x93, 0x47, 0x00, 0x00, 0x01, 0x00, 0x00, 0x00,
	0x93, 0x47, 0x00, 0x00, 0x0A, 0x21, 0x0B, 0x00, 0x0C, 0x16, 0x00, 0x06,
	0x21, 0x01, 0x2C, 0x00, 0x1A, 0xF0, 0x18, 0xE0, 0x16, 0xD0, 0x14, 0xC0,
	0x12, 0x70, 0x11, 0x60, 0x10, 0x30, 0x00, 0x00, 0xB2, 0xC5, 0x00, 0x00,
	0x01, 0x00, 0x00, 0x00, 0x5E, 0x3D, 0x00, 0x00, 0xD6, 0x3D, 0x00, 0x00,
	0x01, 0x00, 0x00, 0x00, 0xD6, 0x3D, 0x00, 0x00, 0x0A, 0x22, 0x0C, 0x00,
	0x03, 0x16, 0x00, 0x06, 0x22, 0xE4, 0x11, 0x00, 0x22, 0x74, 0x10, 0x00,
	0x22, 0x64, 0x0F, 0x00, 0x22, 0x34, 0x0E, 0x00, 0x22, 0xB2, 0x1E, 0xF0,
	0xB2, 0xC5, 0x00, 0x00, 0x01, 0x00, 0x00, 0x00, 0x02, 0x5A, 0x00, 0x00,
	0x93, 0x5A, 0x00, 0x00, 0x01, 0x00, 0x00, 0x00, 0x93, 0x5A, 0x00, 0x00,
	0x0A, 0x16, 0x08, 0x00, 0x05, 0x16, 0x00, 0x06, 0x16, 0x34, 0x0A, 0x00,
	0x16, 0x32, 0x12, 0xE0, 0x10, 0x70, 0x0F, 0x60, 0xB2, 0xC5, 0x00, 0x00,
	0x01, 0x00, 0x00, 0x00, 0xDD, 0xB1, 0x00, 0x00, 0xAE, 0xB2, 0x00, 0x00,
	0x01, 0x00, 0x00, 0x00, 0xAE, 0xB2, 0x00, 0x00, 0x0A, 0x16, 0x08, 0x00,
	0x05, 0x16, 0x00, 0x06, 0x16, 0x34, 0x0B, 0x00, 0x16, 0x32, 0x12, 0xE0,
	0x10, 0x70, 0x0F, 0x60, 0xB2, 0xC5, 0x00, 0x00, 0x01, 0x00, 0x00, 0x00,
	0x70, 0x6A, 0x00, 0x00, 0x80, 0x6A, 0x00, 0x00, 0x01, 0x00, 0x00, 0x00,
	0x80, 0x6A, 0x00, 0x00, 0x0A, 0x19, 0x0B, 0x00, 0x0C, 0x06, 0x97, 0x06,
	0x19, 0x01, 0x0C, 0x02, 0x0C, 0xF0, 0x0A, 0xE0, 0x08, 0xD0, 0x06, 0xC0,
	0x04, 0x70, 0x03, 0x60, 0x02, 0x30, 0x00, 0x00, 0xB2, 0xC5, 0x00, 0x00,
	0x03, 0x00, 0x00, 0x00, 0x35, 0xC2, 0x00, 0x00, 0x5F, 0xC2, 0x00, 0x00,
	0x01, 0x00, 0x00, 0x00, 0x5F, 0xC2, 0x00, 0x00, 0xD3, 0xC2, 0x00, 0x00,
	0xE4, 0xC2, 0x00, 0x00, 0x01, 0x00, 0x00, 0x00, 0xB6, 0xC4, 0x00, 0x00,
	0xE0, 0xC3, 0x00, 0x00, 0xF5, 0xC3, 0x00, 0x00, 0x01, 0x00, 0x00, 0x00,
	0xF5, 0xC3, 0x00, 0x00, 0x02, 0x05, 0x04, 0x00, 0x01, 0x16, 0x00, 0x06,
	0x05, 0x34, 0x01, 0x00, 0x0A, 0x0A, 0x06, 0x00, 0x02, 0x16, 0x00, 0x06,
	0x0A, 0x34, 0x09, 0x00, 0x0A, 0x52, 0x06, 0x70, 0xB2, 0xC5, 0x00, 0x00,
	0x01, 0x00, 0x00, 0x00, 0xEF, 0xA2, 0x00, 0x00, 0xFE, 0xA2, 0x00, 0x00,
	0x01, 0x00, 0x00, 0x00, 0x4F, 0xA3, 0x00, 0x00, 0x0A, 0x14, 0x0A, 0x00,
	0x0C, 0x16, 0x00, 0x06, 0x14, 0x72, 0x10, 0xF0, 0x0E, 0xE0, 0x0C, 0xD0,
	0x0A, 0xC0, 0x08, 0x70, 0x07, 0x60, 0x06, 0x30, 0xB2, 0xC5, 0x00, 0x00,
	0x01, 0x00, 0x00, 0x00, 0x57, 0xA5, 0x00, 0x00, 0x3E, 0xA6, 0x00, 0x00,
	0x01, 0x00, 0x00, 0x00, 0x3E, 0xA6, 0x00, 0x00, 0x0A, 0x0A, 0x06, 0x00,
	0x02, 0x16, 0x00, 0x06, 0x0A, 0x34, 0x0A, 0x00, 0x0A, 0x72, 0x06, 0x70,
	0xB2, 0xC5, 0x00, 0x00, 0x01, 0x00, 0x00, 0x00, 0xC8, 0xB4, 0x00, 0x00,
	0xFC, 0xB5, 0x00, 0x00, 0x01, 0x00, 0x00, 0x00, 0xFC, 0xB5, 0x00, 0x00,
	0x0A, 0x0A, 0x06, 0x00, 0x02, 0x16, 0x00, 0x06, 0x0A, 0x34, 0x06, 0x00,
	0x0A, 0x32, 0x06, 0x70, 0xB2, 0xC5, 0x00, 0x00, 0x01, 0x00, 0x00, 0x00,
	0x96, 0xB3, 0x00, 0x00, 0xC2, 0xB3, 0x00, 0x00, 0x01, 0x00, 0x00, 0x00,
	0xC2, 0xB3, 0x00, 0x00, 0x0A, 0x0A, 0x06, 0x00, 0x02, 0x16, 0x00, 0x06,
	0x0A, 0x34, 0x06, 0x00, 0x0A, 0x32, 0x06, 0x70, 0xB2, 0xC5, 0x00, 0x00,
	0x01, 0x00, 0x00, 0x00, 0x2C, 0xA4, 0x00, 0x00, 0x85, 0xA4, 0x00, 0x00,
	0x01, 0x00, 0x00, 0x00, 0x85, 0xA4, 0x00, 0x00, 0x0A, 0x0F, 0x08, 0x00,
	0x02, 0x16, 0x00, 0x06, 0x0F, 0x64, 0x0B, 0x00, 0x0F, 0x34, 0x0A, 0x00,
	0x0F, 0x72, 0x0B, 0x70, 0xB2, 0xC5, 0x00, 0x00, 0x01, 0x00, 0x00, 0x00,
	0xFD, 0xBD, 0x00, 0x00, 0x8B, 0xBF, 0x00, 0x00, 0x01, 0x00, 0x00, 0x00,
	0x8B, 0xBF, 0x00, 0x00, 0x0A, 0x0F, 0x08, 0x00, 0x02, 0x16, 0x00, 0x06,
	0x0F, 0x64, 0x0B, 0x00, 0x0F, 0x34, 0x0A, 0x00, 0x0F, 0x72, 0x0B, 0x70,
	0xB2, 0xC5, 0x00, 0x00, 0x01, 0x00, 0x00, 0x00, 0x14, 0xC0, 0x00, 0x00,
	0x72, 0xC0, 0x00, 0x00, 0x01, 0x00, 0x00, 0x00, 0x2A, 0xC1, 0x00, 0x00,
	0x0A, 0x1C, 0x0C, 0x00, 0x0A, 0x16, 0x00, 0x06, 0x1C, 0x64, 0x0F, 0x00,
	0x1C, 0x34, 0x0D, 0x00, 0x1C, 0x52, 0x18, 0xF0, 0x16, 0xE0, 0x14, 0xD0,
	0x12, 0xC0, 0x10, 0x70, 0xB2, 0xC5, 0x00, 0x00, 0x01, 0x00, 0x00, 0x00,
	0x6F, 0x5D, 0x00, 0x00, 0x34, 0x5E, 0x00, 0x00, 0x01, 0x00, 0x00, 0x00,
	0x34, 0x5E, 0x00, 0x00, 0x0A, 0x15, 0x0A, 0x00, 0x03, 0x16, 0x00, 0x06,
	0x15, 0x74, 0x0A, 0x00, 0x15, 0x64, 0x09, 0x00, 0x15, 0x34, 0x08, 0x00,
	0x15, 0x52, 0x11, 0xE0, 0xB2, 0xC5, 0x00, 0x00, 0x01, 0x00, 0x00, 0x00,
	0xBE, 0xAC, 0x00, 0x00, 0x4E, 0xAD, 0x00, 0x00, 0x01, 0x00, 0x00, 0x00,
	0x4E, 0xAD, 0x00, 0x00, 0x0A, 0x0A, 0x06, 0x00, 0x02, 0x16, 0x00, 0x06,
	0x0A, 0x34, 0x06, 0x00, 0x0A, 0x32, 0x06, 0x70, 0xB2, 0xC5, 0x00, 0x00,
	0x01, 0x00, 0x00, 0x00, 0xC3, 0xA6, 0x00, 0x00, 0xE3, 0xA6, 0x00, 0x00,
	0x01, 0x00, 0x00, 0x00, 0xE3, 0xA6, 0x00, 0x00, 0x0A, 0x15, 0x0A, 0x00,
	0x03, 0x16, 0x00, 0x06, 0x15, 0x74, 0x0A, 0x00, 0x15, 0x64, 0x09, 0x00,
	0x15, 0x34, 0x08, 0x00, 0x15, 0x52, 0x11, 0xE0, 0xB2, 0xC5, 0x00, 0x00,
	0x01, 0x00, 0x00, 0x00, 0x70, 0x57, 0x00, 0x00, 0xAF, 0x57, 0x00, 0x00,
	0x01, 0x00, 0x00, 0x00, 0xB3, 0x57, 0x00, 0x00, 0x0A, 0x15, 0x0A, 0x00,
	0x03, 0x16, 0x00, 0x06, 0x15, 0x74, 0x0A, 0x00, 0x15, 0x64, 0x09, 0x00,
	0x15, 0x34, 0x08, 0x00, 0x15, 0x52, 0x11, 0xE0, 0xB2, 0xC5, 0x00, 0x00,
	0x01, 0x00, 0x00, 0x00, 0x08, 0x58, 0x00, 0x00, 0x41, 0x58, 0x00, 0x00,
	0x01, 0x00, 0x00, 0x00, 0x41, 0x58, 0x00, 0x00, 0x02, 0x28, 0x0D, 0x00,
	0x06, 0x06, 0x15, 0x06, 0x28, 0x74, 0x20, 0x00, 0x28, 0x64, 0x1F, 0x00,
	0x28, 0x34, 0x1E, 0x00, 0x28, 0x01, 0x1A, 0x00, 0x1D, 0xF0, 0x1B, 0xE0,
	0x19, 0x50, 0x00, 0x00, 0x0A, 0x0F, 0x08, 0x00, 0x02, 0x16, 0x00, 0x06,
	0x0F, 0x64, 0x09, 0x00, 0x0F, 0x34, 0x08, 0x00, 0x0F, 0x52, 0x0B, 0x70,
	0xB2, 0xC5, 0x00, 0x00, 0x01, 0x00, 0x00, 0x00, 0xDF, 0xB2, 0x00, 0x00,
	0x4A, 0xB3, 0x00, 0x00, 0x01, 0x00, 0x00, 0x00, 0x4A, 0xB3, 0x00, 0x00,
	0x02, 0x0A, 0x06, 0x00, 0x02, 0x16, 0x00, 0x06, 0x0A, 0x34, 0x06, 0x00,
	0x0A, 0x32, 0x06, 0x70, 0x0A, 0x0A, 0x06, 0x00, 0x02, 0x16, 0x00, 0x06,
	0x0A, 0x34, 0x06, 0x00, 0x0A, 0x32, 0x06, 0x70, 0xB2, 0xC5, 0x00, 0x00,
	0x01, 0x00, 0x00, 0x00, 0x33, 0x66, 0x00, 0x00, 0x7B, 0x66, 0x00, 0x00,
	0x01, 0x00, 0x00, 0x00, 0x7B, 0x66, 0x00, 0x00, 0x0A, 0x13, 0x0A, 0x00,
	0x06, 0x16, 0x00, 0x06, 0x13, 0x64, 0x15, 0x00, 0x13, 0x34, 0x14, 0x00,
	0x13, 0xD2, 0x0F, 0xF0, 0x0D, 0xE0, 0x0B, 0x70, 0xB2, 0xC5, 0x00, 0x00,
	0x01, 0x00, 0x00, 0x00, 0x97, 0xAF, 0x00, 0x00, 0x57, 0xB1, 0x00, 0x00,
	0x01, 0x00, 0x00, 0x00, 0x57, 0xB1, 0x00, 0x00, 0x0A, 0x15, 0x0A, 0x00,
	0x03, 0x16, 0x00, 0x06, 0x15, 0x74, 0x0A, 0x00, 0x15, 0x64, 0x09, 0x00,
	0x15, 0x34, 0x08, 0x00, 0x15, 0x52, 0x11, 0xE0, 0xB2, 0xC5, 0x00, 0x00,
	0x01, 0x00, 0x00, 0x00, 0x63, 0x5B, 0x00, 0x00, 0x88, 0x5B, 0x00, 0x00,
	0x01, 0x00, 0x00, 0x00, 0x88, 0x5B, 0x00, 0x00, 0x0A, 0x22, 0x0C, 0x00,
	0x07, 0x16, 0x00, 0x06, 0x22, 0x74, 0x15, 0x00, 0x22, 0x64, 0x13, 0x00,
	0x22, 0x34, 0x12, 0x00, 0x22, 0xD2, 0x1E, 0xF0, 0x1C, 0xE0, 0x1A, 0xC0,
	0xB2, 0xC5, 0x00, 0x00, 0x01, 0x00, 0x00, 0x00, 0x0A, 0xAA, 0x00, 0x00,
	0x14, 0xAB, 0x00, 0x00, 0x01, 0x00, 0x00, 0x00, 0x14, 0xAB, 0x00, 0x00,
	0x0A, 0x19, 0x08, 0x00, 0x02, 0x16, 0x00, 0x06, 0x19, 0x64, 0x11, 0x00,
	0x19, 0x34, 0x10, 0x00, 0x19, 0xD2, 0x15, 0x70, 0xB2, 0xC5, 0x00, 0x00,
	0x01, 0x00, 0x00, 0x00, 0x3B, 0xA8, 0x00, 0x00, 0xA2, 0xA9, 0x00, 0x00,
	0x01, 0x00, 0x00, 0x00, 0xA2, 0xA9, 0x00, 0x00, 0x0A, 0x19, 0x0C, 0x00,
	0x03, 0x16, 0x00, 0x06, 0x19, 0xE4, 0x13, 0x00, 0x19, 0x74, 0x12, 0x00,
	0x19, 0x64, 0x11, 0x00, 0x19, 0x34, 0x10, 0x00, 0x19, 0xD2, 0x15, 0xF0,
	0xB2, 0xC5, 0x00, 0x00, 0x01, 0x00, 0x00, 0x00, 0xE7, 0x66, 0x00, 0x00,
	0xD4, 0x67, 0x00, 0x00, 0x01, 0x00, 0x00, 0x00, 0xD4, 0x67, 0x00, 0x00,
	0x02, 0x12, 0x08, 0x00, 0x08, 0x16, 0x00, 0x06, 0x12, 0x74, 0x11, 0x00,
	0x12, 0x34, 0x10, 0x00, 0x12, 0xD2, 0x0B, 0x50, 0x02, 0x04, 0x03, 0x00,
	0x01, 0x16, 0x00, 0x06, 0x04, 0x42, 0x00, 0x00, 0x0A, 0x20, 0x0A, 0x00,
	0x0C, 0x16, 0x00, 0x06, 0x20, 0xF2, 0x19, 0xF0, 0x17, 0xE0, 0x15, 0xD0,
	0x13, 0xC0, 0x11, 0x70, 0x10, 0x60, 0x0F, 0x30, 0xB2, 0xC5, 0x00, 0x00,
	0x01, 0x00, 0x00, 0x00, 0xB6, 0x2D, 0x00, 0x00, 0xC3, 0x2D, 0x00, 0x00,
	0x01, 0x00, 0x00, 0x00, 0xC3, 0x2D, 0x00, 0x00, 0x02, 0x04, 0x03, 0x00,
	0x01, 0x16, 0x00, 0x06, 0x04, 0x22, 0x00, 0x00, 0x02, 0x26, 0x0F, 0x00,
	0x10, 0x16, 0x00, 0x06, 0x26, 0x74, 0x89, 0x00, 0x26, 0x64, 0x88, 0x00,
	0x26, 0x34, 0x86, 0x00, 0x26, 0x01, 0x80, 0x00, 0x18, 0xF0, 0x16, 0xE0,
	0x14, 0xD0, 0x12, 0xC0, 0x10, 0x50, 0x00, 0x00, 0x02, 0x0A, 0x04, 0x00,
	0x01, 0x16, 0x00, 0x06, 0x0A, 0x01, 0x11, 0x00, 0x0A, 0x15, 0x0B, 0x00,
	0x0C, 0x16, 0x00, 0x06, 0x15, 0x01, 0xC0, 0x00, 0x0E, 0xF0, 0x0C, 0xE0,
	0x0A, 0xD0, 0x08, 0xC0, 0x06, 0x70, 0x05, 0x60, 0x04, 0x30, 0x00, 0x00,
	0xB2, 0xC5, 0x00, 0x00, 0x01, 0x00, 0x00, 0x00, 0x16, 0x53, 0x00, 0x00,
	0x2D, 0x53, 0x00, 0x00, 0x01, 0x00, 0x00, 0x00, 0x2D, 0x53, 0x00, 0x00,
	0x0A, 0x19, 0x0C, 0x00, 0x03, 0x16, 0x00, 0x06, 0x19, 0xE4, 0x0B, 0x00,
	0x19, 0x74, 0x0A, 0x00, 0x19, 0x64, 0x09, 0x00, 0x19, 0x34, 0x08, 0x00,
	0x19, 0x52, 0x15, 0xF0, 0xB2, 0xC5, 0x00, 0x00, 0x01, 0x00, 0x00, 0x00,
	0x92, 0x5E, 0x00, 0x00, 0x26, 0x5F, 0x00, 0x00, 0x01, 0x00, 0x00, 0x00,
	0x26, 0x5F, 0x00, 0x00, 0x02, 0x14, 0x09, 0x00, 0x04, 0x16, 0x00, 0x06,
	0x14, 0x34, 0x24, 0x00, 0x14, 0x01, 0x1E, 0x00, 0x08, 0x70, 0x07, 0x60,
	0x06, 0x50, 0x00, 0x00, 0x02, 0x1B, 0x08, 0x00, 0x04, 0x16, 0x00, 0x06,
	0x1B, 0x34, 0x16, 0x00, 0x1B, 0xF2, 0x11, 0x70, 0x10, 0x60, 0x0F, 0x50,
	0x0A, 0x13, 0x0B, 0x00, 0x0C, 0x16, 0x00, 0x06, 0x13, 0x01, 0x60, 0x01,
	0x0C, 0xF0, 0x0A, 0xE0, 0x08, 0xD0, 0x06, 0xC0, 0x04, 0x70, 0x03, 0x60,
	0x02, 0x30, 0x00, 0x00, 0xB2, 0xC5, 0x00, 0x00, 0x02, 0x00, 0x00, 0x00,
	0xAD, 0x6C, 0x00, 0x00, 0x77, 0x6E, 0x00, 0x00, 0x01, 0x00, 0x00, 0x00,
	0x77, 0x6E, 0x00, 0x00, 0x5D, 0x8A, 0x00, 0x00, 0x7C, 0xA2, 0x00, 0x00,
	0x01, 0x00, 0x00, 0x00, 0x7C, 0xA2, 0x00, 0x00, 0x02, 0x12, 0x0A, 0x00,
	0x05, 0x16, 0x00, 0x06, 0x12, 0x54, 0x0F, 0x00, 0x12, 0x34, 0x0E, 0x00,
	0x12, 0x92, 0x0E, 0xE0, 0x0C, 0x70, 0x0B, 0x60, 0x00, 0x00, 0x00, 0x00,
	0x01, 0x00, 0x00, 0x00, 0x00, 0x00, 0x00, 0x00, 0x02, 0x01, 0x03, 0x00,
	0x02, 0x06, 0x09, 0x06, 0x01, 0x70, 0x00, 0x00, 0x00, 0x00, 0x00, 0x00,
	0x02, 0x0B, 0x08, 0x00, 0x08, 0x16, 0x00, 0x06, 0x0B, 0x52, 0x07, 0x00,
	0x06, 0x10, 0x05, 0x20, 0x04, 0x80, 0x02, 0x90, 0x02, 0x06, 0x04, 0x00,
	0x02, 0x06, 0x03, 0x06, 0x06, 0x12, 0x02, 0x30, 0x00, 0x00, 0x00, 0x00,
	0x00, 0x00, 0x00, 0x00, 0x00, 0x00, 0x00, 0x00, 0x00, 0x00, 0x00, 0x00,
	0x00, 0x00, 0x00, 0x00, 0x00, 0x00, 0x00, 0x00, 0x00, 0x00, 0x00, 0x00,
	0x00, 0x00, 0x00, 0x00, 0x00, 0x00, 0x00, 0x00, 0x00, 0x00, 0x00, 0x00,
	0x00, 0x00, 0x00, 0x00, 0x00, 0x00, 0x00, 0x00, 0x00, 0x00, 0x00, 0x00,
	0x00, 0x00, 0x00, 0x00, 0x00, 0x00, 0x00, 0x00, 0x00, 0x00, 0x00, 0x00,
	0x00, 0x00, 0x00, 0x00, 0x00, 0x00, 0x00, 0x00, 0x00, 0x00, 0x00, 0x00,
	0x00, 0x00, 0x00, 0x00, 0x00, 0x00, 0x00, 0x00, 0x00, 0x00, 0x00, 0x00,
	0x00, 0x00, 0x00, 0x00, 0x00, 0x00, 0x00, 0x00, 0x00, 0x00, 0x00, 0x00,
	0x00, 0x00, 0x00, 0x00, 0x00, 0x00, 0x00, 0x00, 0x00, 0x00, 0x00, 0x00,
	0x00, 0x00, 0x00, 0x00, 0x00, 0x00, 0x00, 0x00, 0x00, 0x00, 0x00, 0x00,
	0x00, 0x00, 0x00, 0x00, 0x00, 0x00, 0x00, 0x00, 0x00, 0x00, 0x00, 0x00,
	0x00, 0x00, 0x00, 0x00, 0x00, 0x00, 0x00, 0x00, 0x00, 0x00, 0x00, 0x00,
	0x00, 0x00, 0x00, 0x00, 0x00, 0x00, 0x00, 0x00, 0x00, 0x00, 0x00, 0x00,
	0x00, 0x00, 0x00, 0x00, 0x00, 0x00, 0x00, 0x00, 0x00, 0x00, 0x00, 0x00,
	0x00, 0x00, 0x00, 0x00, 0x00, 0x00, 0x00, 0x00, 0x00, 0x00, 0x00, 0x00,
	0x00, 0x00, 0x00, 0x00, 0x00, 0x00, 0x00, 0x00, 0x00, 0x00, 0x00, 0x00,
	0x00, 0x00, 0x00, 0x00, 0x00, 0x00, 0x00, 0x00, 0x00, 0x00, 0x00, 0x00,
	0x00, 0x00, 0x00, 0x00, 0x00, 0x00, 0x00, 0x00, 0x00, 0x00, 0x00, 0x00,
	0x00, 0x00, 0x00, 0x00, 0x00, 0x00, 0x00, 0x00, 0x00, 0x00, 0x00, 0x00,
	0x00, 0x00, 0x00, 0x00, 0x00, 0x00, 0x00, 0x00, 0x00, 0x00, 0x00, 0x00,
	0x00, 0x00, 0x00, 0x00, 0x00, 0x00, 0x00, 0x00, 0x00, 0x00, 0x00, 0x00,
	0x00, 0x00, 0x00, 0x00, 0x00, 0x00, 0x00, 0x00, 0x00, 0x00, 0x00, 0x00,
	0x00, 0x00, 0x00, 0x00, 0x00, 0x00, 0x00, 0x00, 0x00, 0x00, 0x00, 0x00,
	0x00, 0x00, 0x00, 0x00, 0x00, 0x00, 0x00, 0x00, 0x00, 0x00, 0x00, 0x00,
	0x00, 0x00, 0x00, 0x00, 0x00, 0x00, 0x00, 0x00, 0x00, 0x00, 0x00, 0x00,
	0x00, 0x00, 0x00, 0x00, 0x00, 0x00, 0x00, 0x00, 0x00, 0x00, 0x00, 0x00,
	0x00, 0x00, 0x00, 0x00, 0x00, 0x00, 0x00, 0x00, 0x00, 0x00, 0x00, 0x00,
	0x00, 0x00, 0x00, 0x00, 0x00, 0x00, 0x00, 0x00, 0x00, 0x00, 0x00, 0x00,
	0x00, 0x00, 0x00, 0x00, 0xFF, 0xFF, 0xFF, 0xFF, 0x00, 0x00, 0x00, 0x00,
	0x00, 0x00, 0x00, 0x00, 0x00, 0x00, 0x00, 0x00, 0xC0, 0xE1, 0x00, 0x40,
	0x01, 0x00, 0x00, 0x00, 0xE0, 0xE1, 0x00, 0x40, 0x01, 0x00, 0x00, 0x00,
	0xF0, 0xE1, 0x00, 0x40, 0x01, 0x00, 0x00, 0x00, 0x08, 0xE2, 0x00, 0x40,
	0x01, 0x00, 0x00, 0x00, 0x20, 0xE2, 0x00, 0x40, 0x01, 0x00, 0x00, 0x00,
	0x40, 0xE2, 0x00, 0x40, 0x01, 0x00, 0x00, 0x00, 0x68, 0xE2, 0x00, 0x40,
	0x01, 0x00, 0x00, 0x00, 0x80, 0xE2, 0x00, 0x40, 0x01, 0x00, 0x00, 0x00,
	0x98, 0xE2, 0x00, 0x40, 0x01, 0x00, 0x00, 0x00, 0xB0, 0xE2, 0x00, 0x40,
	0x01, 0x00, 0x00, 0x00, 0xD0, 0xE2, 0x00, 0x40, 0x01, 0x00, 0x00, 0x00,
	0xF0, 0xE2, 0x00, 0x40, 0x01, 0x00, 0x00, 0x00, 0x10, 0xE3, 0x00, 0x40,
	0x01, 0x00, 0x00, 0x00, 0x20, 0xE3, 0x00, 0x40, 0x01, 0x00, 0x00, 0x00,
	0x30, 0xE3, 0x00, 0x40, 0x01, 0x00, 0x00, 0x00, 0x40, 0xE3, 0x00, 0x40,
	0x01, 0x00, 0x00, 0x00, 0x4C, 0xE3, 0x00, 0x40, 0x01, 0x00, 0x00, 0x00,
	0x58, 0xE3, 0x00, 0x40, 0x01, 0x00, 0x00, 0x00, 0x60, 0xE3, 0x00, 0x40,
	0x01, 0x00, 0x00, 0x00, 0x28, 0xEC, 0x00, 0x40, 0x01, 0x00, 0x00, 0x00,
	0x30, 0xEC, 0x00, 0x40, 0x01, 0x00, 0x00, 0x00, 0x6C, 0xE3, 0x00, 0x40,
	0x01, 0x00, 0x00, 0x00, 0x74, 0xE3, 0x00, 0x40, 0x01, 0x00, 0x00, 0x00,
	0x7C, 0xE3, 0x00, 0x40, 0x01, 0x00, 0x00, 0x00, 0x40, 0xEC, 0x00, 0x40,
	0x01, 0x00, 0x00, 0x00, 0x84, 0xE3, 0x00, 0x40, 0x01, 0x00, 0x00, 0x00,
	0x8C, 0xE3, 0x00, 0x40, 0x01, 0x00, 0x00, 0x00, 0x44, 0xEC, 0x00, 0x40,
	0x01, 0x00, 0x00, 0x00, 0x4C, 0xEC, 0x00, 0x40, 0x01, 0x00, 0x00, 0x00,
	0x58, 0xEC, 0x00, 0x40, 0x01, 0x00, 0x00, 0x00, 0x64, 0xEC, 0x00, 0x40,
	0x01, 0x00, 0x00, 0x00, 0x6C, 0xEC, 0x00, 0x40, 0x01, 0x00, 0x00, 0x00,
	0x98, 0xE3, 0x00, 0x40, 0x01, 0x00, 0x00, 0x00, 0x74, 0xEC, 0x00, 0x40,
	0x01, 0x00, 0x00, 0x00, 0xA8, 0xE3, 0x00, 0x40, 0x01, 0x00, 0x00, 0x00,
	0xB8, 0xE3, 0x00, 0x40, 0x01, 0x00, 0x00, 0x00, 0x80, 0xEC, 0x00, 0x40,
	0x01, 0x00, 0x00, 0x00, 0x88, 0xEC, 0x00, 0x40, 0x01, 0x00, 0x00, 0x00,
	0x98, 0xEC, 0x00, 0x40, 0x01, 0x00, 0x00, 0x00, 0xA0, 0xEC, 0x00, 0x40,
	0x01, 0x00, 0x00, 0x00, 0xC0, 0xE3, 0x00, 0x40, 0x01, 0x00, 0x00, 0x00,
	0xD0, 0xE3, 0x00, 0x40, 0x01, 0x00, 0x00, 0x00, 0xA8, 0xEC, 0x00, 0x40,
	0x01, 0x00, 0x00, 0x00, 0xB8, 0xEC, 0x00, 0x40, 0x01, 0x00, 0x00, 0x00,
	0xC4, 0xEC, 0x00, 0x40, 0x01, 0x00, 0x00, 0x00, 0xD0, 0xEC, 0x00, 0x40,
	0x01, 0x00, 0x00, 0x00, 0xD8, 0xEC, 0x00, 0x40, 0x01, 0x00, 0x00, 0x00,
	0xE8, 0xEC, 0x00, 0x40, 0x01, 0x00, 0x00, 0x00, 0xF8, 0xEC, 0x00, 0x40,
	0x01, 0x00, 0x00, 0x00, 0x04, 0xED, 0x00, 0x40, 0x01, 0x00, 0x00, 0x00,
	0x10, 0xED, 0x00, 0x40, 0x01, 0x00, 0x00, 0x00, 0x1C, 0xED, 0x00, 0x40,
	0x01, 0x00, 0x00, 0x00, 0xD8, 0xE3, 0x00, 0x40, 0x01, 0x00, 0x00, 0x00,
	0x28, 0xED, 0x00, 0x40, 0x01, 0x00, 0x00, 0x00, 0x38, 0xED, 0x00, 0x40,
	0x01, 0x00, 0x00, 0x00, 0x48, 0xED, 0x00, 0x40, 0x01, 0x00, 0x00, 0x00,
	0x54, 0xED, 0x00, 0x40, 0x01, 0x00, 0x00, 0x00, 0x60, 0xED, 0x00, 0x40,
	0x01, 0x00, 0x00, 0x00, 0x10, 0x00, 0x12, 0x00, 0x00, 0x00, 0x00, 0x00,
	0xD0, 0xCE, 0x00, 0x40, 0x01, 0x00, 0x00, 0x00, 0x00, 0x01, 0x00, 0x00,
	0x00, 0x00, 0x00, 0x00, 0x00, 0x00, 0x00, 0x00, 0x00, 0x00, 0x00, 0x00,
	0x02, 0x00, 0x00, 0x00, 0x00, 0x00, 0x00, 0x00, 0x00, 0x00, 0x00, 0x00,
	0x00, 0x00, 0x00, 0x00, 0x00, 0x00, 0x00, 0x00, 0x00, 0x00, 0x00, 0x00,
	0x00, 0x00, 0x00, 0x00, 0x00, 0x00, 0x00, 0x00, 0x00, 0x00, 0x00, 0x00,
	0x00, 0x00, 0x00, 0x00, 0x00, 0x00, 0x00, 0x00, 0x00, 0x00, 0x00, 0x00,
	0x00, 0x00, 0x00, 0x00, 0x00, 0x00, 0x00, 0x00, 0x00, 0x00, 0x00, 0x00,
	0x00, 0x00, 0x00, 0x00, 0x00, 0x00, 0x00, 0x00, 0x00, 0x00, 0x00, 0x00,
	0x00, 0x00, 0x00, 0x00, 0x00, 0x00, 0x00, 0x00, 0x00, 0x00, 0x00, 0x00,
	0x00, 0x00, 0x00, 0x00, 0x00, 0x00, 0x00, 0x00, 0x00, 0x00, 0x00, 0x00,
	0x00, 0x00, 0x00, 0x00, 0x00, 0x00, 0x00, 0x00, 0x00, 0x00, 0x00, 0x00,
	0x00, 0x00, 0x00, 0x00, 0x00, 0x00, 0x00, 0x00, 0x00, 0x00, 0x00, 0x00,
	0x00, 0x00, 0x00, 0x00, 0x00, 0x00, 0x00, 0x00, 0x00, 0x00, 0x00, 0x00,
	0x00, 0x00, 0x00, 0x00, 0x00, 0x00, 0x00, 0x00, 0x00, 0x00, 0x00, 0x00,
	0x00, 0x00, 0x00, 0x00, 0x00, 0x00, 0x00, 0x00, 0x00, 0x00, 0x00, 0x00,
	0x00, 0x00, 0x00, 0x00, 0x00, 0x00, 0x00, 0x00, 0x00, 0x00, 0x00, 0x00,
	0x00, 0x00, 0x00, 0x00, 0x00, 0x00, 0x00, 0x00, 0x00, 0x00, 0x00, 0x00,
	0x00, 0x00, 0x00, 0x00, 0x00, 0x00, 0x00, 0x00, 0x00, 0x00, 0x00, 0x00,
	0x00, 0x00, 0x00, 0x00, 0x00, 0x00, 0x00, 0x00, 0x00, 0x00, 0x00, 0x00,
	0x00, 0x00, 0x00, 0x00, 0x00, 0x00, 0x00, 0x00, 0x00, 0x00, 0x00, 0x00,
	0x00, 0x00, 0x00, 0x00, 0x00, 0x00, 0x00, 0x00, 0x00, 0x00, 0x00, 0x00,
	0x00, 0x00, 0x00, 0x00, 0x00, 0x00, 0x00, 0x00, 0x00, 0x00, 0x00, 0x00,
	0x00, 0x00, 0x00, 0x00, 0x00, 0x00, 0x00, 0x00, 0x00, 0x00, 0x00, 0x00,
	0x00, 0x00, 0x00, 0x00, 0x00, 0x00, 0x00, 0x00, 0x00, 0x00, 0x00, 0x00,
	0x00, 0x00, 0x00, 0x00, 0x00, 0x00, 0x00, 0x00, 0x00, 0x00, 0x00, 0x00,
	0x00, 0x00, 0x00, 0x00, 0x00, 0x00, 0x00, 0x00, 0x00, 0x00, 0x00, 0x00,
	0x00, 0x00, 0x00, 0x00, 0x00, 0x00, 0x00, 0x00, 0x00, 0x00, 0x00, 0x00,
	0x00, 0x00, 0x00, 0x00, 0x00, 0x00, 0x00, 0x00, 0x00, 0x00, 0x00, 0x00,
	0x00, 0x00, 0x00, 0x00, 0x00, 0x00, 0x00, 0x00, 0x00, 0x00, 0x00, 0x00,
	0x00, 0x00, 0x00, 0x00, 0x00, 0x00, 0x00, 0x00, 0x00, 0x00, 0x00, 0x00,
	0x00, 0x00, 0x00, 0x00, 0x00, 0x00, 0x00, 0x00, 0x00, 0x00, 0x00, 0x00,
	0x00, 0x00, 0x00, 0x00, 0x00, 0x00, 0x00, 0x00, 0x00, 0x00, 0x00, 0x00,
	0x00, 0x00, 0x00, 0x00, 0x00, 0x00, 0x00, 0x00, 0x00, 0x00, 0x00, 0x00,
	0x00, 0x00, 0x00, 0x00, 0x00, 0x00, 0x00, 0x00, 0x00, 0x00, 0x00, 0x00,
	0x00, 0x00, 0x00, 0x00, 0x00, 0x00, 0x00, 0x00, 0x00, 0x00, 0x00, 0x00,
	0x00, 0x00, 0x00, 0x00, 0x00, 0x00, 0x00, 0x00, 0x00, 0x00, 0x00, 0x00,
	0x00, 0x00, 0x00, 0x00, 0x00, 0x00, 0x00, 0x00, 0x00, 0x00, 0x00, 0x00,
	0x00, 0x00, 0x00, 0x00, 0x00, 0x00, 0x00, 0x00, 0x00, 0x00, 0x00, 0x00,
	0x00, 0x00, 0x00, 0x00, 0x00, 0x00, 0x00, 0x00, 0x00, 0x00, 0x00, 0x00,
	0x00, 0x00, 0x00, 0x00, 0x00, 0x00, 0x00, 0x00, 0x00, 0x00, 0x00, 0x00,
	0x00, 0x00, 0x00, 0x00, 0x00, 0x00, 0x00, 0x00, 0x00, 0x00, 0x00, 0x00,
	0x00, 0x00, 0x00, 0x00, 0x00, 0x00, 0x00, 0x00, 0x00, 0x00, 0x00, 0x00,
	0x00, 0x00, 0x00, 0x00, 0x00, 0x00, 0x00, 0x00, 0x00, 0x00, 0x00, 0x00,
	0x00, 0x00, 0x00, 0x00, 0x00, 0x00, 0x00, 0x00, 0x00, 0x00, 0x00, 0x00,
	0x00, 0x00, 0x00, 0x00, 0x00, 0x00, 0x00, 0x00, 0x00, 0x10, 0x00, 0x00,
	0x76, 0x10, 0x00, 0x00, 0x04, 0xF7, 0x00, 0x00, 0x78, 0x10, 0x00, 0x00,
	0x28, 0x11, 0x00, 0x00, 0x40, 0xF7, 0x00, 0x00, 0x28, 0x11, 0x00, 0x00,
	0xCC, 0x12, 0x00, 0x00, 0xFC, 0xF7, 0x00, 0x00, 0xCC, 0x12, 0x00, 0x00,
	0x39, 0x14, 0x00, 0x00, 0x54, 0xF8, 0x00, 0x00, 0x3C, 0x14, 0x00, 0x00,
	0x5B, 0x17, 0x00, 0x00, 0xE4, 0xF7, 0x00, 0x00, 0x5C, 0x17, 0x00, 0x00,
	0x53, 0x18, 0x00, 0x00, 0x38, 0xEF, 0x00, 0x00, 0x54, 0x18, 0x00, 0x00,
	0x73, 0x2C, 0x00, 0x00, 0x64, 0xEF, 0x00, 0x00, 0x74, 0x2C, 0x00, 0x00,
	0x58, 0x31, 0x00, 0x00, 0x10, 0xF7, 0x00, 0x00, 0x58, 0x31, 0x00, 0x00,
	0x5A, 0x32, 0x00, 0x00, 0xA4, 0xEF, 0x00, 0x00, 0x5C, 0x32, 0x00, 0x00,
	0x22, 0x3E, 0x00, 0x00, 0x44, 0xF2, 0x00, 0x00, 0x24, 0x3E, 0x00, 0x00,
	0xD4, 0x47, 0x00, 0x00, 0xF0, 0xF1, 0x00, 0x00, 0xD4, 0x47, 0x00, 0x00,
	0x4F, 0x55, 0x00, 0x00, 0x7C, 0xF7, 0x00, 0x00, 0x50, 0x55, 0x00, 0x00,
	0x3F, 0x57, 0x00, 0x00, 0x98, 0xF0, 0x00, 0x00, 0x40, 0x57, 0x00, 0x00,
	0xD1, 0x57, 0x00, 0x00, 0x18, 0xF5, 0x00, 0x00, 0xD4, 0x57, 0x00, 0x00,
	0x61, 0x58, 0x00, 0x00, 0x48, 0xF5, 0x00, 0x00, 0x64, 0x58, 0x00, 0x00,
	0xE2, 0x58, 0x00, 0x00, 0xF8, 0xF0, 0x00, 0x00, 0xE4, 0x58, 0x00, 0x00,
	0x26, 0x59, 0x00, 0x00, 0x80, 0xEF, 0x00, 0x00, 0x28, 0x59, 0x00, 0x00,
	0xAE, 0x5A, 0x00, 0x00, 0x78, 0xF2, 0x00, 0x00, 0xB0, 0x5A, 0x00, 0x00,
	0xB7, 0x5C, 0x00, 0x00, 0x2C, 0xF6, 0x00, 0x00, 0xB8, 0x5C, 0x00, 0x00,
	0x00, 0x5D, 0x00, 0x00, 0x44, 0xF1, 0x00, 0x00, 0x00, 0x5D, 0x00, 0x00,
	0x52, 0x5E, 0x00, 0x00, 0x8C, 0xF4, 0x00, 0x00, 0x54, 0x5E, 0x00, 0x00,
	0x47, 0x5F, 0x00, 0x00, 0xB0, 0xF7, 0x00, 0x00, 0x48, 0x5F, 0x00, 0x00,
	0xD3, 0x5F, 0x00, 0x00, 0x54, 0xEF, 0x00, 0x00, 0xD4, 0x5F, 0x00, 0x00,
	0xB4, 0x60, 0x00, 0x00, 0x70, 0xF7, 0x00, 0x00, 0xB4, 0x60, 0x00, 0x00,
	0x11, 0x66, 0x00, 0x00, 0x4C, 0xF7, 0x00, 0x00, 0x14, 0x66, 0x00, 0x00,
	0x8C, 0x66, 0x00, 0x00, 0xD4, 0xF5, 0x00, 0x00, 0x8C, 0x66, 0x00, 0x00,
	0xEF, 0x67, 0x00, 0x00, 0xBC, 0xF6, 0x00, 0x00, 0xF0, 0x67, 0x00, 0x00,
	0x10, 0x6A, 0x00, 0x00, 0x78, 0xF5, 0x00, 0x00, 0x10, 0x6A, 0x00, 0x00,
	0x20, 0x6B, 0x00, 0x00, 0xD8, 0xF2, 0x00, 0x00, 0x20, 0x6B, 0x00, 0x00,
	0xBA, 0xA2, 0x00, 0x00, 0x10, 0xF8, 0x00, 0x00, 0xBC, 0xA2, 0x00, 0x00,
	0x72, 0xA3, 0x00, 0x00, 0x64, 0xF3, 0x00, 0x00, 0x74, 0xA3, 0x00, 0x00,
	0xF1, 0xA3, 0x00, 0x00, 0x58, 0xF3, 0x00, 0x00, 0xF4, 0xA3, 0x00, 0x00,
	0x90, 0xA4, 0x00, 0x00, 0x0C, 0xF4, 0x00, 0x00, 0x90, 0xA4, 0x00, 0x00,
	0x82, 0xA6, 0x00, 0x00, 0x8C, 0xF3, 0x00, 0x00, 0x84, 0xA6, 0x00, 0x00,
	0xF5, 0xA6, 0x00, 0x00, 0xF0, 0xF4, 0x00, 0x00, 0xF8, 0xA6, 0x00, 0x00,
	0x0B, 0xA8, 0x00, 0x00, 0xC4, 0xF5, 0x00, 0x00, 0x0C, 0xA8, 0x00, 0x00,
	0xB4, 0xA9, 0x00, 0x00, 0x90, 0xF6, 0x00, 0x00, 0xB4, 0xA9, 0x00, 0x00,
	0x2F, 0xAB, 0x00, 0x00, 0x5C, 0xF6, 0x00, 0x00, 0x30, 0xAB, 0x00, 0x00,
	0x86, 0xAC, 0x00, 0x00, 0xF0, 0xF6, 0x00, 0x00, 0x88, 0xAC, 0x00, 0x00,
	0x6A, 0xAD, 0x00, 0x00, 0xC0, 0xF4, 0x00, 0x00, 0x6C, 0xAD, 0x00, 0x00,
	0x34, 0xAF, 0x00, 0x00, 0x48, 0xF0, 0x00, 0x00, 0x34, 0xAF, 0x00, 0x00,
	0x81, 0xAF, 0x00, 0x00, 0x20, 0xF1, 0x00, 0x00, 0x84, 0xAF, 0x00, 0x00,
	0x6D, 0xB1, 0x00, 0x00, 0xFC, 0xF5, 0x00, 0x00, 0x70, 0xB1, 0x00, 0x00,
	0xBC, 0xB2, 0x00, 0x00, 0xAC, 0xF2, 0x00, 0x00, 0xBC, 0xB2, 0x00, 0x00,
	0x5A, 0xB3, 0x00, 0x00, 0x98, 0xF5, 0x00, 0x00, 0x5C, 0xB3, 0x00, 0x00,
	0xCD, 0xB3, 0x00, 0x00, 0xE4, 0xF3, 0x00, 0x00, 0xD0, 0xB3, 0x00, 0x00,
	0x82, 0xB4, 0x00, 0x00, 0xD8, 0xEF, 0x00, 0x00, 0x84, 0xB4, 0x00, 0x00,
	0x0E, 0xB6, 0x00, 0x00, 0xBC, 0xF3, 0x00, 0x00, 0x10, 0xB6, 0x00, 0x00,
	0xF0, 0xB6, 0x00, 0x00, 0xAC, 0xF1, 0x00, 0x00, 0xF0, 0xB6, 0x00, 0x00,
	0x81, 0xB9, 0x00, 0x00, 0x0C, 0xF0, 0x00, 0x00, 0x84, 0xB9, 0x00, 0x00,
	0xB2, 0xBD, 0x00, 0x00, 0x68, 0xF1, 0x00, 0x00, 0xB4, 0xBD, 0x00, 0x00,
	0xA3, 0xBF, 0x00, 0x00, 0x34, 0xF4, 0x00, 0x00, 0xA4, 0xBF, 0x00, 0x00,
	0x40, 0xC1, 0x00, 0x00, 0x60, 0xF4, 0x00, 0x00, 0x40, 0xC1, 0x00, 0x00,
	0x41, 0xC5, 0x00, 0x00, 0x04, 0xF3, 0x00, 0x00, 0x44, 0xC5, 0x00, 0x00,
	0x6A, 0xC5, 0x00, 0x00, 0x04, 0xF7, 0x00, 0x00, 0xC0, 0xC5, 0x00, 0x00,
	0x75, 0xC6, 0x00, 0x00, 0x9C, 0xF8, 0x00, 0x00, 0x80, 0xC6, 0x00, 0x00,
	0x2A, 0xC9, 0x00, 0x00, 0x70, 0xF8, 0x00, 0x00, 0x40, 0xC9, 0x00, 0x00,
	0x47, 0xCA, 0x00, 0x00, 0x70, 0xF8, 0x00, 0x00, 0x80, 0xCA, 0x00, 0x00,
	0xC3, 0xCA, 0x00, 0x00, 0x78, 0xF8, 0x00, 0x00, 0x00, 0xCB, 0x00, 0x00,
	0x26, 0xCB, 0x00, 0x00, 0x88, 0xF8, 0x00, 0x00, 0x00, 0x00, 0x00, 0x00,
	0x00, 0x00, 0x00, 0x00, 0x00, 0x00, 0x00, 0x00, 0x00, 0x00, 0x00, 0x00,
	0x00, 0x00, 0x00, 0x00, 0x00, 0x00, 0x00, 0x00, 0x00, 0x00, 0x00, 0x00,
	0x00, 0x00, 0x00, 0x00, 0x00, 0x00, 0x00, 0x00, 0x00, 0x00, 0x00, 0x00,
	0x00, 0x00, 0x00, 0x00, 0x00, 0x00, 0x00, 0x00, 0x00, 0x00, 0x00, 0x00,
	0x00, 0x00, 0x00, 0x00, 0x00, 0x00, 0x00, 0x00, 0x00, 0x00, 0x00, 0x00,
	0x00, 0x00, 0x00, 0x00, 0x00, 0x00, 0x00, 0x00, 0x00, 0x00, 0x00, 0x00,
	0x00, 0x00, 0x00, 0x00, 0x00, 0x00, 0x00, 0x00, 0x00, 0x00, 0x00, 0x00,
	0x00, 0x00, 0x00, 0x00, 0x00, 0x00, 0x00, 0x00, 0x00, 0x00, 0x00, 0x00,
	0x00, 0x00, 0x00, 0x00, 0x00, 0x00, 0x00, 0x00, 0x00, 0x00, 0x00, 0x00,
	0x00, 0x00, 0x00, 0x00, 0x00, 0x00, 0x00, 0x00, 0x00, 0x00, 0x00, 0x00,
	0x00, 0x00, 0x00, 0x00, 0x00, 0x00, 0x00, 0x00, 0x00, 0x00, 0x00, 0x00,
	0x00, 0x00, 0x00, 0x00, 0x00, 0x00, 0x00, 0x00, 0x00, 0x00, 0x00, 0x00,
	0x00, 0x00, 0x00, 0x00, 0x00, 0x00, 0x00, 0x00, 0x00, 0x00, 0x00, 0x00,
	0x00, 0x00, 0x00, 0x00, 0x00, 0x00, 0x00, 0x00, 0x00, 0x00, 0x00, 0x00,
	0x00, 0x00, 0x00, 0x00, 0x00, 0x00, 0x00, 0x00, 0x00, 0x00, 0x00, 0x00,
	0x00, 0x00, 0x00, 0x00, 0x00, 0x00, 0x00, 0x00, 0x00, 0x00, 0x00, 0x00,
	0x00, 0x00, 0x00, 0x00, 0x00, 0x00, 0x00, 0x00, 0x00, 0x00, 0x00, 0x00,
	0x00, 0x00, 0x00, 0x00, 0x00, 0x00, 0x00, 0x00, 0x00, 0x00, 0x00, 0x00,
	0x00, 0x00, 0x00, 0x00, 0x00, 0x00, 0x00, 0x00, 0x00, 0x00, 0x00, 0x00,
	0x00, 0x00, 0x00, 0x00, 0x00, 0x00, 0x00, 0x00, 0x00, 0x00, 0x00, 0x00,
	0x00, 0x00, 0x00, 0x00, 0x00, 0x00, 0x00, 0x00, 0x00, 0x00, 0x00, 0x00,
	0x00, 0x00, 0x00, 0x00, 0x00, 0x00, 0x00, 0x00, 0x00, 0x00, 0x00, 0x00,
	0x00, 0x00, 0x00, 0x00, 0x00, 0x00, 0x00, 0x00, 0x00, 0x00, 0x00, 0x00,
	0x00, 0x00, 0x00, 0x00, 0x00, 0x00, 0x00, 0x00, 0x00, 0x00, 0x00, 0x00,
	0x00, 0x00, 0x00, 0x00, 0x00, 0x00, 0x00, 0x00, 0x00, 0x00, 0x00, 0x00,
	0x00, 0x00, 0x00, 0x00, 0x00, 0x00, 0x00, 0x00, 0x00, 0x00, 0x00, 0x00,
	0x00, 0x00, 0x00, 0x00, 0x00, 0x00, 0x00, 0x00, 0x00, 0x00, 0x00, 0x00,
	0x00, 0x00, 0x00, 0x00, 0x00, 0x00, 0x00, 0x00, 0x00, 0x00, 0x00, 0x00,
	0x00, 0x00, 0x00, 0x00, 0x00, 0x00, 0x00, 0x00, 0x00, 0x00, 0x00, 0x00,
	0x00, 0x00, 0x00, 0x00, 0x00, 0x00, 0x00, 0x00, 0x00, 0x00, 0x00, 0x00,
	0x00, 0x00, 0x00, 0x00, 0x00, 0x00, 0x00, 0x00, 0x00, 0x00, 0x00, 0x00,
	0x00, 0x00, 0x00, 0x00, 0x00, 0x00, 0x00, 0x00, 0x00, 0x00, 0x00, 0x00,
	0x00, 0x00, 0x00, 0x00, 0x00, 0x00, 0x00, 0x00, 0x00, 0x00, 0x00, 0x00,
	0x00, 0x00, 0x00, 0x00, 0x00, 0x00, 0x00, 0x00, 0x00, 0x00, 0x00, 0x00,
	0x00, 0x00, 0x00, 0x00, 0x00, 0x00, 0x00, 0x00, 0x00, 0x00, 0x00, 0x00,
	0x00, 0x00, 0x00, 0x00, 0x00, 0x00, 0x00, 0x00, 0x00, 0x00, 0x00, 0x00,
	0x00, 0x00, 0x00, 0x00, 0x00, 0x00, 0x00, 0x00, 0x00, 0x00, 0x00, 0x00,
	0x00, 0x00, 0x00, 0x00, 0x00, 0x00, 0x00, 0x00, 0x00, 0x00, 0x00, 0x00,
	0x00, 0x00, 0x00, 0x00, 0x00, 0x00, 0x00, 0x00, 0x00, 0x00, 0x00, 0x00,
	0x00, 0x00, 0x00, 0x00, 0x00, 0x00, 0x00, 0x00, 0x00, 0x00, 0x00, 0x00,
	0x00, 0x00, 0x00, 0x00, 0x00, 0x00, 0x00, 0x00, 0x00, 0x00, 0x00, 0x00,
	0x00, 0x00, 0x00, 0x00, 0x00, 0x00, 0x00, 0x00, 0x00, 0x00, 0x00, 0x00,
	0x00, 0x00, 0x00, 0x00, 0x00, 0x00, 0x00, 0x00, 0x00, 0x00, 0x00, 0x00,
	0x00, 0x00, 0x00, 0x00, 0x00, 0x00, 0x00, 0x00, 0x00, 0x00, 0x00, 0x00,
	0x00, 0x00, 0x00, 0x00, 0x00, 0x00, 0x00, 0x00, 0x00, 0x00, 0x00, 0x00,
	0x00, 0x00, 0x00, 0x00, 0x00, 0x00, 0x00, 0x00, 0x00, 0x00, 0x00, 0x00,
	0x00, 0x00, 0x00, 0x00, 0x00, 0x00, 0x00, 0x00, 0x00, 0x00, 0x00, 0x00,
	0x00, 0x00, 0x00, 0x00, 0x00, 0x00, 0x00, 0x00, 0x00, 0x00, 0x00, 0x00,
	0x00, 0x00, 0x00, 0x00, 0x00, 0x00, 0x00, 0x00, 0x00, 0x00, 0x00, 0x00,
	0x00, 0x00, 0x00, 0x00, 0x00, 0x00, 0x00, 0x00, 0x00, 0x00, 0x00, 0x00,
	0x00, 0x00, 0x00, 0x00, 0x00, 0x00, 0x00, 0x00, 0x00, 0x00, 0x00, 0x00,
	0x00, 0x00, 0x00, 0x00, 0x00, 0x00, 0x00, 0x00, 0x00, 0x00, 0x00, 0x00,
	0x00, 0x00, 0x00, 0x00, 0x00, 0x00, 0x00, 0x00, 0x00, 0x00, 0x00, 0x00,
	0x00, 0x00, 0x00, 0x00, 0x00, 0x00, 0x00, 0x00, 0x00, 0x00, 0x00, 0x00,
	0x00, 0x00, 0x00, 0x00, 0x00, 0x00, 0x00, 0x00, 0x00, 0x00, 0x00, 0x00,
	0x00, 0x00, 0x00, 0x00, 0x00, 0x00, 0x00, 0x00, 0x00, 0x00, 0x00, 0x00,
	0x00, 0x00, 0x00, 0x00, 0x00, 0x00, 0x00, 0x00, 0x00, 0x00, 0x00, 0x00,
	0x00, 0x00, 0x00, 0x00, 0x00, 0x00, 0x00, 0x00, 0x00, 0x00, 0x00, 0x00,
	0x00, 0x00, 0x00, 0x00, 0x00, 0x00, 0x00, 0x00, 0x00, 0x00, 0x00, 0x00,
	0x00, 0x00, 0x00, 0x00, 0x00, 0x00, 0x00, 0x00, 0x00, 0x00, 0x00, 0x00,
	0x00, 0x00, 0x00, 0x00, 0x00, 0x00, 0x00, 0x00, 0x00, 0x00, 0x00, 0x00,
	0x00, 0x00, 0x00, 0x00, 0x00, 0x00, 0x00, 0x00, 0x00, 0x00, 0x00, 0x00,
	0x00, 0x00, 0x00, 0x00, 0x00, 0x00, 0x00, 0x00, 0x00, 0x00, 0x00, 0x00,
	0x00, 0x00, 0x00, 0x00, 0x00, 0x00, 0x00, 0x00, 0x00, 0x00, 0x00, 0x00,
	0x00, 0x00, 0x00, 0x00, 0x00, 0x00, 0x00, 0x00, 0x00, 0x00, 0x00, 0x00,
	0x00, 0x00, 0x00, 0x00, 0x00, 0x00, 0x00, 0x00, 0x00, 0x00, 0x00, 0x00,
	0x00, 0x00, 0x00, 0x00, 0x00, 0x00, 0x00, 0x00, 0x00, 0x00, 0x00, 0x00,
	0x00, 0x00, 0x00, 0x00, 0x00, 0x00, 0x00, 0x00, 0x98, 0x40, 0x01, 0x00,
	0x00, 0x00, 0x00, 0x00, 0x00, 0x00, 0x00, 0x00, 0xC6, 0x42, 0x01, 0x00,
	0x30, 0xE0, 0x00, 0x00, 0x78, 0x40, 0x01, 0x00, 0x00, 0x00, 0x00, 0x00,
	0x00, 0x00, 0x00, 0x00, 0x04, 0x43, 0x01, 0x00, 0x10, 0xE0, 0x00, 0x00,
	0xD8, 0x40, 0x01, 0x00, 0x00, 0x00, 0x00, 0x00, 0x00, 0x00, 0x00, 0x00,
	0x68, 0x46, 0x01, 0x00, 0x70, 0xE0, 0x00, 0x00, 0x68, 0x40, 0x01, 0x00,
	0x00, 0x00, 0x00, 0x00, 0x00, 0x00, 0x00, 0x00, 0x92, 0x46, 0x01, 0x00,
	0x00, 0xE0, 0x00, 0x00, 0x00, 0x00, 0x00, 0x00, 0x00, 0x00, 0x00, 0x00,
	0x00, 0x00, 0x00, 0x00, 0x00, 0x00, 0x00, 0x00, 0x00, 0x00, 0x00, 0x00,
	0x00, 0x00, 0x00, 0x00, 0x76, 0x46, 0x01, 0x00, 0x00, 0x00, 0x00, 0x00,
	0x00, 0x00, 0x00, 0x00, 0x00, 0x00, 0x00, 0x00, 0xCE, 0x42, 0x01, 0x00,
	0x00, 0x00, 0x00, 0x00, 0xDC, 0x42, 0x01, 0x00, 0x00, 0x00, 0x00, 0x00,
	0xF4, 0x42, 0x01, 0x00, 0x00, 0x00, 0x00, 0x00, 0x00, 0x00, 0x00, 0x00,
	0x00, 0x00, 0x00, 0x00, 0x8C, 0x42, 0x01, 0x00, 0x00, 0x00, 0x00, 0x00,
	0x7A, 0x42, 0x01, 0x00, 0x00, 0x00, 0x00, 0x00, 0x66, 0x42, 0x01, 0x00,
	0x00, 0x00, 0x00, 0x00, 0x46, 0x42, 0x01, 0x00, 0x00, 0x00, 0x00, 0x00,
	0xB4, 0x42, 0x01, 0x00, 0x00, 0x00, 0x00, 0x00, 0xA0, 0x42, 0x01, 0x00,
	0x00, 0x00, 0x00, 0x00, 0x28, 0x42, 0x01, 0x00, 0x00, 0x00, 0x00, 0x00,
	0x00, 0x00, 0x00, 0x00, 0x00, 0x00, 0x00, 0x00, 0x46, 0x43, 0x01, 0x00,
	0x00, 0x00, 0x00, 0x00, 0x58, 0x43, 0x01, 0x00, 0x00, 0x00, 0x00, 0x00,
	0x6C, 0x43, 0x01, 0x00, 0x00, 0x00, 0x00, 0x00, 0x7A, 0x43, 0x01, 0x00,
	0x00, 0x00, 0x00, 0x00, 0x8E, 0x43, 0x01, 0x00, 0x00, 0x00, 0x00, 0x00,
	0x9C, 0x43, 0x01, 0x00, 0x00, 0x00, 0x00, 0x00, 0xB4, 0x43, 0x01, 0x00,
	0x00, 0x00, 0x00, 0x00, 0xCC, 0x43, 0x01, 0x00, 0x00, 0x00, 0x00, 0x00,
	0xEA, 0x43, 0x01, 0x00, 0x00, 0x00, 0x00, 0x00, 0xFE, 0x43, 0x01, 0x00,
	0x00, 0x00, 0x00, 0x00, 0x10, 0x44, 0x01, 0x00, 0x00, 0x00, 0x00, 0x00,
	0x24, 0x44, 0x01, 0x00, 0x00, 0x00, 0x00, 0x00, 0x40, 0x44, 0x01, 0x00,
	0x00, 0x00, 0x00, 0x00, 0x50, 0x44, 0x01, 0x00, 0x00, 0x00, 0x00, 0x00,
	0x0E, 0x43, 0x01, 0x00, 0x00, 0x00, 0x00, 0x00, 0x80, 0x44, 0x01, 0x00,
	0x00, 0x00, 0x00, 0x00, 0x90, 0x44, 0x01, 0x00, 0x00, 0x00, 0x00, 0x00,
	0x9C, 0x44, 0x01, 0x00, 0x00, 0x00, 0x00, 0x00, 0xA8, 0x44, 0x01, 0x00,
	0x00, 0x00, 0x00, 0x00, 0xBE, 0x44, 0x01, 0x00, 0x00, 0x00, 0x00, 0x00,
	0xDA, 0x44, 0x01, 0x00, 0x00, 0x00, 0x00, 0x00, 0xF6, 0x44, 0x01, 0x00,
	0x00, 0x00, 0x00, 0x00, 0x0E, 0x45, 0x01, 0x00, 0x00, 0x00, 0x00, 0x00,
	0x1E, 0x45, 0x01, 0x00, 0x00, 0x00, 0x00, 0x00, 0x28, 0x45, 0x01, 0x00,
	0x00, 0x00, 0x00, 0x00, 0x34, 0x45, 0x01, 0x00, 0x00, 0x00, 0x00, 0x00,
	0x46, 0x45, 0x01, 0x00, 0x00, 0x00, 0x00, 0x00, 0x58, 0x45, 0x01, 0x00,
	0x00, 0x00, 0x00, 0x00, 0x76, 0x45, 0x01, 0x00, 0x00, 0x00, 0x00, 0x00,
	0x8E, 0x45, 0x01, 0x00, 0x00, 0x00, 0x00, 0x00, 0xA0, 0x45, 0x01, 0x00,
	0x00, 0x00, 0x00, 0x00, 0xBE, 0x45, 0x01, 0x00, 0x00, 0x00, 0x00, 0x00,
	0xDA, 0x45, 0x01, 0x00, 0x00, 0x00, 0x00, 0x00, 0xF6, 0x45, 0x01, 0x00,
	0x00, 0x00, 0x00, 0x00, 0x0E, 0x46, 0x01, 0x00, 0x00, 0x00, 0x00, 0x00,
	0x1A, 0x46, 0x01, 0x00, 0x00, 0x00, 0x00, 0x00, 0x2E, 0x46, 0x01, 0x00,
	0x00, 0x00, 0x00, 0x00, 0x3E, 0x46, 0x01, 0x00, 0x00, 0x00, 0x00, 0x00,
	0x4E, 0x46, 0x01, 0x00, 0x00, 0x00, 0x00, 0x00, 0x26, 0x43, 0x01, 0x00,
	0x00, 0x00, 0x00, 0x00, 0x60, 0x44, 0x01, 0x00, 0x00, 0x00, 0x00, 0x00,
	0x00, 0x00, 0x00, 0x00, 0x00, 0x00, 0x00, 0x00, 0x1E, 0x00, 0x42, 0x43,
	0x72, 0x79, 0x70, 0x74, 0x4F, 0x70, 0x65, 0x6E, 0x41, 0x6C, 0x67, 0x6F,
	0x72, 0x69, 0x74, 0x68, 0x6D, 0x50, 0x72, 0x6F, 0x76, 0x69, 0x64, 0x65,
	0x72, 0x00, 0x01, 0x00, 0x42, 0x43, 0x72, 0x79, 0x70, 0x74, 0x43, 0x6C,
	0x6F, 0x73, 0x65, 0x41, 0x6C, 0x67, 0x6F, 0x72, 0x69, 0x74, 0x68, 0x6D,
	0x50, 0x72, 0x6F, 0x76, 0x69, 0x64, 0x65, 0x72, 0x00, 0x00, 0x02, 0x00,
	0x42, 0x43, 0x72, 0x79, 0x70, 0x74, 0x43, 0x72, 0x65, 0x61, 0x74, 0x65,
	0x48, 0x61, 0x73, 0x68, 0x00, 0x00, 0x1A, 0x00, 0x42, 0x43, 0x72, 0x79,
	0x70, 0x74, 0x48, 0x61, 0x73, 0x68, 0x44, 0x61, 0x74, 0x61, 0x00, 0x00,
	0x12, 0x00, 0x42, 0x43, 0x72, 0x79, 0x70, 0x74, 0x46, 0x69, 0x6E, 0x69,
	0x73, 0x68, 0x48, 0x61, 0x73, 0x68, 0x00, 0x00, 0x08, 0x00, 0x42, 0x43,
	0x72, 0x79, 0x70, 0x74, 0x44, 0x65, 0x73, 0x74, 0x72, 0x6F, 0x79, 0x48,
	0x61, 0x73, 0x68, 0x00, 0x14, 0x00, 0x42, 0x43, 0x72, 0x79, 0x70, 0x74,
	0x47, 0x65, 0x6E, 0x52, 0x61, 0x6E, 0x64, 0x6F, 0x6D, 0x00, 0x63, 0x6E,
	0x67, 0x2E, 0x73, 0x79, 0x73, 0x00, 0x45, 0x02, 0x57, 0x73, 0x6B, 0x52,
	0x65, 0x67, 0x69, 0x73, 0x74, 0x65, 0x72, 0x00, 0x42, 0x02, 0x57, 0x73,
	0x6B, 0x43, 0x61, 0x70, 0x74, 0x75, 0x72, 0x65, 0x50, 0x72, 0x6F, 0x76,
	0x69, 0x64, 0x65, 0x72, 0x4E, 0x50, 0x49, 0x00, 0x43, 0x02, 0x57, 0x73,
	0x6B, 0x44, 0x65, 0x72, 0x65, 0x67, 0x69, 0x73, 0x74, 0x65, 0x72, 0x00,
	0x4E, 0x45, 0x54, 0x49, 0x4F, 0x2E, 0x53, 0x59, 0x53, 0x00, 0x3A, 0x09,
	0x52, 0x74, 0x6C, 0x49, 0x6E, 0x69, 0x74, 0x55, 0x6E, 0x69, 0x63, 0x6F,
	0x64, 0x65, 0x53, 0x74, 0x72, 0x69, 0x6E, 0x67, 0x00, 0x00, 0x28, 0x0A,
	0x52, 0x74, 0x6C, 0x55, 0x6E, 0x69, 0x63, 0x6F, 0x64, 0x65, 0x53, 0x74,
	0x72, 0x69, 0x6E, 0x67, 0x54, 0x6F, 0x41, 0x6E, 0x73, 0x69, 0x53, 0x74,
	0x72, 0x69, 0x6E, 0x67, 0x00, 0x00, 0xF0, 0x04, 0x4B, 0x65, 0x49, 0x6E,
	0x69, 0x74, 0x69, 0x61, 0x6C, 0x69, 0x7A, 0x65, 0x44, 0x70, 0x63, 0x00,
	0xF4, 0x04, 0x4B, 0x65, 0x49, 0x6E, 0x69, 0x74, 0x69, 0x61, 0x6C, 0x69,
	0x7A, 0x65, 0x45, 0x76, 0x65, 0x6E, 0x74, 0x00, 0x83, 0x05, 0x4B, 0x65,
	0x53, 0x65, 0x74, 0x45, 0x76, 0x65, 0x6E, 0x74, 0x00, 0x00, 0xFE, 0x04,
	0x4B, 0x65, 0x49, 0x6E, 0x69, 0x74, 0x69, 0x61, 0x6C, 0x69, 0x7A, 0x65,
	0x54, 0x69, 0x6D, 0x65, 0x72, 0x00, 0x93, 0x05, 0x4B, 0x65, 0x53, 0x65,
	0x74, 0x54, 0x69, 0x6D, 0x65, 0x72, 0x00, 0x00, 0xB4, 0x05, 0x4B, 0x65,
	0x57, 0x61, 0x69, 0x74, 0x46, 0x6F, 0x72, 0x53, 0x69, 0x6E, 0x67, 0x6C,
	0x65, 0x4F, 0x62, 0x6A, 0x65, 0x63, 0x74, 0x00, 0xFC, 0x04, 0x4B, 0x65,
	0x49, 0x6E, 0x69, 0x74, 0x69, 0x61, 0x6C, 0x69, 0x7A, 0x65, 0x53, 0x70,
	0x69, 0x6E, 0x4C, 0x6F, 0x63, 0x6B, 0x00, 0x00, 0x9D, 0x04, 0x4B, 0x65,
	0x41, 0x63, 0x71, 0x75, 0x69, 0x72, 0x65, 0x53, 0x70, 0x69, 0x6E, 0x4C,
	0x6F, 0x63, 0x6B, 0x52, 0x61, 0x69, 0x73, 0x65, 0x54, 0x6F, 0x44, 0x70,
	0x63, 0x00, 0x63, 0x05, 0x4B, 0x65, 0x52, 0x65, 0x6C, 0x65, 0x61, 0x73,
	0x65, 0x53, 0x70, 0x69, 0x6E, 0x4C, 0x6F, 0x63, 0x6B, 0x00, 0xCB, 0x00,
	0x45, 0x78, 0x41, 0x6C, 0x6C, 0x6F, 0x63, 0x61, 0x74, 0x65, 0x50, 0x6F,
	0x6F, 0x6C, 0x32, 0x00, 0xFC, 0x00, 0x45, 0x78, 0x46, 0x72, 0x65, 0x65,
	0x50, 0x6F, 0x6F, 0x6C, 0x57, 0x69, 0x74, 0x68, 0x54, 0x61, 0x67, 0x00,
	0xEB, 0x05, 0x4D, 0x6D, 0x42, 0x75, 0x69, 0x6C, 0x64, 0x4D, 0x64, 0x6C,
	0x46, 0x6F, 0x72, 0x4E, 0x6F, 0x6E, 0x50, 0x61, 0x67, 0x65, 0x64, 0x50,
	0x6F, 0x6F, 0x6C, 0x00, 0x14, 0x03, 0x49, 0x6F, 0x41, 0x6C, 0x6C, 0x6F,
	0x63, 0x61, 0x74, 0x65, 0x49, 0x72, 0x70, 0x00, 0x16, 0x03, 0x49, 0x6F,
	0x41, 0x6C, 0x6C, 0x6F, 0x63, 0x61, 0x74, 0x65, 0x4D, 0x64, 0x6C, 0x00,
	0x22, 0x03, 0x49, 0x6F, 0x42, 0x75, 0x69, 0x6C, 0x64, 0x44, 0x65, 0x76,
	0x69, 0x63, 0x65, 0x49, 0x6F, 0x43, 0x6F, 0x6E, 0x74, 0x72, 0x6F, 0x6C,
	0x52, 0x65, 0x71, 0x75, 0x65, 0x73, 0x74, 0x00, 0x75, 0x04, 0x49, 0x6F,
	0x66, 0x43, 0x61, 0x6C, 0x6C, 0x44, 0x72, 0x69, 0x76, 0x65, 0x72, 0x00,
	0x75, 0x03, 0x49, 0x6F, 0x46, 0x72, 0x65, 0x65, 0x49, 0x72, 0x70, 0x00,
	0x78, 0x03, 0x49, 0x6F, 0x46, 0x72, 0x65, 0x65, 0x4D, 0x64, 0x6C, 0x00,
	0x88, 0x03, 0x49, 0x6F, 0x47, 0x65, 0x74, 0x43, 0x75, 0x72, 0x72, 0x65,
	0x6E, 0x74, 0x50, 0x72, 0x6F, 0x63, 0x65, 0x73, 0x73, 0x00, 0x8F, 0x03,
	0x49, 0x6F, 0x47, 0x65, 0x74, 0x44, 0x65, 0x76, 0x69, 0x63, 0x65, 0x4F,
	0x62, 0x6A, 0x65, 0x63, 0x74, 0x50, 0x6F, 0x69, 0x6E, 0x74, 0x65, 0x72,
	0x00, 0x00, 0xEB, 0x06, 0x4F, 0x62, 0x52, 0x65, 0x66, 0x65, 0x72, 0x65,
	0x6E, 0x63, 0x65, 0x4F, 0x62, 0x6A, 0x65, 0x63, 0x74, 0x42, 0x79, 0x48,
	0x61, 0x6E, 0x64, 0x6C, 0x65, 0x00, 0xFB, 0x06, 0x4F, 0x62, 0x66, 0x44,
	0x65, 0x72, 0x65, 0x66, 0x65, 0x72, 0x65, 0x6E, 0x63, 0x65, 0x4F, 0x62,
	0x6A, 0x65, 0x63, 0x74, 0x00, 0x00, 0x77, 0x0B, 0x5A, 0x77, 0x43, 0x72,
	0x65, 0x61, 0x74, 0x65, 0x46, 0x69, 0x6C, 0x65, 0x00, 0x00, 0x6A, 0x0B,
	0x5A, 0x77, 0x43, 0x6C, 0x6F, 0x73, 0x65, 0x00, 0xBF, 0x0B, 0x5A, 0x77,
	0x4F, 0x70, 0x65, 0x6E, 0x4B, 0x65, 0x79, 0x00, 0x97, 0x0B, 0x5A, 0x77,
	0x45, 0x6E, 0x75, 0x6D, 0x65, 0x72, 0x61, 0x74, 0x65, 0x4B, 0x65, 0x79,
	0x00, 0x00, 0xFF, 0x0B, 0x5A, 0x77, 0x51, 0x75, 0x65, 0x72, 0x79, 0x56,
	0x61, 0x6C, 0x75, 0x65, 0x4B, 0x65, 0x79, 0x00, 0x1C, 0x08, 0x50, 0x73,
	0x53, 0x65, 0x74, 0x4C, 0x6F, 0x61, 0x64, 0x49, 0x6D, 0x61, 0x67, 0x65,
	0x4E, 0x6F, 0x74, 0x69, 0x66, 0x79, 0x52, 0x6F, 0x75, 0x74, 0x69, 0x6E,
	0x65, 0x00, 0x84, 0x07, 0x50, 0x73, 0x47, 0x65, 0x74, 0x43, 0x75, 0x72,
	0x72, 0x65, 0x6E, 0x74, 0x50, 0x72, 0x6F, 0x63, 0x65, 0x73, 0x73, 0x49,
	0x64, 0x00, 0xA8, 0x07, 0x50, 0x73, 0x47, 0x65, 0x74, 0x50, 0x72, 0x6F,
	0x63, 0x65, 0x73, 0x73, 0x49, 0x64, 0x00, 0x00, 0xE9, 0x07, 0x50, 0x73,
	0x4C, 0x6F, 0x6F, 0x6B, 0x75, 0x70, 0x50, 0x72, 0x6F, 0x63, 0x65, 0x73,
	0x73, 0x42, 0x79, 0x50, 0x72, 0x6F, 0x63, 0x65, 0x73, 0x73, 0x49, 0x64,
	0x00, 0x00, 0xA9, 0x07, 0x50, 0x73, 0x47, 0x65, 0x74, 0x50, 0x72, 0x6F,
	0x63, 0x65, 0x73, 0x73, 0x49, 0x6D, 0x61, 0x67, 0x65, 0x46, 0x69, 0x6C,
	0x65, 0x4E, 0x61, 0x6D, 0x65, 0x00, 0xFC, 0x0B, 0x5A, 0x77, 0x51, 0x75,
	0x65, 0x72, 0x79, 0x53, 0x79, 0x73, 0x74, 0x65, 0x6D, 0x49, 0x6E, 0x66,
	0x6F, 0x72, 0x6D, 0x61, 0x74, 0x69, 0x6F, 0x6E, 0x00, 0x00, 0x51, 0x0C,
	0x5F, 0x5F, 0x43, 0x5F, 0x73, 0x70, 0x65, 0x63, 0x69, 0x66, 0x69, 0x63,
	0x5F, 0x68, 0x61, 0x6E, 0x64, 0x6C, 0x65, 0x72, 0x00, 0x00, 0x86, 0x0C,
	0x5F, 0x5F, 0x63, 0x68, 0x6B, 0x73, 0x74, 0x6B, 0x00, 0x00, 0x6E, 0x03,
	0x49, 0x6F, 0x46, 0x69, 0x6C, 0x65, 0x4F, 0x62, 0x6A, 0x65, 0x63, 0x74,
	0x54, 0x79, 0x70, 0x65, 0x00, 0x00, 0xEE, 0x07, 0x50, 0x73, 0x50, 0x72,
	0x6F, 0x63, 0x65, 0x73, 0x73, 0x54, 0x79, 0x70, 0x65, 0x00, 0x30, 0x08,
	0x50, 0x73, 0x54, 0x68, 0x72, 0x65, 0x61, 0x64, 0x54, 0x79, 0x70, 0x65,
	0x00, 0x00, 0xD0, 0x07, 0x50, 0x73, 0x49, 0x6E, 0x69, 0x74, 0x69, 0x61,
	0x6C, 0x53, 0x79, 0x73, 0x74, 0x65, 0x6D, 0x50, 0x72, 0x6F, 0x63, 0x65,
	0x73, 0x73, 0x00, 0x00, 0x6E, 0x74, 0x6F, 0x73, 0x6B, 0x72, 0x6E, 0x6C,
	0x2E, 0x65, 0x78, 0x65, 0x00, 0x00, 0x54, 0x00, 0x4B, 0x65, 0x51, 0x75,
	0x65, 0x72, 0x79, 0x50, 0x65, 0x72, 0x66, 0x6F, 0x72, 0x6D, 0x61, 0x6E,
	0x63, 0x65, 0x43, 0x6F, 0x75, 0x6E, 0x74, 0x65, 0x72, 0x00, 0x48, 0x41,
	0x4C, 0x2E, 0x64, 0x6C, 0x6C, 0x00, 0x00, 0x00, 0x00, 0x00, 0x00, 0x00,
	0x00, 0x00, 0x00, 0x00, 0x00, 0x00, 0x00, 0x00, 0x00, 0x00, 0x00, 0x00,
	0x00, 0x00, 0x00, 0x00, 0x00, 0x00, 0x00, 0x00, 0x00, 0x00, 0x00, 0x00,
	0x00, 0x00, 0x00, 0x00, 0x00, 0x00, 0x00, 0x00, 0x00, 0x00, 0x00, 0x00,
	0x00, 0x00, 0x00, 0x00, 0x00, 0x00, 0x00, 0x00, 0x00, 0x00, 0x00, 0x00,
	0x00, 0x00, 0x00, 0x00, 0x00, 0x00, 0x00, 0x00, 0x00, 0x00, 0x00, 0x00,
	0x00, 0x00, 0x00, 0x00, 0x00, 0x00, 0x00, 0x00, 0x00, 0x00, 0x00, 0x00,
	0x00, 0x00, 0x00, 0x00, 0x00, 0x00, 0x00, 0x00, 0x00, 0x00, 0x00, 0x00,
	0x00, 0x00, 0x00, 0x00, 0x00, 0x00, 0x00, 0x00, 0x00, 0x00, 0x00, 0x00,
	0x00, 0x00, 0x00, 0x00, 0x00, 0x00, 0x00, 0x00, 0x00, 0x00, 0x00, 0x00,
	0x00, 0x00, 0x00, 0x00, 0x00, 0x00, 0x00, 0x00, 0x00, 0x00, 0x00, 0x00,
	0x00, 0x00, 0x00, 0x00, 0x00, 0x00, 0x00, 0x00, 0x00, 0x00, 0x00, 0x00,
	0x00, 0x00, 0x00, 0x00, 0x00, 0x00, 0x00, 0x00, 0x00, 0x00, 0x00, 0x00,
	0x00, 0x00, 0x00, 0x00, 0x00, 0x00, 0x00, 0x00, 0x00, 0x00, 0x00, 0x00,
	0x00, 0x00, 0x00, 0x00, 0x00, 0x00, 0x00, 0x00, 0x00, 0x00, 0x00, 0x00,
	0x00, 0x00, 0x00, 0x00, 0x00, 0x00, 0x00, 0x00, 0x00, 0x00, 0x00, 0x00,
	0x00, 0x00, 0x00, 0x00, 0x00, 0x00, 0x00, 0x00, 0x00, 0x00, 0x00, 0x00,
	0x00, 0x00, 0x00, 0x00, 0x00, 0x00, 0x00, 0x00, 0x00, 0x00, 0x00, 0x00,
	0x00, 0x00, 0x00, 0x00, 0x00, 0x00, 0x00, 0x00, 0x00, 0x00, 0x00, 0x00,
	0x00, 0x00, 0x00, 0x00, 0x00, 0x00, 0x00, 0x00, 0x00, 0x00, 0x00, 0x00,
	0x00, 0x00, 0x00, 0x00, 0x00, 0x00, 0x00, 0x00, 0x00, 0x00, 0x00, 0x00,
	0x00, 0x00, 0x00, 0x00, 0x00, 0x00, 0x00, 0x00, 0x00, 0x00, 0x00, 0x00,
	0x00, 0x00, 0x00, 0x00, 0x00, 0x00, 0x00, 0x00, 0x00, 0x00, 0x00, 0x00,
	0x00, 0x00, 0x00, 0x00, 0x00, 0x00, 0x00, 0x00, 0x00, 0x00, 0x00, 0x00,
	0x00, 0x00, 0x00, 0x00, 0x00, 0x00, 0x00, 0x00, 0x00, 0x00, 0x00, 0x00,
	0x00, 0x00, 0x00, 0x00, 0x00, 0x00, 0x00, 0x00, 0x00, 0x00, 0x00, 0x00,
	0x00, 0x00, 0x00, 0x00, 0x00, 0x00, 0x00, 0x00, 0x00, 0x00, 0x00, 0x00,
	0x00, 0x00, 0x00, 0x00, 0x00, 0x00, 0x00, 0x00, 0x00, 0x00, 0x00, 0x00,
	0x00, 0x00, 0x00, 0x00, 0x00, 0x00, 0x00, 0x00, 0x00, 0x00, 0x00, 0x00,
	0x00, 0x00, 0x00, 0x00, 0x00, 0x00, 0x00, 0x00, 0x00, 0x00, 0x00, 0x00,
	0x00, 0x00, 0x00, 0x00, 0x00, 0xE0, 0x00, 0x00, 0x44, 0x00, 0x00, 0x00,
	0xE0, 0xA3, 0xF0, 0xA3, 0x00, 0xA4, 0x10, 0xA4, 0x20, 0xA4, 0x30, 0xA4,
	0x40, 0xA4, 0x50, 0xA4, 0x60, 0xA4, 0x70, 0xA4, 0x80, 0xA4, 0x90, 0xA4,
	0xA0, 0xA4, 0xB0, 0xA4, 0xC0, 0xA4, 0xD0, 0xA4, 0xE0, 0xA4, 0xF0, 0xA4,
	0x00, 0xA5, 0x10, 0xA5, 0x20, 0xA5, 0x30, 0xA5, 0x40, 0xA5, 0x50, 0xA5,
	0x60, 0xA5, 0x70, 0xA5, 0x80, 0xA5, 0x90, 0xA5, 0xA0, 0xA5, 0xB0, 0xA5,
	0x00, 0x00, 0x01, 0x00, 0x80, 0x00, 0x00, 0x00, 0x10, 0xA0, 0x18, 0xA0,
	0x20, 0xA0, 0x28, 0xA0, 0x30, 0xA0, 0x38, 0xA0, 0x40, 0xA0, 0x48, 0xA0,
	0x50, 0xA0, 0x58, 0xA0, 0x60, 0xA0, 0x68, 0xA0, 0x70, 0xA0, 0x78, 0xA0,
	0x80, 0xA0, 0x88, 0xA0, 0x90, 0xA0, 0x98, 0xA0, 0xA0, 0xA0, 0xA8, 0xA0,
	0xB0, 0xA0, 0xB8, 0xA0, 0xC0, 0xA0, 0xC8, 0xA0, 0xD0, 0xA0, 0xD8, 0xA0,
	0xE0, 0xA0, 0xE8, 0xA0, 0xF0, 0xA0, 0xF8, 0xA0, 0x00, 0xA1, 0x08, 0xA1,
	0x10, 0xA1, 0x18, 0xA1, 0x20, 0xA1, 0x28, 0xA1, 0x30, 0xA1, 0x38, 0xA1,
	0x40, 0xA1, 0x48, 0xA1, 0x50, 0xA1, 0x58, 0xA1, 0x60, 0xA1, 0x68, 0xA1,
	0x70, 0xA1, 0x78, 0xA1, 0x80, 0xA1, 0x88, 0xA1, 0x90, 0xA1, 0x98, 0xA1,
	0xA0, 0xA1, 0xA8, 0xA1, 0xB0, 0xA1, 0xB8, 0xA1, 0xC0, 0xA1, 0xC8, 0xA1,
	0xD0, 0xA1, 0xD8, 0xA1, 0xE8, 0xA1, 0x00, 0x00, 0x00, 0x00, 0x00, 0x00,
	0x00, 0x00, 0x00, 0x00, 0x00, 0x00, 0x00, 0x00, 0x00, 0x00, 0x00, 0x00,
	0x00, 0x00, 0x00, 0x00, 0x00, 0x00, 0x00, 0x00, 0x00, 0x00, 0x00, 0x00,
	0x00, 0x00, 0x00, 0x00, 0x00, 0x00, 0x00, 0x00, 0x00, 0x00, 0x00, 0x00,
	0x00, 0x00, 0x00, 0x00, 0x00, 0x00, 0x00, 0x00, 0x00, 0x00, 0x00, 0x00,
	0x00, 0x00, 0x00, 0x00, 0x00, 0x00, 0x00, 0x00, 0x00, 0x00, 0x00, 0x00,
	0x00, 0x00, 0x00, 0x00, 0x00, 0x00, 0x00, 0x00, 0x00, 0x00, 0x00, 0x00,
	0x00, 0x00, 0x00, 0x00, 0x00, 0x00, 0x00, 0x00, 0x00, 0x00, 0x00, 0x00,
	0x00, 0x00, 0x00, 0x00, 0x00, 0x00, 0x00, 0x00, 0x00, 0x00, 0x00, 0x00,
	0x00, 0x00, 0x00, 0x00, 0x00, 0x00, 0x00, 0x00, 0x00, 0x00, 0x00, 0x00,
	0x00, 0x00, 0x00, 0x00, 0x00, 0x00, 0x00, 0x00, 0x00, 0x00, 0x00, 0x00,
	0x00, 0x00, 0x00, 0x00, 0x00, 0x00, 0x00, 0x00, 0x00, 0x00, 0x00, 0x00,
	0x00, 0x00, 0x00, 0x00, 0x00, 0x00, 0x00, 0x00, 0x00, 0x00, 0x00, 0x00,
	0x00, 0x00, 0x00, 0x00, 0x00, 0x00, 0x00, 0x00, 0x00, 0x00, 0x00, 0x00,
	0x00, 0x00, 0x00, 0x00, 0x00, 0x00, 0x00, 0x00, 0x00, 0x00, 0x00, 0x00,
	0x00, 0x00, 0x00, 0x00, 0x00, 0x00, 0x00, 0x00, 0x00, 0x00, 0x00, 0x00,
	0x00, 0x00, 0x00, 0x00, 0x00, 0x00, 0x00, 0x00, 0x00, 0x00, 0x00, 0x00,
	0x00, 0x00, 0x00, 0x00, 0x00, 0x00, 0x00, 0x00, 0x00, 0x00, 0x00, 0x00,
	0x00, 0x00, 0x00, 0x00, 0x00, 0x00, 0x00, 0x00, 0x00, 0x00, 0x00, 0x00,
	0x00, 0x00, 0x00, 0x00, 0x00, 0x00, 0x00, 0x00, 0x00, 0x00, 0x00, 0x00,
	0x00, 0x00, 0x00, 0x00, 0x00, 0x00, 0x00, 0x00, 0x00, 0x00, 0x00, 0x00,
	0x00, 0x00, 0x00, 0x00, 0x00, 0x00, 0x00, 0x00, 0x00, 0x00, 0x00, 0x00,
	0x00, 0x00, 0x00, 0x00, 0x00, 0x00, 0x00, 0x00, 0x00, 0x00, 0x00, 0x00,
	0x00, 0x00, 0x00, 0x00, 0x00, 0x00, 0x00, 0x00, 0x00, 0x00, 0x00, 0x00,
	0x00, 0x00, 0x00, 0x00, 0x00, 0x00, 0x00, 0x00, 0x00, 0x00, 0x00, 0x00,
	0x00, 0x00, 0x00, 0x00, 0x00, 0x00, 0x00, 0x00, 0x00, 0x00, 0x00, 0x00,
	0x00, 0x00, 0x00, 0x00, 0x00, 0x00, 0x00, 0x00, 0x00, 0x00, 0x00, 0x00
};
