#pragma once

/* XOR-encrypted Sentinel.sys driver bytes.
   Generated by encrypt_sentinel.py -- DO NOT EDIT.
   Key is in driver_loader.cpp. */

static const unsigned char g_sentinel_encrypted[22016] = {
	0x9A, 0x71, 0x13, 0x4E, 0xF2, 0x69, 0xA5, 0x1C, 0x3C, 0xE0, 0x54, 0x9F,
	0x85, 0x39, 0x0D, 0xB2, 0x6F, 0x2B, 0x83, 0x4E, 0xF1, 0x69, 0xA5, 0x1C,
	0x78, 0xE0, 0x54, 0x9F, 0x7A, 0xC6, 0x0D, 0xB2, 0xD7, 0x2B, 0x83, 0x4E,
	0xF1, 0x69, 0xA5, 0x1C, 0x38, 0xE0, 0x54, 0x9F, 0x7A, 0xC6, 0x0D, 0xB2,
	0xD7, 0x2B, 0x83, 0x4E, 0xF1, 0x69, 0xA5, 0x1C, 0x38, 0xE0, 0x54, 0x9F,
	0xA2, 0xC6, 0x0D, 0xB2, 0xD9, 0x34, 0x39, 0x40, 0xF1, 0xDD, 0xAC, 0xD1,
	0x19, 0x58, 0x55, 0xD3, 0xB7, 0xE7, 0x59, 0xDA, 0xBE, 0x58, 0xA3, 0x3E,
	0x83, 0x06, 0xC2, 0x6E, 0x59, 0x8D, 0x74, 0xFC, 0x1B, 0xA8, 0x63, 0xDD,
	0xA3, 0x0B, 0xE1, 0x2B, 0xD1, 0x1B, 0xD0, 0x72, 0x18, 0x89, 0x3A, 0xBF,
	0x3E, 0x89, 0x5E, 0x92, 0xBA, 0x44, 0xE7, 0x2B, 0xDF, 0x64, 0xA8, 0x16,
	0x1C, 0xE0, 0x54, 0x9F, 0x7A, 0xC6, 0x0D, 0xB2, 0x4E, 0x24, 0x7F, 0x87,
	0x2C, 0x07, 0x37, 0x86, 0xE5, 0x8E, 0xC6, 0x05, 0xA7, 0xA8, 0x9F, 0x28,
	0x7E, 0xC4, 0x12, 0xD5, 0x2E, 0x07, 0x37, 0x86, 0x91, 0x0F, 0xC2, 0x04,
	0xA6, 0xA8, 0x9F, 0x28, 0x7E, 0xC4, 0x10, 0xD5, 0x2F, 0x07, 0x37, 0x86,
	0xE5, 0x8E, 0xC7, 0x05, 0xA3, 0xA8, 0x9F, 0x28, 0x93, 0xCC, 0x14, 0xD5,
	0x2D, 0x07, 0x37, 0x86, 0x7C, 0x07, 0xC4, 0x04, 0xA6, 0xA8, 0x9F, 0x28,
	0x85, 0x42, 0xE0, 0x26, 0x2C, 0x07, 0x37, 0x86, 0x38, 0xE0, 0x54, 0x9F,
	0x7A, 0xC6, 0x0D, 0xB2, 0xD7, 0x2B, 0x83, 0x4E, 0xF1, 0x69, 0xA5, 0x1C,
	0x68, 0xA5, 0x54, 0x9F, 0x1E, 0x40, 0x0A, 0xB2, 0xC1, 0x1A, 0x56, 0x27,
	0xF1, 0x69, 0xA5, 0x1C, 0x38, 0xE0, 0x54, 0x9F, 0x8A, 0xC6, 0x2F, 0xB2,
	0xDC, 0x29, 0x8D, 0x62, 0xF1, 0x55, 0xA5, 0x1C, 0x38, 0xFA, 0x54, 0x9F,
	0x7A, 0xC6, 0x0D, 0xB2, 0xD7, 0x3B, 0x83, 0x4E, 0xF1, 0x79, 0xA5, 0x1C,
	0x38, 0xE0, 0x54, 0xDF, 0x7B, 0xC6, 0x0D, 0xB2, 0xD7, 0x3B, 0x83, 0x4E,
	0xF1, 0x6B, 0xA5, 0x1C, 0x32, 0xE0, 0x54, 0x9F, 0x70, 0xC6, 0x0D, 0xB2,
	0xDD, 0x2B, 0x83, 0x4E, 0xF1, 0x69, 0xA5, 0x1C, 0x38, 0x50, 0x54, 0x9F,
	0x7A, 0xC2, 0x0D, 0xB2, 0xB5, 0x37, 0x82, 0x4E, 0xF0, 0x69, 0xC5, 0x1D,
	0x38, 0xE0, 0x44, 0x9F, 0x7A, 0xC6, 0x0D, 0xB2, 0xD7, 0x3B, 0x83, 0x4E,
	0xF1, 0x69, 0xA5, 0x1C, 0x38, 0xE0, 0x44, 0x9F, 0x7A, 0xC6, 0x0D, 0xB2,
	0xD7, 0x3B, 0x83, 0x4E, 0xF1, 0x69, 0xA5, 0x1C, 0x38, 0xE0, 0x54, 0x9F,
	0x6A, 0xC6, 0x0D, 0xB2, 0xD7, 0x2B, 0x83, 0x4E, 0xF1, 0x69, 0xA5, 0x1C,
	0x38, 0x70, 0x54, 0x9F, 0x52, 0xC6, 0x0D, 0xB2, 0xD7, 0x2B, 0x83, 0x4E,
	0xF1, 0x69, 0xA5, 0x1C, 0x38, 0x90, 0x54, 0x9F, 0x0E, 0xC7, 0x0D, 0xB2,
	0xD7, 0x2B, 0x83, 0x4E, 0xF1, 0x69, 0xA5, 0x1C, 0x38, 0x40, 0x54, 0x9F,
	0x5A, 0xC6, 0x0D, 0xB2, 0xD7, 0x7E, 0x83, 0x4E, 0xC9, 0x69, 0xA5, 0x1C,
	0x38, 0xE0, 0x54, 0x9F, 0x7A, 0xC6, 0x0D, 0xB2, 0xD7, 0x2B, 0x83, 0x4E,
	0xF1, 0x69, 0xA5, 0x1C, 0x38, 0xE0, 0x54, 0x9F, 0x7A, 0xC6, 0x0D, 0xB2,
	0xD7, 0x2B, 0x83, 0x4E, 0xF1, 0x69, 0xA5, 0x1C, 0x38, 0xE0, 0x54, 0x9F,
	0x7A, 0xC6, 0x0D, 0xB2, 0xD7, 0x7B, 0x83, 0x4E, 0xD9, 0x69, 0xA5, 0x1C,
	0x38, 0xE0, 0x54, 0x9F, 0x7A, 0xC6, 0x0D, 0xB2, 0xD7, 0x2B, 0x83, 0x4E,
	0xF1, 0x69, 0xA5, 0x1C, 0x38, 0xE0, 0x54, 0x9F, 0x7A, 0xC6, 0x0D, 0xB2,
	0xF9, 0x5F, 0xE6, 0x36, 0x85, 0x69, 0xA5, 0x1C, 0x9B, 0xDA, 0x54, 0x9F,
	0x7A, 0xD6, 0x0D, 0xB2, 0xD7, 0x17, 0x83, 0x4E, 0xF1, 0x6D, 0xA5, 0x1C,
	0x38, 0xE0, 0x54, 0x9F, 0x7A, 0xC6, 0x0D, 0xB2, 0xD7, 0x2B, 0x83, 0x4E,
	0xD1, 0x69, 0xA5, 0x74, 0x16, 0x92, 0x30, 0xFE, 0x0E, 0xA7, 0x0D, 0xB2,
	0xE7, 0x20, 0x83, 0x4E, 0xF1, 0x39, 0xA5, 0x1C, 0x38, 0xEC, 0x54, 0x9F,
	0x7A, 0x86, 0x0D, 0xB2, 0xD7, 0x2B, 0x83, 0x4E, 0xF1, 0x69, 0xA5, 0x1C,
	0x38, 0xE0, 0x54, 0x9F, 0x3A, 0xC6, 0x0D, 0xFA, 0xF9, 0x4F, 0xE2, 0x3A,
	0x90, 0x69, 0xA5, 0x1C, 0xC0, 0xE5, 0x54, 0x9F, 0x7A, 0xA6, 0x0D, 0xB2,
	0xD7, 0x29, 0x83, 0x4E, 0xF1, 0x25, 0xA5, 0x1C, 0x38, 0xE0, 0x54, 0x9F,
	0x7A, 0xC6, 0x0D, 0xB2, 0xD7, 0x2B, 0x83, 0x4E, 0xB1, 0x69, 0xA5, 0xD4,
	0x16, 0x90, 0x30, 0xFE, 0x0E, 0xA7, 0x0D, 0xB2, 0xA3, 0x2A, 0x83, 0x4E,
	0xF1, 0x19, 0xA5, 0x1C, 0x38, 0xE2, 0x54, 0x9F, 0x7A, 0x88, 0x0D, 0xB2,
	0xD7, 0x2B, 0x83, 0x4E, 0xF1, 0x69, 0xA5, 0x1C, 0x38, 0xE0, 0x54, 0x9F,
	0x3A, 0xC6, 0x0D, 0xFA, 0xF9, 0x58, 0xED, 0x3A, 0x9D, 0x69, 0xA5, 0x1C,
	0x20, 0xE0, 0x54, 0x9F, 0x7A, 0x46, 0x0D, 0xB2, 0xD7, 0x29, 0x83, 0x4E,
	0xF1, 0x39, 0xA5, 0x1C, 0x38, 0xE0, 0x54, 0x9F, 0x7A, 0xC6, 0x0D, 0xB2,
	0xD7, 0x2B, 0x83, 0x4E, 0xB1, 0x69, 0xA5, 0xD4, 0x71, 0xAE, 0x1D, 0xCB,
	0x7A, 0xC6, 0x0D, 0xB2, 0x6F, 0x2B, 0x83, 0x4E, 0xF1, 0xF9, 0xA5, 0x1C,
	0x38, 0xE2, 0x54, 0x9F, 0x7A, 0x94, 0x0D, 0xB2, 0xD7, 0x2B, 0x83, 0x4E,
	0xF1, 0x69, 0xA5, 0x1C, 0x38, 0xE0, 0x54, 0x9F, 0x3A, 0xC6, 0x0D, 0x78,
	0xF9, 0x59, 0xE6, 0x22, 0x9E, 0x0A, 0xA5, 0x1C, 0x18, 0xE0, 0x54, 0x9F,
	0x7A, 0x66, 0x0D, 0xB2, 0xD7, 0x29, 0x83, 0x4E, 0xF1, 0x3D, 0xA5, 0x1C,
	0x38, 0xE0, 0x54, 0x9F, 0x7A, 0xC6, 0x0D, 0xB2, 0xD7, 0x2B, 0x83, 0x4E,
	0xB1, 0x69, 0xA5, 0x5E, 0x38, 0xE0, 0x54, 0x9F, 0x7A, 0xC6, 0x0D, 0xB2,
	0xD7, 0x2B, 0x83, 0x4E, 0xF1, 0x69, 0xA5, 0x1C, 0x38, 0xE0, 0x54, 0x9F,
	0x7A, 0xC6, 0x0D, 0xB2, 0xD7, 0x2B, 0x83, 0x4E, 0xF1, 0x69, 0xA5, 0x1C,
	0x38, 0xE0, 0x54, 0x9F, 0x7A, 0xC6, 0x0D, 0xB2, 0xD7, 0x2B, 0x83, 0x4E,
	0xF1, 0x69, 0xA5, 0x1C, 0x38, 0xE0, 0x54, 0x9F, 0x7A, 0xC6, 0x0D, 0xB2,
	0xD7, 0x2B, 0x83, 0x4E, 0xF1, 0x69, 0xA5, 0x1C, 0x38, 0xE0, 0x54, 0x9F,
	0x7A, 0xC6, 0x0D, 0xB2, 0xD7, 0x2B, 0x83, 0x4E, 0xF1, 0x69, 0xA5, 0x1C,
	0x38, 0xE0, 0x54, 0x9F, 0x7A, 0xC6, 0x0D, 0xB2, 0xD7, 0x2B, 0x83, 0x4E,
	0xF1, 0x69, 0xA5, 0x1C, 0x38, 0xE0, 0x54, 0x9F, 0x7A, 0xC6, 0x0D, 0xB2,
	0xD7, 0x2B, 0x83, 0x4E, 0xF1, 0x69, 0xA5, 0x1C, 0x38, 0xE0, 0x54, 0x9F,
	0x7A, 0xC6, 0x0D, 0xB2, 0xD7, 0x2B, 0x83, 0x4E, 0xF1, 0x69, 0xA5, 0x1C,
	0x38, 0xE0, 0x54, 0x9F, 0x7A, 0xC6, 0x0D, 0xB2, 0xD7, 0x2B, 0x83, 0x4E,
	0xF1, 0x69, 0xA5, 0x1C, 0x38, 0xE0, 0x54, 0x9F, 0x7A, 0xC6, 0x0D, 0xB2,
	0xD7, 0x2B, 0x83, 0x4E, 0xF1, 0x69, 0xA5, 0x1C, 0x38, 0xE0, 0x54, 0x9F,
	0x7A, 0xC6, 0x0D, 0xB2, 0xD7, 0x2B, 0x83, 0x4E, 0xF1, 0x69, 0xA5, 0x1C,
	0x38, 0xE0, 0x54, 0x9F, 0x7A, 0xC6, 0x0D, 0xB2, 0xD7, 0x2B, 0x83, 0x4E,
	0xF1, 0x69, 0xA5, 0x1C, 0x38, 0xE0, 0x54, 0x9F, 0x7A, 0xC6, 0x0D, 0xB2,
	0xD7, 0x2B, 0x83, 0x4E, 0xF1, 0x69, 0xA5, 0x1C, 0x38, 0xE0, 0x54, 0x9F,
	0x7A, 0xC6, 0x0D, 0xB2, 0xD7, 0x2B, 0x83, 0x4E, 0xF1, 0x69, 0xA5, 0x1C,
	0x38, 0xE0, 0x54, 0x9F, 0x7A, 0xC6, 0x0D, 0xB2, 0xD7, 0x2B, 0x83, 0x4E,
	0xF1, 0x69, 0xA5, 0x1C, 0x38, 0xE0, 0x54, 0x9F, 0x7A, 0xC6, 0x0D, 0xB2,
	0xD7, 0x2B, 0x83, 0x4E, 0xF1, 0x69, 0xA5, 0x1C, 0x38, 0xE0, 0x54, 0x9F,
	0x7A, 0xC6, 0x0D, 0xB2, 0x9F, 0xA2, 0xDF, 0x6A, 0xF9, 0x21, 0x2C, 0x68,
	0x1C, 0xF0, 0x03, 0xD7, 0xF9, 0x2A, 0x5D, 0xFA, 0x5C, 0xF2, 0x6B, 0xF7,
	0xF3, 0x69, 0xA5, 0x98, 0xF8, 0x95, 0x5E, 0x27, 0x7B, 0xC6, 0x0D, 0x72,
	0x3E, 0x8A, 0x82, 0x4E, 0xF1, 0x21, 0x2E, 0x5F, 0x10, 0xA8, 0xDD, 0x82,
	0xCA, 0x93, 0x0D, 0xB2, 0x9F, 0xEC, 0xC0, 0x26, 0xF1, 0x69, 0xA5, 0x1C,
	0x70, 0x65, 0x94, 0xEB, 0x7E, 0x45, 0x45, 0xDA, 0xF7, 0x63, 0x08, 0x05,
	0xD9, 0x21, 0x62, 0x58, 0x1C, 0x98, 0x54, 0x9F, 0x7A, 0xC6, 0xCA, 0xF6,
	0xF3, 0x5B, 0x83, 0x4E, 0xF1, 0x69, 0xED, 0x99, 0xF1, 0xEF, 0xD0, 0x60,
	0x7A, 0xC6, 0x0D, 0xFA, 0x5C, 0x2E, 0xD9, 0x1E, 0xF1, 0x69, 0x5A, 0xCC,
	0xBC, 0x20, 0x5B, 0x1B, 0x94, 0xC6, 0x0D, 0xB2, 0x9F, 0xA0, 0xC0, 0x66,
	0xB9, 0xE2, 0xED, 0x2C, 0x70, 0x65, 0x9D, 0x90, 0xFE, 0x1B, 0x0D, 0xB2,
	0xD7, 0x67, 0x0E, 0x0A, 0xD5, 0x19, 0xED, 0x91, 0x6C, 0xC4, 0x2C, 0x77,
	0xA2, 0xD8, 0x0D, 0xB2, 0x9B, 0xA0, 0xC7, 0x6A, 0x89, 0x24, 0x20, 0xDC,
	0x37, 0x64, 0x94, 0x9F, 0x7A, 0xC6, 0x86, 0xF6, 0xF3, 0x5B, 0x06, 0x8E,
	0xFE, 0xED, 0x11, 0x1C, 0x38, 0xE0, 0xD7, 0x55, 0x85, 0x8A, 0x84, 0xB7,
	0x93, 0x7A, 0x83, 0x4E, 0x78, 0x6C, 0xE3, 0x4D, 0x38, 0xE0, 0xEB, 0x9E,
	0x7A, 0xC6, 0x0D, 0x37, 0x17, 0x5F, 0xB3, 0x0A, 0x7A, 0xA1, 0xE4, 0x13,
	0x8E, 0xE0, 0x15, 0x25, 0x72, 0xC6, 0x0D, 0xB2, 0xE4, 0xFB, 0x08, 0x84,
	0x7A, 0xAB, 0x86, 0xD3, 0xE9, 0x08, 0xA3, 0x46, 0xFB, 0x27, 0x2D, 0x31,
	0x6F, 0xC6, 0x08, 0x9F, 0xC2, 0xB9, 0xE9, 0x37, 0xEF, 0x95, 0xB3, 0xD3,
	0x79, 0x01, 0x41, 0x99, 0x18, 0x5E, 0x50, 0xB9, 0x23, 0xE0, 0xB0, 0xE9,
	0x68, 0xE0, 0x54, 0x14, 0x7F, 0x29, 0x5D, 0xB2, 0xD7, 0xAE, 0x43, 0x3A,
	0xA8, 0x81, 0xF7, 0x03, 0x38, 0xE0, 0x1C, 0x14, 0x8A, 0x8E, 0x88, 0x72,
	0xA3, 0x6D, 0xCB, 0xC5, 0xBA, 0x41, 0xED, 0x99, 0xF1, 0x94, 0x71, 0xD7,
	0xF1, 0xD3, 0x93, 0xFD, 0xD7, 0x2B, 0x7C, 0x9C, 0x75, 0xA9, 0xD1, 0x04,
	0x70, 0x6B, 0x07, 0xB7, 0x32, 0x43, 0xDF, 0xC6, 0xD8, 0x63, 0x00, 0x34,
	0xC1, 0x69, 0xD1, 0x14, 0x70, 0x6B, 0x9A, 0x77, 0xF6, 0xD4, 0x0D, 0xB2,
	0x9F, 0xA0, 0x4D, 0xA6, 0x39, 0x66, 0xA5, 0x1C, 0x70, 0x6B, 0x9F, 0x77,
	0x76, 0xE8, 0x0D, 0xB2, 0x9F, 0xA0, 0x48, 0xA6, 0xF1, 0x71, 0xA5, 0x1C,
	0xBF, 0xDD, 0xF2, 0xCF, 0x7A, 0xC6, 0x45, 0x39, 0xD2, 0xC0, 0xCC, 0x4E,
	0xF1, 0x21, 0x28, 0x11, 0xCC, 0xFF, 0x54, 0x9F, 0x32, 0x01, 0x49, 0x96,
	0xE7, 0x2B, 0x83, 0x4E, 0xF1, 0x2C, 0x96, 0xD5, 0x70, 0x69, 0x18, 0xBB,
	0x52, 0x83, 0x3E, 0x72, 0x9F, 0xA6, 0xCF, 0x6A, 0xB1, 0x21, 0x62, 0x58,
	0x1C, 0xA0, 0x54, 0x9F, 0x7A, 0xC6, 0xB7, 0x4D, 0x28, 0x34, 0x83, 0x06,
	0x36, 0x2D, 0x81, 0x3C, 0x38, 0xE0, 0x54, 0x9F, 0x85, 0x16, 0x88, 0x72,
	0xAF, 0x09, 0xCB, 0xC5, 0xBD, 0x4D, 0xE5, 0x54, 0xBD, 0x29, 0x20, 0x87,
	0x32, 0x4F, 0x00, 0x8F, 0x83, 0x2B, 0x83, 0xB1, 0xE4, 0xD6, 0xEA, 0x1C,
	0x38, 0xA8, 0x93, 0x9A, 0x56, 0x92, 0x0D, 0xB2, 0xD7, 0x2B, 0x83, 0x4E,
	0xC2, 0xA9, 0xED, 0x97, 0x64, 0xC4, 0x34, 0xD7, 0xF1, 0xB2, 0x29, 0xDA,
	0x9F, 0xA8, 0x47, 0x1E, 0xAE, 0xAA, 0x69, 0xD0, 0x70, 0x69, 0x08, 0xBB,
	0x6A, 0x8E, 0x84, 0xDE, 0xF3, 0x33, 0xCB, 0xC7, 0x85, 0x4D, 0x85, 0x4B,
	0x79, 0xB6, 0x15, 0xC8, 0x32, 0x4D, 0xD7, 0xFE, 0x5C, 0xEA, 0xCB, 0xCB,
	0x38, 0x66, 0x21, 0xAC, 0x38, 0xE0, 0x54, 0xD7, 0xFF, 0x14, 0x02, 0x36,
	0x70, 0x2B, 0x83, 0x4E, 0x49, 0x24, 0xFF, 0x1C, 0x38, 0x86, 0x6D, 0x9E,
	0x75, 0x43, 0x94, 0xB2, 0xD7, 0x2B, 0xCB, 0x2D, 0xB0, 0x55, 0x24, 0x20,
	0x30, 0xB0, 0x11, 0x9F, 0x7A, 0xC9, 0x88, 0x3A, 0xD7, 0x2B, 0x83, 0xC5,
	0x7D, 0x61, 0x2D, 0x1C, 0x38, 0xE0, 0xD1, 0x56, 0x0E, 0xBB, 0x4F, 0x39,
	0xAB, 0x2A, 0x9F, 0x0B, 0xC2, 0xBB, 0xE3, 0x97, 0x74, 0xE1, 0x74, 0xD6,
	0x79, 0x3E, 0x4F, 0x39, 0xA3, 0x2A, 0xA7, 0x03, 0xF2, 0xA1, 0xE3, 0x97,
	0x44, 0xE1, 0x4C, 0xD6, 0x79, 0x36, 0x48, 0x37, 0x28, 0x5F, 0xDB, 0x0B,
	0x7A, 0x70, 0xE8, 0x1F, 0xE0, 0xA9, 0x6F, 0x44, 0x0E, 0xA2, 0x40, 0x37,
	0x0C, 0x5F, 0xBF, 0x02, 0x7A, 0x9A, 0xE8, 0x37, 0xCB, 0xA3, 0x5B, 0x29,
	0x6E, 0xD8, 0x80, 0xF8, 0x68, 0xAB, 0x7A, 0x57, 0x7C, 0x2B, 0x85, 0x13,
	0x8E, 0x08, 0x5B, 0xD8, 0x90, 0x87, 0x02, 0x04, 0xC4, 0xA6, 0xC9, 0xF1,
	0x71, 0x90, 0xBC, 0x91, 0x7A, 0xC0, 0x5B, 0xD8, 0xB8, 0x8F, 0xF2, 0x71,
	0x97, 0xAF, 0x6E, 0x3A, 0xF4, 0x29, 0x9F, 0xF4, 0x4C, 0x2F, 0x14, 0xA5,
	0x92, 0xB2, 0x2E, 0xF3, 0x28, 0xE9, 0xCA, 0xCD, 0x30, 0x6D, 0xE0, 0x27,
	0xEF, 0x92, 0xFC, 0xAC, 0xBA, 0x8E, 0x86, 0xEE, 0xF3, 0x03, 0xCB, 0xC5,
	0x9D, 0x4D, 0x95, 0x54, 0xB3, 0x94, 0x70, 0xA7, 0x3B, 0x99, 0x4C, 0xEC,
	0x88, 0xE8, 0xC1, 0x41, 0x46, 0x65, 0xF3, 0x97, 0x3C, 0x6F, 0x1D, 0x9C,
	0xBA, 0x2D, 0xD3, 0x7E, 0x9F, 0xA2, 0xDF, 0x6A, 0xE1, 0x21, 0x2C, 0x68,
	0x1C, 0xF8, 0x1C, 0x16, 0x06, 0xE2, 0x2D, 0xE7, 0x96, 0x7D, 0xC2, 0x19,
	0xB9, 0xE2, 0x49, 0x54, 0xBB, 0x0C, 0x14, 0x77, 0x16, 0xDB, 0x0D, 0xB2,
	0xE4, 0xD4, 0xCB, 0xC5, 0x29, 0x21, 0x20, 0xDC, 0x37, 0x64, 0xA2, 0x92,
	0x7A, 0xC6, 0x02, 0xA2, 0xD2, 0x58, 0xBD, 0x4E, 0xF1, 0xE3, 0xA8, 0x61,
	0x06, 0xE0, 0x54, 0xD3, 0xF7, 0x8B, 0xED, 0x3A, 0x9A, 0xDB, 0x0E, 0x39,
	0xF0, 0x66, 0xB4, 0x59, 0xD8, 0xA4, 0xDF, 0x58, 0x3B, 0x78, 0xAC, 0x12,
	0x77, 0x8B, 0xC2, 0xF9, 0xC1, 0x28, 0x2E, 0xDA, 0x79, 0x17, 0xB4, 0x5E,
	0x90, 0xC3, 0x02, 0x0C, 0x15, 0x40, 0x4B, 0x7D, 0xB0, 0xE3, 0x65, 0x58,
	0x3B, 0x26, 0x7E, 0x5E, 0x3B, 0xC4, 0xCA, 0xF3, 0xE7, 0x2A, 0xCF, 0x4D,
	0x3F, 0x28, 0x26, 0xE4, 0x29, 0x9C, 0x8E, 0xD7, 0xF7, 0x93, 0xED, 0xFA,
	0x5C, 0xE0, 0x6B, 0xCF, 0x0F, 0x96, 0x5A, 0xEE, 0x37, 0xF0, 0x51, 0xAE,
	0x44, 0xC6, 0x0D, 0xFE, 0x5A, 0x66, 0x63, 0x06, 0x78, 0x6C, 0xF3, 0x51,
	0x38, 0xE0, 0x10, 0x14, 0xBD, 0x4D, 0x08, 0x97, 0xE9, 0x2B, 0x83, 0xC7,
	0xB4, 0x81, 0x2F, 0x19, 0x18, 0xDE, 0x54, 0x9F, 0xF2, 0x83, 0xE1, 0x40,
	0xD8, 0x3A, 0xC6, 0xAE, 0xB0, 0xE2, 0x63, 0x5D, 0xCF, 0x00, 0x95, 0x75,
	0x7F, 0xC9, 0xB3, 0x70, 0xBC, 0xE3, 0xB0, 0x0F, 0x7B, 0xA9, 0xE1, 0x1F,
	0xFE, 0xCA, 0x95, 0xDE, 0x78, 0x01, 0x4C, 0x82, 0xD6, 0x67, 0x80, 0x80,
	0xB0, 0xEA, 0x5D, 0x11, 0x44, 0x3A, 0x1C, 0x12, 0x2F, 0x26, 0x45, 0x39,
	0x1C, 0xC3, 0xA1, 0xB0, 0x0E, 0x96, 0x57, 0x13, 0x28, 0xE5, 0xB6, 0xA2,
	0x7A, 0xC6, 0x41, 0x3F, 0x9A, 0xCB, 0xCB, 0xC7, 0xF4, 0x96, 0xE9, 0x1C,
	0x38, 0xA4, 0xDF, 0x58, 0xF1, 0xC3, 0xDB, 0x8F, 0xD7, 0x2B, 0x0A, 0x0B,
	0x19, 0x66, 0x12, 0x19, 0xE8, 0xDD, 0x54, 0x9F, 0x1C, 0x4F, 0x48, 0x5E,
	0x5D, 0x2E, 0x4B, 0x73, 0xF1, 0x69, 0x2D, 0x59, 0xD6, 0x12, 0x5B, 0x8E,
	0x3F, 0x26, 0x4C, 0x39, 0x11, 0x6A, 0x74, 0xAE, 0x30, 0x83, 0xA0, 0x13,
	0x86, 0x22, 0x3F, 0x57, 0x49, 0x87, 0x87, 0x72, 0x93, 0x28, 0x45, 0x64,
	0x30, 0x28, 0xA7, 0xDB, 0x79, 0xD0, 0x55, 0xD3, 0x79, 0x08, 0x4C, 0x31,
	0x2F, 0x24, 0xFF, 0x94, 0xB9, 0xE4, 0xF0, 0xFC, 0x70, 0x6B, 0x9F, 0x77,
	0xC2, 0x3B, 0xF2, 0x4D, 0x25, 0x24, 0x93, 0x4B, 0x79, 0x54, 0xA5, 0x1C,
	0x74, 0x6D, 0x19, 0x7F, 0x32, 0x4F, 0x08, 0x2F, 0x9B, 0x2B, 0x83, 0x0A,
	0x7A, 0xAE, 0x2E, 0x19, 0x44, 0xDD, 0x54, 0x9F, 0xF3, 0x83, 0xE5, 0xBD,
	0x60, 0x2E, 0xF5, 0x73, 0xF1, 0x69, 0xC3, 0x95, 0x7D, 0x0C, 0xDE, 0x9A,
	0x14, 0xFB, 0x0D, 0xB2, 0x5F, 0x6E, 0x6D, 0xBC, 0xFE, 0x78, 0xE0, 0xFC,
	0x79, 0x6B, 0x92, 0xDE, 0x8D, 0x26, 0xCC, 0x58, 0xD2, 0x24, 0x3D, 0x8C,
	0x9A, 0xA1, 0x96, 0x5D, 0xB2, 0x20, 0x10, 0x9C, 0xBC, 0xEC, 0xCC, 0xF3,
	0xD5, 0xEC, 0xC2, 0x7E, 0xF0, 0x25, 0xA6, 0xD2, 0x79, 0x63, 0xAC, 0x90,
	0x06, 0x1C, 0x45, 0x3F, 0x82, 0xCB, 0xCB, 0xC5, 0x3A, 0x81, 0xEB, 0xE1,
	0xC7, 0x1F, 0x14, 0xA7, 0x47, 0xFA, 0x30, 0xB2, 0xD7, 0xD9, 0x8C, 0x5E,
	0xF4, 0x4E, 0x98, 0x1C, 0x38, 0xA8, 0xDD, 0x9A, 0x42, 0x8A, 0x0D, 0xB2,
	0x5C, 0x2E, 0xA1, 0x73, 0xF1, 0x69, 0x2C, 0x59, 0xD0, 0xEF, 0xE3, 0x9A,
	0x66, 0xFB, 0x0D, 0xB2, 0xB1, 0xA2, 0xC6, 0xA2, 0x03, 0x66, 0xB4, 0x59,
	0xD8, 0x94, 0x79, 0xDB, 0xF1, 0x01, 0x41, 0x3F, 0x9A, 0xCB, 0xC2, 0xC5,
	0x37, 0x28, 0x52, 0xFC, 0xF9, 0x0A, 0x51, 0x90, 0xC4, 0x04, 0x66, 0x7A,
	0xE4, 0x6A, 0x09, 0x8E, 0xB5, 0x6A, 0x63, 0x36, 0xF9, 0xA1, 0x56, 0x58,
	0x3B, 0xF6, 0x0C, 0xFE, 0xD4, 0xE5, 0xC2, 0xCD, 0x09, 0x67, 0xD9, 0xC6,
	0x70, 0x6D, 0x01, 0x7F, 0x32, 0x4D, 0xC6, 0x5A, 0x33, 0xD7, 0x7C, 0xB1,
	0xB1, 0x51, 0x98, 0xC2, 0x04, 0xE0, 0x54, 0x6D, 0x75, 0xD6, 0x08, 0x7F,
	0xEB, 0x2B, 0x83, 0x06, 0x78, 0x6C, 0x73, 0x57, 0x38, 0xE0, 0x5B, 0x28,
	0x7F, 0x01, 0x31, 0xB2, 0xD7, 0x4D, 0x0A, 0x0B, 0x19, 0x9B, 0xAA, 0x0D,
	0x7D, 0x00, 0x20, 0xB2, 0x3E, 0x4D, 0xCA, 0xFE, 0x5A, 0x66, 0x63, 0x0F,
	0x7A, 0xAF, 0xE4, 0xEB, 0xD8, 0x21, 0xBE, 0x9A, 0x75, 0x78, 0xCF, 0xD9,
	0x1F, 0x18, 0xC2, 0xC4, 0x31, 0x2D, 0xA6, 0xDA, 0x12, 0x21, 0x15, 0x9D,
	0xBD, 0x87, 0x3D, 0xB3, 0x9B, 0x28, 0x4D, 0x0F, 0x72, 0x91, 0xAF, 0x60,
	0xE2, 0xA8, 0xD9, 0xCA, 0x9A, 0x8E, 0x86, 0x79, 0x3F, 0xA8, 0x7F, 0xB1,
	0x0E, 0x29, 0x9D, 0x21, 0xA5, 0xDC, 0x54, 0x9F, 0x75, 0xD6, 0x08, 0xCF,
	0xEB, 0x2B, 0x83, 0x06, 0x78, 0x6C, 0xDB, 0x57, 0x38, 0xE0, 0x5B, 0x28,
	0x7F, 0x41, 0x31, 0xB2, 0xD7, 0x24, 0x92, 0x0B, 0x11, 0x0F, 0x2C, 0x59,
	0xC0, 0x12, 0x5B, 0x8F, 0x7F, 0xA9, 0x31, 0xB2, 0xD7, 0xD9, 0x8C, 0x5F,
	0xB4, 0x99, 0xD1, 0x31, 0x7C, 0x6B, 0x93, 0xD3, 0xF7, 0x8B, 0xED, 0xF3,
	0x5C, 0xED, 0xC2, 0xB9, 0x11, 0xA8, 0x4F, 0x19, 0x37, 0x5E, 0x96, 0xF4,
	0xB2, 0xF5, 0x4C, 0x38, 0x17, 0x6F, 0x80, 0x88, 0xDB, 0xA8, 0xE4, 0x1E,
	0xFF, 0xA1, 0x64, 0x9E, 0x36, 0xC5, 0xC3, 0xF3, 0x54, 0xD3, 0x99, 0x32,
	0x2B, 0x21, 0x28, 0x49, 0xD8, 0xA8, 0xDF, 0x54, 0x92, 0xD1, 0xF1, 0x4D,
	0x28, 0x24, 0x93, 0x4B, 0xC9, 0x55, 0xA5, 0x1C, 0x70, 0x69, 0x51, 0xBE,
	0x31, 0xC6, 0x0D, 0xFE, 0x5A, 0x66, 0x63, 0xC5, 0xF4, 0x56, 0x99, 0x1C,
	0x38, 0xA4, 0xDF, 0x58, 0x75, 0xD7, 0x48, 0x52, 0x5E, 0x6E, 0x7B, 0xBC,
	0xFE, 0x79, 0xA0, 0x39, 0x04, 0xE0, 0x54, 0x15, 0x7F, 0xED, 0x31, 0xB2,
	0xD7, 0xD9, 0x8C, 0x5F, 0xB4, 0x99, 0x2D, 0x59, 0xC4, 0xA1, 0xDF, 0x59,
	0x3B, 0x31, 0xED, 0x73, 0x3D, 0x2E, 0x8C, 0xF0, 0x33, 0x02, 0x6D, 0x2F,
	0x79, 0x6A, 0x94, 0xDB, 0x79, 0x00, 0x27, 0x73, 0x96, 0x29, 0x44, 0x0F,
	0xC1, 0x68, 0xE9, 0x1F, 0xF6, 0xA1, 0xD7, 0x67, 0x67, 0xBA, 0xD7, 0xFA,
	0x5A, 0x7E, 0x63, 0x06, 0x7A, 0xA2, 0x4D, 0xB1, 0xC3, 0x1F, 0xAB, 0x90,
	0x6A, 0xC3, 0xE3, 0x89, 0xD7, 0x2B, 0xCB, 0xC7, 0xF4, 0xD6, 0xEF, 0x1C,
	0x38, 0xAC, 0xD9, 0xD2, 0x9A, 0xC9, 0xBA, 0xB7, 0x3B, 0x10, 0x83, 0x4E,
	0xB5, 0xE2, 0x62, 0x7A, 0xB1, 0xA5, 0xA4, 0x15, 0x7F, 0x27, 0x36, 0xB2,
	0xD7, 0xA3, 0xC6, 0xBC, 0xFE, 0x78, 0xE0, 0xFC, 0x79, 0x6B, 0x92, 0xDE,
	0x8D, 0x26, 0xCC, 0x58, 0xD2, 0x24, 0x3D, 0x8C, 0x9A, 0xA1, 0x96, 0x5D,
	0xB2, 0x20, 0x10, 0x9C, 0xBC, 0xEC, 0xCC, 0xF3, 0xD5, 0xEC, 0xC2, 0x7E,
	0xF0, 0x25, 0xA6, 0xD2, 0x79, 0x63, 0xAC, 0x8C, 0x06, 0x1C, 0x45, 0x3F,
	0x82, 0xCB, 0xCB, 0xC5, 0x3A, 0x81, 0xEB, 0xE7, 0xC7, 0x1F, 0x14, 0xA7,
	0x47, 0x7C, 0x36, 0xB2, 0xD7, 0x24, 0x93, 0x4B, 0x51, 0x52, 0xA5, 0x1C,
	0x70, 0x69, 0x51, 0xFE, 0x30, 0xC6, 0x0D, 0x39, 0xD2, 0x88, 0xB8, 0x4E,
	0xF1, 0x66, 0xB4, 0x59, 0xD8, 0x69, 0x11, 0x6F, 0x0E, 0xEB, 0x49, 0x39,
	0x10, 0x67, 0x0E, 0x03, 0x11, 0x28, 0x2E, 0xDA, 0x79, 0x17, 0xB4, 0x5E,
	0x90, 0xC3, 0x02, 0x0C, 0x15, 0x40, 0x4B, 0x7D, 0xB0, 0xE3, 0x65, 0x58,
	0x3B, 0x26, 0x7E, 0x5E, 0x3B, 0xC4, 0xCA, 0xF3, 0xE7, 0x2A, 0xCF, 0x4D,
	0x3F, 0x28, 0x26, 0xE4, 0x2C, 0x9C, 0x8E, 0xD7, 0xF7, 0x93, 0xED, 0xFA,
	0x5C, 0xE0, 0x6B, 0xBF, 0x0B, 0x96, 0x5A, 0x5C, 0x00, 0xDD, 0x3B, 0xA4,
	0x7A, 0xC6, 0xFF, 0xBD, 0xC7, 0x2E, 0xD9, 0x75, 0xF1, 0x69, 0xED, 0x95,
	0x3D, 0xEB, 0x1E, 0x9F, 0x7A, 0x4D, 0x08, 0xE7, 0xEC, 0x2B, 0x83, 0xC7,
	0xB4, 0x81, 0xAA, 0xAB, 0x3D, 0xAF, 0x6F, 0x9F, 0x7A, 0xA0, 0x84, 0xF7,
	0x3B, 0xD9, 0x8C, 0x5F, 0xB4, 0x89, 0xD1, 0x31, 0x7C, 0x6B, 0x93, 0xD3,
	0xF7, 0x8B, 0xED, 0xF3, 0x5C, 0xED, 0xC2, 0xB9, 0x11, 0xA8, 0x4F, 0x19,
	0x37, 0x5E, 0x96, 0xF4, 0xB2, 0xF5, 0x4C, 0x38, 0x17, 0x6F, 0x80, 0x88,
	0xDB, 0xA8, 0xE4, 0x1E, 0xFF, 0xA1, 0x64, 0x9E, 0x36, 0xC5, 0xC3, 0xF3,
	0x54, 0xD3, 0x8D, 0x32, 0x2B, 0x21, 0x28, 0x49, 0xD8, 0xA8, 0xDF, 0x54,
	0x92, 0x41, 0xF7, 0x4D, 0x28, 0x24, 0x93, 0x4B, 0xF9, 0x52, 0xA5, 0x1C,
	0x70, 0x69, 0x51, 0x2E, 0x33, 0xC6, 0x0D, 0x41, 0xD8, 0x54, 0xC6, 0xAE,
	0x97, 0x66, 0xD6, 0xC4, 0x37, 0x86, 0x5B, 0xE1, 0xBA, 0x42, 0xCD, 0xC6,
	0xFA, 0x6F, 0x08, 0x89, 0xBD, 0xE4, 0xE8, 0xFC, 0x79, 0x6B, 0x92, 0xDE,
	0x8D, 0x26, 0xCC, 0x58, 0xD2, 0x24, 0x3D, 0x8C, 0x9A, 0xA1, 0x96, 0x5D,
	0xB2, 0x20, 0x10, 0x9C, 0xBC, 0xEC, 0xCC, 0xF3, 0xD5, 0xEC, 0xC2, 0x7E,
	0xF0, 0x25, 0xA6, 0xD2, 0x79, 0x63, 0xAC, 0x8F, 0x06, 0x1C, 0x45, 0x3F,
	0x82, 0xCB, 0xCB, 0xC5, 0x3A, 0x81, 0x8B, 0xE6, 0xC7, 0x1F, 0x14, 0xA7,
	0x47, 0x14, 0x37, 0xB2, 0xD7, 0x24, 0x93, 0x4B, 0x49, 0x53, 0xA5, 0x1C,
	0x70, 0x69, 0x51, 0xC6, 0x33, 0xC6, 0x0D, 0x39, 0xD2, 0x90, 0xB9, 0x4E,
	0xF1, 0x66, 0xB4, 0x59, 0xD8, 0x69, 0x11, 0x6F, 0x0E, 0xEB, 0x49, 0x39,
	0x10, 0x67, 0x0E, 0x03, 0x11, 0x28, 0x2E, 0xDA, 0x79, 0x17, 0xB4, 0x5E,
	0x90, 0xC3, 0x02, 0x0C, 0x15, 0x40, 0x4B, 0x7D, 0xB0, 0xE3, 0x65, 0x58,
	0x3B, 0x26, 0x7E, 0x5E, 0x3B, 0xC4, 0xCA, 0xF3, 0xE7, 0x2A, 0xCF, 0x4D,
	0x3F, 0x28, 0x26, 0xE4, 0x2C, 0x9C, 0x8E, 0xD7, 0xF7, 0x93, 0xED, 0xFA,
	0x5C, 0xE0, 0x6B, 0x9F, 0x08, 0x96, 0x5A, 0xEE, 0x37, 0xF0, 0x51, 0xE6,
	0x40, 0xC6, 0x0D, 0xFE, 0x5A, 0x66, 0x63, 0x06, 0x78, 0x6C, 0xA3, 0x55,
	0x38, 0xE0, 0x10, 0x14, 0xBD, 0x4D, 0x08, 0xDF, 0xED, 0x2B, 0x83, 0xC7,
	0xB4, 0x81, 0x2F, 0x19, 0x50, 0xDA, 0x54, 0x9F, 0xF2, 0x83, 0xE1, 0x40,
	0xD8, 0x3A, 0xC6, 0xAE, 0xB0, 0xE2, 0x63, 0x5D, 0xCF, 0x00, 0x95, 0x75,
	0x7F, 0xC9, 0xB3, 0x70, 0xBC, 0xE3, 0xB0, 0x0F, 0x7B, 0xA9, 0xE1, 0x1F,
	0xFE, 0xCA, 0x95, 0xDE, 0x78, 0x01, 0x4C, 0x82, 0xD6, 0x67, 0x80, 0x80,
	0xB0, 0xEA, 0x5D, 0x11, 0x44, 0x3A, 0x1C, 0x12, 0x2F, 0x26, 0x45, 0x39,
	0x1C, 0xC3, 0xF1, 0xB7, 0x0E, 0x96, 0xE5, 0x24, 0x05, 0xD8, 0x6E, 0x9F,
	0x7A, 0x34, 0x02, 0xA2, 0xD2, 0x08, 0xB9, 0x4E, 0xF1, 0x21, 0x2C, 0x19,
	0x94, 0xA8, 0x54, 0x9F, 0xF1, 0xC3, 0x13, 0x88, 0xD7, 0x2B, 0x0A, 0x0B,
	0x19, 0x66, 0x12, 0x19, 0x20, 0xDA, 0x54, 0x9F, 0x1C, 0x4F, 0x48, 0x5E,
	0x25, 0x24, 0x92, 0x0B, 0x11, 0x1D, 0x88, 0x58, 0xB3, 0x27, 0x18, 0x12,
	0x37, 0x26, 0x4C, 0x39, 0x11, 0x6A, 0x74, 0xAE, 0x30, 0x83, 0xA0, 0x13,
	0x86, 0x22, 0x3F, 0x57, 0x49, 0x87, 0x87, 0x72, 0x93, 0x28, 0x45, 0x64,
	0x30, 0x28, 0xA7, 0xDB, 0x79, 0xD0, 0x55, 0xD3, 0x79, 0x08, 0x4C, 0x31,
	0x2F, 0x25, 0xFF, 0x94, 0xB9, 0xE4, 0xF0, 0xFC, 0x70, 0x6B, 0x9F, 0x77,
	0x72, 0x3F, 0xF2, 0x4D, 0x97, 0x13, 0xBE, 0xAC, 0xC8, 0x69, 0xA5, 0x13,
	0x28, 0xE5, 0x9E, 0xA6, 0x7A, 0xC6, 0x45, 0x3B, 0xD2, 0x60, 0xCB, 0x4E,
	0xF1, 0x66, 0x12, 0x19, 0xF4, 0xD9, 0x54, 0x9F, 0x75, 0xD7, 0x48, 0x52,
	0xB1, 0xA2, 0xC6, 0xBE, 0x85, 0x44, 0xE1, 0x97, 0xFF, 0xAC, 0xD9, 0xD2,
	0x9A, 0x87, 0x86, 0x74, 0x96, 0xDC, 0x63, 0x8F, 0x1B, 0x6C, 0xAA, 0xA2,
	0xFA, 0x8B, 0x9C, 0xAC, 0x3B, 0x4C, 0xCD, 0xF6, 0xD4, 0xED, 0xA9, 0x8F,
	0xB0, 0x6B, 0x62, 0x5D, 0x08, 0xE1, 0x18, 0x9C, 0xB4, 0x87, 0x8E, 0x4A,
	0xC5, 0x57, 0x59, 0x06, 0x7C, 0x3C, 0x45, 0x54, 0xB3, 0x2B, 0xBC, 0x36,
	0x82, 0x39, 0xF2, 0x40, 0xD8, 0x3B, 0x86, 0xC7, 0xC8, 0x69, 0xA5, 0x50,
	0xB5, 0xAD, 0xB4, 0xD7, 0xF3, 0xC3, 0xFB, 0xF5, 0xD7, 0x2B, 0xC7, 0xC5,
	0x36, 0xE2, 0xA0, 0x61, 0x01, 0xE0, 0x54, 0x16, 0x3F, 0x2E, 0x87, 0xB7,
	0xAF, 0x12, 0x83, 0x4E, 0x79, 0x2C, 0x49, 0xEE, 0x37, 0xF1, 0x11, 0x7F,
	0x3B, 0x4D, 0xCB, 0xF3, 0x20, 0xCB, 0x42, 0xA4, 0xF4, 0x66, 0x1B, 0xDE,
	0x53, 0x28, 0x67, 0xDE, 0xF0, 0x06, 0x49, 0xB1, 0x11, 0x01, 0x42, 0x0F,
	0xF3, 0xAE, 0xE4, 0x2C, 0x39, 0xAC, 0x57, 0x51, 0x3B, 0x45, 0xF5, 0xBF,
	0xAB, 0xF1, 0xCB, 0xC3, 0xA4, 0x89, 0xED, 0x97, 0xF3, 0x08, 0x1E, 0x67,
	0x85, 0x39, 0x02, 0xA2, 0xD2, 0x10, 0xBA, 0x4E, 0xF1, 0x21, 0x2C, 0x19,
	0x9C, 0xA7, 0x54, 0x9F, 0x36, 0x4B, 0x40, 0x52, 0x5D, 0x2E, 0xB9, 0x77,
	0xF1, 0x69, 0xE1, 0x97, 0xFF, 0xEF, 0x45, 0xDA, 0x9A, 0x4E, 0x48, 0x42,
	0x96, 0xA0, 0x45, 0x0F, 0x06, 0x89, 0x64, 0xF6, 0x3D, 0xEF, 0xEA, 0x5D,
	0x11, 0x0E, 0x3E, 0xF3, 0x5D, 0xEB, 0xC7, 0x4D, 0x37, 0x43, 0x64, 0x5D,
	0x3A, 0x27, 0x15, 0xAF, 0x7B, 0x8A, 0x0E, 0x7C, 0x96, 0xA8, 0x7B, 0x5F,
	0x8D, 0xB3, 0xED, 0x91, 0x6D, 0x00, 0x1C, 0x14, 0xB1, 0x2E, 0xFB, 0x45,
	0x28, 0xD4, 0x8C, 0x5E, 0xF4, 0x96, 0x9D, 0x1C, 0x38, 0xA8, 0xDD, 0x9A,
	0x22, 0x81, 0x0D, 0xB2, 0x9B, 0xA6, 0xCE, 0xAE, 0x7A, 0x6C, 0x5B, 0x24,
	0x38, 0xE0, 0x10, 0x14, 0xBD, 0x4F, 0x48, 0x42, 0x5D, 0x2E, 0x75, 0x76,
	0xF1, 0x69, 0x2D, 0x59, 0xCC, 0xEF, 0x45, 0xDA, 0x9A, 0x87, 0x86, 0x74,
	0x96, 0xDC, 0x63, 0x8F, 0x1B, 0x6C, 0xAA, 0xA2, 0xFA, 0x8B, 0x9C, 0xAC,
	0x3B, 0x4C, 0xCD, 0xF6, 0xD4, 0xED, 0xA9, 0x8F, 0xB0, 0x6B, 0x62, 0x5D,
	0x08, 0xE1, 0x18, 0x9C, 0xB4, 0x87, 0x8E, 0x4A, 0xC2, 0x57, 0x59, 0x06,
	0x7C, 0x3C, 0x45, 0x54, 0xB3, 0x2B, 0xBC, 0x06, 0x8D, 0x39, 0xF2, 0xBD,
	0xC7, 0x2E, 0x39, 0x76, 0xF1, 0x69, 0xED, 0x95, 0x3D, 0xE3, 0x13, 0x9F,
	0x7A, 0x8A, 0x80, 0xFF, 0x37, 0xA0, 0x86, 0xF7, 0xC9, 0x69, 0xA5, 0x58,
	0xB3, 0x27, 0xDD, 0xDA, 0x8A, 0xC9, 0xBA, 0xB7, 0x67, 0x13, 0x83, 0x4E,
	0x97, 0xE0, 0xE0, 0xE8, 0xB2, 0xE5, 0xFC, 0xA7, 0x7A, 0xC6, 0x85, 0xF7,
	0x21, 0x24, 0x92, 0x0B, 0x11, 0x28, 0x2E, 0xDA, 0x79, 0x17, 0xB4, 0x5E,
	0x90, 0xC3, 0x02, 0x0C, 0x15, 0x40, 0x4B, 0x7D, 0xB0, 0xE3, 0x65, 0x58,
	0x3B, 0x26, 0x7E, 0x5E, 0x3B, 0xC4, 0xCA, 0xF3, 0xE7, 0x2A, 0xCF, 0x4D,
	0x3F, 0x28, 0x26, 0xE4, 0x2F, 0x9C, 0x8E, 0xD7, 0xF7, 0x93, 0xED, 0xFA,
	0x5C, 0xE0, 0x6B, 0x7F, 0x06, 0x96, 0x5A, 0x5C, 0x00, 0xDD, 0xD5, 0xA7,
	0x7A, 0xC6, 0x02, 0xA2, 0xD2, 0x48, 0xBB, 0x4E, 0xF1, 0x21, 0x2C, 0x19,
	0xA4, 0xA6, 0x54, 0x9F, 0x75, 0xD7, 0x48, 0x52, 0x25, 0x24, 0x93, 0x4B,
	0x91, 0x51, 0xA5, 0x1C, 0xCA, 0xEF, 0x45, 0xDA, 0x8A, 0xB2, 0x20, 0xF6,
	0x5C, 0xEC, 0xCF, 0xC3, 0xBC, 0x89, 0xE4, 0x97, 0xFE, 0xA1, 0xA3, 0x7F,
	0xBB, 0x2C, 0x08, 0xBD, 0x69, 0xE9, 0xE8, 0x86, 0xC2, 0x28, 0x2F, 0xDC,
	0x7C, 0xE3, 0x92, 0xB5, 0xBB, 0x87, 0x0F, 0x75, 0x96, 0x1B, 0x82, 0x02,
	0xF2, 0xA7, 0xE4, 0x9F, 0xC0, 0xF8, 0x28, 0x45, 0x32, 0x4B, 0x58, 0x52,
	0x9F, 0xA0, 0x48, 0xA6, 0x21, 0x9F, 0x5A, 0xE3, 0x37, 0xF0, 0x51, 0xBE,
	0x42, 0xC6, 0x0D, 0xFA, 0x5E, 0x2E, 0xC9, 0x08, 0xF1, 0x69, 0xE9, 0x91,
	0x75, 0x00, 0xDF, 0x9A, 0x5A, 0xFE, 0x0D, 0xB2, 0x93, 0xA0, 0x44, 0xC7,
	0xB4, 0x99, 0x2F, 0x19, 0x20, 0xD8, 0x54, 0x9F, 0xF2, 0x83, 0xF9, 0xBD,
	0xC6, 0x6E, 0x63, 0x0F, 0x7A, 0xAF, 0xE4, 0xEB, 0xD8, 0x21, 0xBE, 0x9A,
	0x75, 0x78, 0xCF, 0xD9, 0x1F, 0x18, 0xC2, 0xC4, 0x31, 0x2D, 0xA6, 0xDA,
	0x12, 0x21, 0x15, 0x9D, 0xBD, 0x87, 0x3D, 0xB3, 0x9B, 0x28, 0x4D, 0x0F,
	0x72, 0x91, 0xB0, 0x60, 0xE2, 0xA8, 0xD9, 0xCA, 0x9A, 0x8E, 0x86, 0x79,
	0x3F, 0x58, 0x75, 0xB1, 0x0E, 0x29, 0x9D, 0x21, 0xCB, 0xD7, 0x54, 0x9F,
	0x75, 0xD6, 0x08, 0x67, 0xE0, 0x2B, 0x83, 0x06, 0x78, 0x6C, 0x4B, 0x59,
	0x38, 0xE0, 0x5B, 0x8E, 0x3F, 0x26, 0xFF, 0xBD, 0xC7, 0x2E, 0x51, 0x79,
	0xF1, 0x69, 0x57, 0x13, 0x29, 0xA5, 0xA4, 0xEB, 0x57, 0x82, 0x86, 0x75,
	0x9B, 0xA6, 0xCE, 0xAE, 0xB0, 0xE2, 0x63, 0x5D, 0xCF, 0x00, 0x95, 0x75,
	0x7F, 0xC9, 0xB3, 0x70, 0xBC, 0xE3, 0xB0, 0x0F, 0x7B, 0xA9, 0xE1, 0x1F,
	0xFE, 0xCA, 0x95, 0xDE, 0x78, 0x01, 0x4C, 0x82, 0xD6, 0x67, 0x80, 0x80,
	0xB0, 0xEA, 0x5D, 0x04, 0x44, 0x3A, 0x1C, 0x12, 0x2F, 0x26, 0x45, 0x39,
	0x1C, 0xC3, 0x91, 0xB8, 0x0E, 0x96, 0xE5, 0x24, 0x05, 0x7A, 0x63, 0x9F,
	0x7A, 0x8E, 0x84, 0xB7, 0x4B, 0x6E, 0x83, 0x4E, 0xB9, 0xE2, 0xA0, 0x99,
	0x0F, 0xE0, 0x54, 0xD7, 0xF3, 0x83, 0x2D, 0xC6, 0xFA, 0x6F, 0x08, 0x89,
	0xBD, 0xE4, 0xE8, 0x3C, 0x79, 0x6B, 0x92, 0xDE, 0x8D, 0x26, 0xCC, 0x58,
	0xD2, 0x24, 0x3D, 0x8C, 0x9A, 0xA1, 0x96, 0x5D, 0xB2, 0x20, 0x10, 0x9C,
	0xBC, 0xEC, 0xCC, 0xF3, 0xD5, 0xEC, 0xC2, 0x7E, 0xF0, 0x25, 0xA6, 0xD2,
	0x79, 0x63, 0xAC, 0x97, 0x06, 0x1C, 0x45, 0x3F, 0x82, 0x0B, 0xCB, 0xC5,
	0x3A, 0x81, 0x1B, 0xE9, 0xC7, 0x1F, 0x5B, 0x8F, 0x7F, 0x81, 0x3A, 0xB2,
	0xD7, 0x63, 0x0A, 0x4B, 0xA1, 0x2C, 0xA5, 0x1C, 0x74, 0x6D, 0x19, 0x7F,
	0xF1, 0xC3, 0x4B, 0x85, 0xD7, 0x2B, 0xC7, 0xC5, 0x36, 0xE0, 0xE0, 0xEC,
	0xB2, 0xE5, 0x6A, 0xA8, 0x7A, 0xC6, 0x85, 0xF7, 0x23, 0x24, 0x92, 0x0B,
	0x11, 0x28, 0x2E, 0xDA, 0x79, 0x17, 0xB4, 0x5E, 0x90, 0xC3, 0x02, 0x0C,
	0x15, 0x40, 0x4B, 0x7D, 0xB0, 0xE3, 0x65, 0x58, 0x3B, 0x26, 0x7E, 0x5E,
	0x3B, 0xC4, 0xCA, 0xF3, 0xE7, 0x2A, 0xCF, 0x4D, 0x3F, 0x28, 0x26, 0xE4,
	0x2D, 0x9C, 0x8E, 0xD7, 0xF7, 0x93, 0xED, 0xFA, 0x5C, 0xE0, 0x6B, 0x2F,
	0x04, 0x96, 0x5A, 0x5C, 0x00, 0xDD, 0x5B, 0xA8, 0x7A, 0xC6, 0xFF, 0xBD,
	0xC7, 0x2E, 0x79, 0x78, 0xF1, 0x69, 0xED, 0x95, 0x3D, 0x13, 0x10, 0x9F,
	0x7A, 0x4D, 0x08, 0x47, 0xE1, 0x2B, 0x83, 0xC7, 0xB4, 0x81, 0xAA, 0xAB,
	0x3D, 0x0F, 0x62, 0x9F, 0x7A, 0xA0, 0x84, 0xF7, 0x3B, 0xD9, 0x8C, 0x5F,
	0xB4, 0x89, 0xD1, 0x31, 0x7C, 0x6B, 0x93, 0xD3, 0xF7, 0x8B, 0xED, 0xF3,
	0x5C, 0xED, 0xC2, 0xB9, 0x11, 0xA8, 0x4F, 0x19, 0x37, 0x5E, 0x96, 0xF4,
	0xB2, 0xF5, 0x4C, 0x38, 0x17, 0x6F, 0x80, 0x88, 0xDB, 0xA8, 0xE4, 0x1E,
	0xFF, 0xA1, 0x64, 0x9E, 0x36, 0xC5, 0xC3, 0xF3, 0x54, 0xD3, 0x8D, 0x32,
	0x2B, 0x21, 0x28, 0x49, 0xD8, 0xA8, 0xDF, 0x54, 0x92, 0x31, 0xF9, 0x4D,
	0x28, 0x6B, 0xBB, 0x73, 0x42, 0x5F, 0xA5, 0x1C, 0xCA, 0xEF, 0x44, 0x9A,
	0xDA, 0xF0, 0x0D, 0xB2, 0x9F, 0xA2, 0x86, 0xDF, 0xB5, 0x69, 0xA5, 0x97,
	0x3D, 0x7B, 0x62, 0x9F, 0x7A, 0x34, 0x02, 0xA3, 0x92, 0xCB, 0x0A, 0x0B,
	0x19, 0x1D, 0x88, 0x58, 0xB3, 0x27, 0x18, 0x12, 0x37, 0x26, 0x4C, 0x39,
	0x11, 0x6A, 0x74, 0xAE, 0x30, 0x83, 0xA0, 0x13, 0x86, 0x22, 0x3F, 0x57,
	0x49, 0x87, 0x87, 0x72, 0x93, 0x28, 0x45, 0x64, 0x30, 0x28, 0xA7, 0xDB,
	0x79, 0xD0, 0x55, 0xD3, 0x79, 0x08, 0x4C, 0x31, 0x2F, 0x27, 0xFF, 0x94,
	0xB9, 0xE4, 0xF0, 0xFC, 0x70, 0x6B, 0x9F, 0x77, 0xE2, 0x32, 0xF2, 0x4D,
	0x97, 0x13, 0xBE, 0x2A, 0xC7, 0x69, 0xA5, 0xEE, 0x37, 0xF0, 0x51, 0xCE,
	0x4C, 0xC6, 0x0D, 0xFA, 0x5E, 0x2E, 0xB9, 0x0A, 0xF1, 0x69, 0x2E, 0x19,
	0x74, 0xD6, 0x54, 0x9F, 0x88, 0xC9, 0x1C, 0xF7, 0x37, 0xA2, 0xC6, 0xA6,
	0x85, 0x44, 0xE1, 0x97, 0xFF, 0xAC, 0xD9, 0xD2, 0x9A, 0x87, 0x86, 0x74,
	0x96, 0xDC, 0x63, 0x8F, 0x1B, 0x6C, 0xAA, 0xA2, 0xFA, 0x8B, 0x9C, 0xAC,
	0x3B, 0x4C, 0xCD, 0xF6, 0xD4, 0xED, 0xA9, 0x8F, 0xB0, 0x6B, 0x62, 0x5D,
	0x08, 0xE1, 0x18, 0x9C, 0xB4, 0x87, 0x8E, 0x4A, 0xDB, 0x57, 0x59, 0x06,
	0x7C, 0x3C, 0x45, 0x54, 0xB3, 0x2B, 0xBC, 0xA6, 0x8E, 0x39, 0xF2, 0xBD,
	0xC7, 0x2E, 0x89, 0x78, 0xF1, 0x69, 0xED, 0x95, 0x3D, 0x0B, 0x17, 0x9F,
	0x7A, 0x8A, 0x80, 0xFF, 0x37, 0xA0, 0x86, 0x5F, 0xC7, 0x69, 0xA5, 0x58,
	0xB3, 0x27, 0xDD, 0xDA, 0x82, 0xC9, 0xBA, 0xB7, 0xDF, 0x1D, 0x83, 0x4E,
	0x97, 0xE0, 0xE0, 0xE0, 0xB2, 0xE5, 0x54, 0xA9, 0x7A, 0xC6, 0x02, 0xA3,
	0x92, 0xCB, 0x0B, 0x0B, 0x0F, 0x9B, 0xAA, 0x0C, 0x3D, 0x03, 0x61, 0x9F,
	0x7A, 0x34, 0x02, 0xA3, 0x92, 0xDB, 0xC2, 0xC5, 0x37, 0x28, 0x52, 0xFC,
	0xF9, 0x0A, 0x51, 0x90, 0xC4, 0x04, 0x66, 0x7A, 0xE4, 0x6A, 0x09, 0x8E,
	0xB5, 0x6A, 0x63, 0x36, 0xF9, 0xA1, 0x56, 0x58, 0x3B, 0xF6, 0x0C, 0xFE,
	0xD4, 0xE5, 0xC2, 0xCD, 0x09, 0x76, 0xD9, 0xC6, 0x70, 0x6D, 0x01, 0x7F,
	0x32, 0x4D, 0xC6, 0x5A, 0x13, 0xD8, 0x7C, 0xB1, 0xB1, 0x51, 0x98, 0xD6,
	0x0D, 0xE0, 0x54, 0x90, 0x6A, 0xC3, 0xA3, 0x87, 0xD7, 0x2B, 0xCB, 0xC7,
	0xF4, 0x1E, 0xE6, 0x1C, 0x38, 0x6B, 0x51, 0x2E, 0x4F, 0xC6, 0x0D, 0x3B,
	0x92, 0xDB, 0x8C, 0xF9, 0xF4, 0xC2, 0x90, 0x1C, 0x38, 0x86, 0xDD, 0xDA,
	0x8E, 0xC9, 0x1C, 0xF7, 0x37, 0x5F, 0xAE, 0x0A, 0x7A, 0xAE, 0xE9, 0x91,
	0x75, 0x00, 0x15, 0x14, 0xBC, 0x87, 0xFA, 0x52, 0x16, 0xC1, 0x86, 0x41,
	0x4F, 0xAB, 0xCE, 0xD4, 0x0B, 0xA1, 0xDE, 0x5F, 0x3E, 0xC5, 0xCB, 0x98,
	0x16, 0x6A, 0x81, 0x89, 0xB0, 0x59, 0xA4, 0x50, 0x3B, 0x2E, 0x15, 0x1C,
	0x82, 0xD0, 0x71, 0x68, 0x9F, 0xA6, 0xD6, 0xAE, 0xB9, 0xE2, 0x6E, 0xF4,
	0x64, 0x13, 0xAB, 0x60, 0x75, 0xD6, 0x00, 0xC7, 0xE2, 0x2B, 0x83, 0x06,
	0x78, 0x6C, 0xBB, 0x5F, 0x38, 0xE0, 0x5B, 0x8F, 0x7F, 0x91, 0x38, 0xB2,
	0xD7, 0x24, 0x92, 0x03, 0x01, 0x0F, 0xAA, 0x6F, 0xE1, 0xEF, 0x32, 0x90,
	0x04, 0x0E, 0x02, 0xA3, 0x92, 0xCB, 0x07, 0x8E, 0x85, 0x44, 0xE1, 0x97,
	0xFF, 0xAC, 0xD9, 0xD2, 0x9A, 0x87, 0x86, 0x74, 0x96, 0xDC, 0x63, 0x8F,
	0x1B, 0x6C, 0xAA, 0xA2, 0xFA, 0x8B, 0x9C, 0xAC, 0x3B, 0x4C, 0xCD, 0xF6,
	0xD4, 0xED, 0xA9, 0x8F, 0xB0, 0x6B, 0x62, 0x5D, 0x08, 0xE1, 0x18, 0x9C,
	0xB4, 0x87, 0x8E, 0x4A, 0xF7, 0x57, 0x59, 0x06, 0x7C, 0x3C, 0x45, 0x54,
	0xB3, 0x2B, 0xBC, 0x66, 0x88, 0x39, 0xF2, 0xBD, 0xC7, 0x26, 0xB1, 0x7B,
	0xF1, 0x69, 0xED, 0x95, 0x3D, 0x23, 0x16, 0x9F, 0x7A, 0xC9, 0x1D, 0xB7,
	0xC3, 0x1E, 0x83, 0x4E, 0xFE, 0x78, 0xE8, 0xEC, 0x5E, 0xEF, 0x27, 0x46,
	0x75, 0xA0, 0x02, 0xCC, 0x1F, 0x24, 0x92, 0x0B, 0x11, 0xED, 0x65, 0x68,
	0x15, 0xA4, 0xDF, 0x58, 0x36, 0x4B, 0x40, 0x52, 0x96, 0xA0, 0x45, 0x0F,
	0x06, 0x89, 0x64, 0xF6, 0x3D, 0xEF, 0xEA, 0x5D, 0x11, 0x0E, 0x3E, 0xF3,
	0x5D, 0xEB, 0xC7, 0x4D, 0x37, 0x43, 0x64, 0x5D, 0x3A, 0x27, 0x15, 0xAF,
	0x7B, 0x8A, 0x0E, 0x7C, 0x96, 0xA8, 0x7B, 0x6E, 0x8D, 0xB3, 0xED, 0x91,
	0x6D, 0x00, 0x1C, 0x14, 0xB1, 0x2E, 0x9B, 0x40, 0x28, 0xD4, 0x8C, 0x5E,
	0xFC, 0x86, 0x91, 0x1C, 0x38, 0xA8, 0xDD, 0x9A, 0x12, 0x84, 0x0D, 0xB2,
	0xD8, 0x3B, 0x86, 0x9F, 0xC5, 0x69, 0xA5, 0x13, 0x29, 0xAD, 0xA4, 0xF9,
	0x75, 0xB5, 0xD4, 0xBD, 0xB1, 0x24, 0xFD, 0x86, 0xFE, 0x78, 0xE0, 0xFC,
	0xBC, 0x20, 0x20, 0xB2, 0x3E, 0x4D, 0xCA, 0xFE, 0x5A, 0x66, 0x63, 0x0F,
	0x7A, 0xAF, 0xE4, 0xEB, 0xD8, 0x21, 0xBE, 0x9A, 0x75, 0x78, 0xCF, 0xD9,
	0x1F, 0x18, 0xC2, 0xC4, 0x31, 0x2D, 0xA6, 0xDA, 0x12, 0x21, 0x15, 0x9D,
	0xBD, 0x87, 0x3D, 0xB3, 0x9B, 0x28, 0x4D, 0x0F, 0x72, 0x91, 0x85, 0x60,
	0xE2, 0xA8, 0xD9, 0xCA, 0x9A, 0x8E, 0x86, 0x79, 0x3F, 0x18, 0x71, 0xB1,
	0x0E, 0x66, 0xB5, 0x19, 0xA4, 0xD4, 0x54, 0x9F, 0x32, 0x4F, 0x08, 0xBF,
	0x95, 0x2B, 0x83, 0x02, 0x7C, 0x24, 0x45, 0x13, 0x8F, 0xE5, 0xCE, 0xAB,
	0x7A, 0xC6, 0x49, 0x39, 0x10, 0x4D, 0x0A, 0x0B, 0x01, 0xE3, 0xA0, 0x93,
	0x0C, 0xE0, 0x54, 0x17, 0x3F, 0x34, 0x02, 0xA3, 0x92, 0xCB, 0xC2, 0xC5,
	0x37, 0x28, 0x52, 0xFC, 0xF9, 0x0A, 0x51, 0x90, 0xC4, 0x04, 0x66, 0x7A,
	0xE4, 0x6A, 0x09, 0x8E, 0xB5, 0x6A, 0x63, 0x36, 0xF9, 0xA1, 0x56, 0x58,
	0x3B, 0xF6, 0x0C, 0xFE, 0xD4, 0xE5, 0xC2, 0xCD, 0x09, 0x7A, 0xD9, 0xC6,
	0x70, 0x6D, 0x01, 0x7F, 0x32, 0x4D, 0xC6, 0x5A, 0x03, 0xDA, 0x7C, 0xB1,
	0xB9, 0x50, 0x98, 0xA9, 0x78, 0xE0, 0x54, 0xD7, 0xF3, 0xC3, 0xBB, 0xF3,
	0xD7, 0x2B, 0x8C, 0xCA, 0x2D, 0x69, 0xA5, 0x1C, 0x70, 0xD9, 0x69, 0x36,
	0x3A, 0xC6, 0x0D, 0xBD, 0x53, 0xE4, 0x83, 0x4E, 0xF1, 0x21, 0x9C, 0x21,
	0x8C, 0xA0, 0x54, 0x9F, 0x75, 0x42, 0xCF, 0xB2, 0xD7, 0x2B, 0xCB, 0x77,
	0xCC, 0xC6, 0xE5, 0x1C, 0x38, 0xEF, 0xD0, 0x2A, 0x7A, 0xC6, 0x0D, 0xFA,
	0xEE, 0x16, 0x29, 0x0E, 0xF1, 0x69, 0xAA, 0x98, 0x90, 0xE0, 0x54, 0x9F,
	0x32, 0xFF, 0x30, 0x17, 0x97, 0x2B, 0x83, 0x41, 0x75, 0xF2, 0xA5, 0x1C,
	0x38, 0xA8, 0x6D, 0xA2, 0xDA, 0x86, 0x0D, 0xB2, 0xD8, 0xAF, 0x0D, 0x4E,
	0xF1, 0x69, 0xED, 0x25, 0x05, 0x4B, 0x14, 0x9F, 0x7A, 0xC9, 0x89, 0x33,
	0xD7, 0x2B, 0x83, 0x06, 0xC8, 0x54, 0x03, 0x5C, 0x38, 0xE0, 0x20, 0xE7,
	0x32, 0xFF, 0x30, 0x17, 0x97, 0x2B, 0x83, 0x3A, 0x9E, 0x21, 0x9C, 0x21,
	0x9C, 0xA0, 0x54, 0x9F, 0x0E, 0xA0, 0x45, 0x8B, 0xEA, 0x80, 0xC3, 0x4E,
	0xF1, 0x1D, 0xF8, 0x54, 0x01, 0xDD, 0xFE, 0xDF, 0x7A, 0xC6, 0x79, 0xE6,
	0x9F, 0x12, 0xBE, 0xE7, 0xB1, 0x69, 0xA5, 0x68, 0x73, 0xA8, 0x6D, 0xA2,
	0xD2, 0x86, 0x0D, 0xB2, 0xA3, 0x69, 0xCB, 0x77, 0xCC, 0xCE, 0xE5, 0x1C,
	0x38, 0x94, 0x6D, 0xD7, 0x43, 0xFB, 0xAB, 0xF2, 0xD7, 0x2B, 0xF7, 0x7E,
	0xB9, 0x50, 0x98, 0xB1, 0x78, 0xE0, 0x54, 0xEB, 0x5D, 0x8E, 0x34, 0x8F,
	0x7B, 0x6B, 0x83, 0x4E, 0x85, 0x77, 0xED, 0x25, 0x05, 0x4B, 0x14, 0x9F,
	0x7A, 0xB2, 0x18, 0xFA, 0xEE, 0x16, 0x39, 0x0E, 0xF1, 0x69, 0xD1, 0x10,
	0x70, 0xD9, 0x69, 0x26, 0x3A, 0xC6, 0x0D, 0xBD, 0x42, 0xEB, 0x68, 0x4C,
	0xC3, 0xA9, 0xED, 0x97, 0x64, 0xC4, 0x3C, 0xD7, 0xF1, 0xB2, 0x29, 0xC2,
	0x9F, 0xA0, 0xFF, 0x6A, 0x89, 0x21, 0x26, 0xD8, 0x78, 0xA1, 0x0B, 0xDE,
	0x24, 0x9B, 0xCE, 0x7E, 0x9F, 0xA2, 0xCF, 0x6A, 0xF9, 0x3A, 0xF3, 0x4B,
	0x79, 0xB4, 0x15, 0xCA, 0x3B, 0x90, 0x4C, 0xE5, 0x9F, 0xAA, 0x6F, 0xDE,
	0xF1, 0x69, 0xA5, 0x54, 0xB3, 0x19, 0x67, 0x44, 0x32, 0x43, 0xC4, 0xBD,
	0x53, 0xAB, 0x81, 0x4E, 0xF1, 0x21, 0x2E, 0x19, 0xBC, 0xDF, 0x54, 0x9F,
	0x85, 0x16, 0x89, 0x72, 0xD8, 0xAF, 0xEC, 0x4C, 0xF1, 0x69, 0xED, 0x91,
	0x3D, 0xF3, 0x67, 0x9F, 0x7A, 0x8E, 0x84, 0xF6, 0xF3, 0x7B, 0xCB, 0xC3,
	0xFC, 0xBE, 0x8D, 0x1C, 0x38, 0xA8, 0xDD, 0xD3, 0x5E, 0x9E, 0x45, 0x3F,
	0xD2, 0xD4, 0xB1, 0x4E, 0xF1, 0x21, 0x2C, 0x58, 0x1C, 0x80, 0x1C, 0x16,
	0x36, 0xE2, 0x65, 0xFA, 0x5A, 0x2E, 0x71, 0x7C, 0xF1, 0x69, 0xED, 0x95,
	0x7C, 0xC4, 0x24, 0xD7, 0xF3, 0x8A, 0x29, 0xCA, 0x9F, 0xA6, 0x86, 0xAB,
	0xC3, 0x69, 0xA5, 0x54, 0xB1, 0x64, 0x70, 0x1F, 0x7A, 0xC6, 0x0D, 0xFA,
	0x5E, 0xA7, 0xA7, 0xC6, 0xF1, 0x69, 0xA5, 0xA4, 0x75, 0xBA, 0x54, 0x9F,
	0x1C, 0xFF, 0x0A, 0xBD, 0x52, 0x3B, 0x81, 0x4E, 0xF1, 0x25, 0xC6, 0x6B,
	0x04, 0xAC, 0x57, 0x68, 0x36, 0x4F, 0x79, 0x96, 0x9F, 0x63, 0x08, 0x4B,
	0xF9, 0x56, 0xA5, 0x1C, 0x71, 0x6B, 0x9A, 0x60, 0xAA, 0x42, 0xCD, 0xBD,
	0x53, 0xDB, 0x82, 0x4E, 0xF1, 0x28, 0x24, 0x22, 0x68, 0xA5, 0x54, 0x9F,
	0x75, 0x43, 0xEE, 0xB3, 0xD7, 0x2B, 0xC6, 0x41, 0x46, 0x07, 0xB1, 0x51,
	0x3B, 0x0E, 0x18, 0x16, 0x16, 0xE2, 0x4D, 0xBD, 0x60, 0xD8, 0xE5, 0xC7,
	0x6D, 0x4D, 0x45, 0x1C, 0x38, 0xE0, 0x10, 0x12, 0x01, 0xC7, 0x6B, 0xF3,
	0xEC, 0x5D, 0x85, 0x41, 0x72, 0xD5, 0xA4, 0x1C, 0x38, 0xEF, 0xE3, 0x59,
	0x32, 0x4B, 0x01, 0x32, 0x96, 0xDC, 0xC7, 0x83, 0xCD, 0x69, 0xA5, 0x1C,
	0x18, 0xEF, 0xD0, 0x0A, 0x7B, 0xC6, 0x0D, 0xF7, 0x5C, 0x7F, 0x4E, 0x6A,
	0xBD, 0x6A, 0x72, 0x50, 0xB1, 0xB4, 0x70, 0xBF, 0x3B, 0x4D, 0x41, 0x7F,
	0xF7, 0xA2, 0x0F, 0x6A, 0x19, 0x69, 0xA5, 0x1C, 0xB1, 0xAC, 0x70, 0xA7,
	0xF1, 0x05, 0x84, 0xF6, 0xF3, 0x07, 0x00, 0xB6, 0xF5, 0x66, 0x28, 0x75,
	0x39, 0xE0, 0x54, 0xD3, 0x19, 0x06, 0x40, 0xB1, 0x17, 0x65, 0x08, 0x02,
	0x35, 0x31, 0xEB, 0x97, 0x7C, 0x24, 0x04, 0x14, 0xAB, 0x8F, 0x86, 0x78,
	0x3F, 0x90, 0x88, 0x4E, 0xF1, 0x25, 0x2E, 0xFC, 0x70, 0x65, 0x94, 0x90,
	0xFE, 0xED, 0x0C, 0xB2, 0xD7, 0x93, 0x84, 0x4E, 0xF1, 0x69, 0x2C, 0x58,
	0x1C, 0xC8, 0x1C, 0x16, 0x3E, 0xE2, 0x3D, 0xFA, 0x5C, 0x3E, 0xC9, 0x70,
	0xF1, 0x69, 0xED, 0x7F, 0xF0, 0xA9, 0x57, 0x53, 0x85, 0x14, 0x89, 0x72,
	0xA3, 0x78, 0xCB, 0xC5, 0xE4, 0x5E, 0x9B, 0x1C, 0x38, 0x6B, 0x10, 0xBB,
	0x52, 0x45, 0xCD, 0xB0, 0x9F, 0x48, 0x4B, 0x07, 0xF2, 0xA5, 0x5A, 0xCE,
	0x70, 0x6B, 0x18, 0xBB, 0x4A, 0x42, 0xCD, 0xC6, 0xEE, 0x6A, 0x09, 0x4A,
	0xFD, 0x28, 0xAA, 0xAA, 0x6C, 0xEC, 0x56, 0xA3, 0x32, 0xB2, 0x01, 0x8E,
	0x9B, 0x5F, 0x8B, 0x72, 0xB5, 0x1D, 0xA1, 0x20, 0xB3, 0x95, 0x4B, 0x1F,
	0x80, 0xF3, 0x7A, 0xA8, 0x9F, 0x93, 0xA3, 0x6E, 0xD1, 0x69, 0x85, 0x1C,
	0x18, 0xE0, 0x1C, 0x90, 0xD9, 0x16, 0x7E, 0xB8, 0x96, 0xA1, 0x44, 0xA5,
	0xD2, 0x21, 0x2E, 0x50, 0x1C, 0xD0, 0xDF, 0xDB, 0x5E, 0xEE, 0x4C, 0xB1,
	0x10, 0xA2, 0xC7, 0x6A, 0xD9, 0x20, 0xA6, 0xD3, 0x70, 0x69, 0x18, 0xBB,
	0x4A, 0x45, 0xF5, 0x9A, 0xD8, 0xA7, 0xFA, 0xB1, 0x0E, 0x96, 0x2F, 0xDF,
	0xBC, 0x20, 0x5B, 0x1B, 0xF6, 0xC6, 0x0D, 0xB2, 0x9E, 0x48, 0xC7, 0x6A,
	0xF2, 0x20, 0x26, 0xD8, 0x3F, 0xAC, 0x57, 0x7F, 0x0E, 0xB8, 0x45, 0x39,
	0xD2, 0x80, 0xBE, 0x4E, 0xF1, 0x20, 0x2E, 0xD0, 0xC7, 0x30, 0xD0, 0x5F,
	0x0E, 0xA8, 0x45, 0x39, 0xD2, 0xB0, 0xBE, 0x4E, 0xF1, 0x20, 0x2E, 0xD0,
	0xC7, 0x30, 0xD0, 0x5F, 0x0E, 0x98, 0x44, 0x39, 0xDB, 0x0F, 0xCB, 0xCB,
	0x38, 0x1D, 0xF0, 0x54, 0xB3, 0xF5, 0xD6, 0xA2, 0x7A, 0xC6, 0xF2, 0x60,
	0x53, 0xEB, 0xF7, 0x06, 0xC2, 0xBB, 0xE4, 0xA4, 0xE8, 0xE7, 0x54, 0x9F,
	0x33, 0x4D, 0x01, 0x96, 0x3F, 0xC0, 0xA7, 0x4E, 0xF1, 0x28, 0x2F, 0xDB,
	0xD3, 0xBD, 0x67, 0x44, 0x3E, 0x4B, 0x76, 0xB3, 0x9F, 0xA0, 0x3F, 0x6A,
	0x21, 0x69, 0xA5, 0x1C, 0x37, 0x57, 0xE0, 0xBB, 0x9A, 0xC6, 0x0D, 0xB2,
	0x9B, 0xA0, 0xD7, 0x6A, 0xD1, 0xE2, 0xE9, 0x38, 0x00, 0x69, 0xD8, 0xBB,
	0x92, 0xC6, 0x0D, 0xB2, 0x9B, 0xA0, 0xEF, 0x6A, 0xB1, 0x25, 0x2E, 0x68,
	0x1C, 0xA8, 0xBF, 0x93, 0x36, 0x4D, 0x59, 0x96, 0xF7, 0xA0, 0x0F, 0x6A,
	0x19, 0x69, 0xA5, 0x1C, 0xB3, 0xA4, 0x70, 0xB3, 0x3B, 0xC5, 0xCA, 0x5B,
	0x5D, 0xD5, 0x7C, 0xB1, 0x97, 0x28, 0xA6, 0xEB, 0x5E, 0x69, 0xE0, 0xBB,
	0x9A, 0xC6, 0x0D, 0xB2, 0x3E, 0x12, 0x7D, 0xB1, 0x0E, 0x5B, 0x65, 0x54,
	0xB9, 0x24, 0xC4, 0x9F, 0x7A, 0xC6, 0x4C, 0xED, 0x96, 0x75, 0xC2, 0x13,
	0xB0, 0x35, 0xFA, 0x42, 0x63, 0x23, 0x98, 0x53, 0x32, 0x4F, 0x59, 0x96,
	0xC7, 0x63, 0x0A, 0x02, 0xD5, 0x61, 0xF6, 0x4A, 0x6F, 0xA1, 0x00, 0xDE,
	0x2F, 0x87, 0x5B, 0xF3, 0x80, 0x63, 0x02, 0xA2, 0x71, 0x69, 0xA5, 0x1C,
	0x74, 0x6B, 0xA6, 0xD3, 0xF1, 0x2F, 0x3E, 0x69, 0x9F, 0xAE, 0x4A, 0x41,
	0x75, 0x5D, 0xA1, 0x1C, 0x38, 0xA8, 0xD1, 0x4D, 0x75, 0x42, 0x26, 0xB6,
	0xD7, 0x2B, 0xCB, 0xC5, 0xF4, 0xDE, 0x99, 0x1C, 0x38, 0x1F, 0x84, 0x1B,
	0xBA, 0xC9, 0x89, 0xA8, 0xD3, 0x2B, 0x83, 0x06, 0x7A, 0x6C, 0x03, 0x20,
	0x38, 0xE0, 0x1D, 0x14, 0xB4, 0x39, 0xDD, 0x36, 0x17, 0x24, 0x07, 0x48,
	0xF5, 0x69, 0xA5, 0x54, 0x01, 0xFD, 0x26, 0xA2, 0x7A, 0xC6, 0x02, 0x36,
	0x2E, 0x28, 0x83, 0x4E, 0xB9, 0x50, 0xB8, 0x71, 0x05, 0xE0, 0x54, 0x90,
	0xFE, 0x2A, 0x0E, 0xB2, 0xD7, 0xA0, 0x70, 0x06, 0x78, 0x35, 0x81, 0x2C,
	0x7C, 0x6B, 0xB7, 0xD7, 0xF3, 0x5A, 0x29, 0x62, 0xD7, 0x2B, 0x83, 0xF6,
	0xBC, 0x33, 0xA5, 0x1C, 0x5E, 0xA1, 0x6D, 0xDA, 0x7A, 0xC9, 0x88, 0x78,
	0xD4, 0x2B, 0x83, 0x07, 0x92, 0x14, 0x99, 0x55, 0x3B, 0x1D, 0x1C, 0x16,
	0x06, 0xE2, 0x4D, 0xFA, 0x5C, 0x2E, 0xC9, 0x72, 0xF1, 0x69, 0xED, 0x97,
	0xF7, 0x1F, 0x84, 0x1B, 0xBA, 0xC9, 0x89, 0x18, 0xD4, 0x2B, 0x83, 0xCF,
	0xCE, 0x39, 0xE0, 0x1C, 0x38, 0xEF, 0xD1, 0x01, 0x79, 0xC6, 0x0D, 0xBD,
	0x60, 0x7C, 0x97, 0x06, 0xF2, 0xBE, 0xED, 0x95, 0x6C, 0xC4, 0x7C, 0x90,
	0xCD, 0x05, 0x6B, 0x3B, 0x4B, 0x0F, 0x5B, 0x4E, 0xF1, 0x69, 0xE1, 0x91,
	0x43, 0xE1, 0x32, 0xA4, 0x25, 0xC0, 0x02, 0x31, 0xF6, 0x29, 0x83, 0x4E,
	0xFE, 0xDE, 0x65, 0x54, 0xB5, 0xEC, 0xD4, 0x68, 0x3E, 0x0C, 0x31, 0xB2,
	0xD7, 0x2B, 0xA3, 0x41, 0x75, 0x8F, 0xA4, 0x1C, 0x38, 0x6B, 0x10, 0x55,
	0x5E, 0x8F, 0x0E, 0x77, 0x9F, 0xA2, 0xC7, 0x6A, 0xC9, 0xE2, 0xE9, 0xD6,
	0x18, 0x69, 0x18, 0xBB, 0x5E, 0x8A, 0x80, 0xBF, 0x9B, 0x0E, 0x83, 0x4E,
	0xBD, 0xE4, 0xA0, 0x6D, 0x17, 0xE0, 0x54, 0x14, 0xAB, 0x8E, 0x86, 0x7A,
	0x3F, 0x30, 0x8A, 0x4E, 0xF1, 0x25, 0x2E, 0xEC, 0x70, 0x65, 0x94, 0x90,
	0xFE, 0x59, 0x0C, 0xB2, 0xD7, 0x67, 0x08, 0xE2, 0xD5, 0xB9, 0xA5, 0x1C,
	0x38, 0x5F, 0x53, 0x9F, 0x7A, 0xC6, 0x40, 0x3F, 0xB1, 0x2C, 0xCB, 0xC5,
	0xE4, 0xCE, 0x9E, 0x1C, 0x38, 0xA8, 0x37, 0x50, 0x33, 0xC5, 0xC3, 0x4D,
	0x05, 0xAF, 0x43, 0x3A, 0xD5, 0x21, 0x2E, 0x09, 0xAC, 0xDB, 0x54, 0x9F,
	0xF7, 0x81, 0x0C, 0xFA, 0xB4, 0xE3, 0xCA, 0x4D, 0x3F, 0x96, 0x77, 0x98,
	0xF8, 0x94, 0x5A, 0xDE, 0xFA, 0xFA, 0x29, 0x08, 0xA2, 0x2C, 0xC6, 0x76,
	0x8D, 0x4D, 0xA4, 0x68, 0x27, 0xA1, 0x57, 0x60, 0x37, 0xC5, 0xEA, 0x31,
	0x28, 0x3F, 0xFF, 0xF0, 0x7B, 0xAA, 0x21, 0xDC, 0x37, 0x64, 0xA6, 0x9F,
	0x7A, 0xC6, 0x40, 0x37, 0x21, 0x5E, 0x89, 0x06, 0x7A, 0x9A, 0x4E, 0x0C,
	0x79, 0x6A, 0x93, 0x74, 0x93, 0x8F, 0x6E, 0xC4, 0xD4, 0x63, 0x00, 0x88,
	0xF6, 0x20, 0xA6, 0xEA, 0x70, 0x69, 0x20, 0xBB, 0x4A, 0x8E, 0x88, 0x44,
	0xD8, 0xAF, 0x49, 0x4E, 0xF1, 0x69, 0xED, 0x97, 0x3D, 0xD3, 0x6F, 0x9F,
	0x7A, 0x8E, 0x86, 0x7C, 0x28, 0xFB, 0x07, 0x8E, 0xFE, 0xED, 0x09, 0x1C,
	0x38, 0xE0, 0xED, 0x98, 0x7A, 0xC6, 0x0D, 0x3B, 0x5B, 0x0F, 0x53, 0x4E,
	0xF1, 0x69, 0xEC, 0x91, 0x46, 0xE7, 0x1C, 0x14, 0x7F, 0xC9, 0x36, 0xB2,
	0xD7, 0x63, 0xE0, 0x87, 0xB8, 0x6A, 0x6B, 0xE3, 0xE8, 0x64, 0x94, 0xEB,
	0x1D, 0x8E, 0x86, 0xA7, 0x2B, 0x11, 0x83, 0x4E, 0x7A, 0xED, 0x81, 0xCC,
	0x38, 0xE0, 0x54, 0x1C, 0xBA, 0xC4, 0x45, 0xD1, 0x1F, 0x62, 0x80, 0x80,
	0x0E, 0xBB, 0x21, 0xDC, 0x4C, 0xAA, 0xD4, 0xA0, 0x32, 0xB3, 0x48, 0x32,
	0xA8, 0x2A, 0x0E, 0x3B, 0xCE, 0x66, 0x13, 0x5B, 0x3A, 0xDC, 0x61, 0xE8,
	0x4D, 0x8E, 0xB4, 0x92, 0xF7, 0x0B, 0x83, 0x4E, 0xF1, 0x49, 0xA5, 0x54,
	0x37, 0x43, 0x95, 0xEC, 0x5D, 0x8E, 0x88, 0x4D, 0xA3, 0x09, 0xCF, 0x2D,
	0x96, 0x6A, 0xEC, 0x9F, 0xFC, 0xE7, 0x18, 0x9C, 0x9D, 0xB2, 0x18, 0xFA,
	0x5C, 0x2E, 0x29, 0x74, 0xF1, 0x69, 0xEC, 0x97, 0xF4, 0x1F, 0x84, 0x1B,
	0xBA, 0xB2, 0x08, 0xFE, 0xEC, 0xCD, 0xF6, 0x51, 0x7A, 0xE5, 0x81, 0xCC,
	0x38, 0xE0, 0x54, 0xDE, 0x79, 0x09, 0x84, 0x3E, 0xF3, 0xFB, 0x83, 0x4E,
	0xF1, 0x20, 0xA6, 0xE3, 0xBB, 0x19, 0x04, 0x90, 0xF6, 0xAF, 0xF2, 0x4D,
	0x28, 0xC0, 0x80, 0x03, 0x7A, 0x85, 0xED, 0x99, 0xCE, 0x94, 0x51, 0xD2,
	0xFF, 0x2B, 0x78, 0x81, 0x5C, 0x6F, 0xA7, 0x76, 0xB0, 0x42, 0x63, 0x97,
	0x6C, 0xC4, 0x70, 0x1C, 0xB8, 0x3B, 0x0E, 0x62, 0x9E, 0xA6, 0xCD, 0x4D,
	0xBD, 0xE4, 0xA8, 0xD9, 0x1B, 0xE0, 0x54, 0xD3, 0xF7, 0xC3, 0xE7, 0x9F,
	0xD7, 0x2B, 0x6B, 0xD7, 0xF6, 0x69, 0xA5, 0x50, 0xB3, 0x10, 0x1C, 0x1A,
	0xBA, 0xC9, 0x88, 0x34, 0x29, 0xD4, 0x7C, 0x02, 0x78, 0xC5, 0x81, 0xCC,
	0x38, 0xE0, 0x54, 0xD3, 0xF1, 0x6A, 0x29, 0x72, 0xD7, 0x2B, 0x83, 0x02,
	0x7A, 0xCD, 0x81, 0xCC, 0x38, 0xE0, 0x54, 0xD7, 0xF1, 0xBA, 0x29, 0xF2,
	0x9F, 0xAE, 0x75, 0x3A, 0xF4, 0x24, 0x20, 0xF8, 0x4D, 0xC3, 0x1C, 0x14,
	0x2E, 0xE2, 0x25, 0xBD, 0x60, 0xAF, 0xA7, 0x96, 0xF1, 0x69, 0xA5, 0x7A,
	0x79, 0xE3, 0x93, 0xF9, 0xF3, 0x42, 0x29, 0x6A, 0xD7, 0x2B, 0x83, 0x28,
	0xCA, 0x2E, 0xA3, 0x13, 0xBA, 0x07, 0xA9, 0x60, 0x85, 0x8A, 0x86, 0x06,
	0xF3, 0xE3, 0x83, 0x4E, 0xF1, 0x21, 0x20, 0xEA, 0x37, 0x64, 0x1B, 0x9E,
	0x7A, 0xC6, 0x40, 0x37, 0x33, 0x24, 0x07, 0x08, 0xF0, 0x69, 0xA5, 0x5D,
	0xB2, 0x37, 0x1C, 0x14, 0xB4, 0x8E, 0x86, 0xB7, 0x7B, 0x11, 0x83, 0x4E,
	0x0E, 0xB9, 0x35, 0x94, 0x64, 0xC4, 0x74, 0xD7, 0xF1, 0xC3, 0xB3, 0x8B,
	0xD7, 0x2B, 0xCA, 0xC5, 0x3D, 0x96, 0x75, 0x98, 0xF8, 0xEF, 0xD0, 0x68,
	0x7A, 0xC6, 0x0D, 0xFA, 0x54, 0x16, 0x1A, 0x74, 0xF1, 0x69, 0xA5, 0x13,
	0xBC, 0x09, 0x54, 0x9F, 0x7A, 0xC9, 0x5A, 0x72, 0xE4, 0xEB, 0x8C, 0x5F,
	0xB5, 0x4D, 0xED, 0x13, 0x29, 0xA4, 0x70, 0xC7, 0x75, 0xD7, 0x49, 0x96,
	0xBF, 0x63, 0x0A, 0x0A, 0xD5, 0x11, 0xEC, 0x97, 0x76, 0x80, 0x1C, 0x1A,
	0xB3, 0xC9, 0x89, 0x71, 0xD7, 0x2B, 0x83, 0x06, 0x7A, 0x6C, 0xD3, 0x25,
	0x38, 0xE0, 0xAB, 0x4F, 0xFE, 0x06, 0x02, 0x36, 0x65, 0x2B, 0x83, 0x4E,
	0xB0, 0x66, 0xB5, 0x5A, 0x60, 0x13, 0x5B, 0xE0, 0x3E, 0xE2, 0x55, 0xFA,
	0x5A, 0x7F, 0xA7, 0x06, 0xB8, 0xE2, 0x69, 0x54, 0xB3, 0xE5, 0x16, 0xA5,
	0x7A, 0xC6, 0xF2, 0x62, 0x9F, 0xA0, 0x7B, 0x06, 0x74, 0xA9, 0xAA, 0x98,
	0xB2, 0xE0, 0x54, 0x9F, 0x32, 0x4D, 0x18, 0x8F, 0xEE, 0x2B, 0x83, 0x06,
	0x7A, 0xA1, 0x5A, 0xCE, 0xBC, 0x20, 0x20, 0xE5, 0x32, 0x4D, 0x18, 0x9F,
	0xEE, 0x2B, 0x83, 0x06, 0x7A, 0xA6, 0x5A, 0xCE, 0xBC, 0x20, 0x20, 0xD2,
	0x32, 0x4D, 0x02, 0xFA, 0x52, 0xE2, 0xF7, 0x0B, 0xB9, 0xE2, 0xA0, 0x09,
	0x01, 0xE0, 0x54, 0x60, 0xAA, 0x42, 0xCD, 0xC6, 0xEF, 0x63, 0x08, 0x01,
	0xF9, 0x21, 0x20, 0xD5, 0x4C, 0xCF, 0x1C, 0x14, 0x7F, 0x39, 0x35, 0xB2,
	0xD7, 0xD4, 0x53, 0xCA, 0x31, 0x1D, 0x87, 0x54, 0xB3, 0xEF, 0x1C, 0x14,
	0x3D, 0xCE, 0x45, 0x8B, 0xAE, 0x23, 0xF6, 0x40, 0xB9, 0x50, 0x9D, 0x69,
	0x31, 0xA8, 0xDD, 0x97, 0x32, 0x4F, 0x4C, 0xBA, 0x3C, 0x2C, 0x3A, 0x4D,
	0xF1, 0x69, 0xA5, 0xD1, 0x11, 0xA8, 0xDF, 0x9A, 0xB2, 0xFF, 0x0D, 0xB2,
	0x9F, 0xAE, 0x43, 0x3A, 0xFB, 0x21, 0x28, 0x48, 0x1C, 0xA8, 0x1D, 0x14,
	0xB6, 0x39, 0xDD, 0xF3, 0x5D, 0xF4, 0x0B, 0x12, 0xD5, 0x49, 0x4E, 0x17,
	0x0A, 0x3B, 0xDC, 0xC3, 0x5E, 0xE6, 0x45, 0x39, 0xA3, 0x0F, 0xB3, 0x06,
	0x7A, 0xA7, 0xED, 0x97, 0x3D, 0x6B, 0x6D, 0x9F, 0x7A, 0x39, 0xDD, 0x59,
	0xD3, 0xA1, 0xDF, 0x6A, 0xD1, 0xE3, 0x66, 0xF7, 0x3E, 0xD2, 0x94, 0x74,
	0x78, 0xF4, 0xCD, 0xFA, 0x56, 0xEF, 0x03, 0x4E, 0xF1, 0x69, 0xE4, 0x43,
	0x79, 0xBE, 0x15, 0xC2, 0x3B, 0x9A, 0x52, 0xEC, 0x8C, 0xE8, 0x4F, 0x82,
	0xB9, 0xE0, 0xF9, 0x38, 0x30, 0xA8, 0xDD, 0xEB, 0x5E, 0xD6, 0x45, 0x3B,
	0xAB, 0x0F, 0x9B, 0x0F, 0xA7, 0x21, 0x26, 0xF0, 0x08, 0xA8, 0xDF, 0x6E,
	0x32, 0x43, 0xC4, 0xC6, 0x8B, 0x63, 0x08, 0x4B, 0xA9, 0x51, 0xA5, 0x1C,
	0xC7, 0x30, 0xD0, 0x5F, 0x0E, 0x89, 0x3E, 0x4D, 0x5E, 0x57, 0xA7, 0x6E,
	0xC2, 0xB2, 0x2C, 0x40, 0x1C, 0xC4, 0xD7, 0x64, 0x3A, 0xB5, 0x39, 0xFA,
	0x5C, 0x3E, 0xB9, 0x76, 0xF1, 0x69, 0xE9, 0x91, 0x0C, 0x3E, 0x1D, 0x14,
	0xB4, 0x39, 0xDF, 0x36, 0x17, 0x5F, 0xA3, 0x07, 0x7A, 0x67, 0xED, 0x9F,
	0xD9, 0x10, 0x20, 0x8C, 0x32, 0x4D, 0x08, 0xAF, 0xEF, 0x2B, 0x83, 0xB1,
	0x21, 0xED, 0x65, 0x68, 0x3E, 0x1F, 0x93, 0x16, 0x06, 0xE2, 0x2D, 0x4D,
	0x14, 0xC0, 0x40, 0xC5, 0x36, 0x82, 0xAD, 0x97, 0x7C, 0xC4, 0x74, 0x74,
	0x78, 0xF5, 0xCD, 0xFA, 0x5C, 0x77, 0xA7, 0x0E, 0xB9, 0xE2, 0xD1, 0x38,
	0x70, 0xA8, 0xDF, 0xE3, 0x5E, 0x96, 0x45, 0x31, 0x13, 0x1B, 0xC2, 0x10,
	0x32, 0xA5, 0x69, 0xD0, 0x70, 0x69, 0x08, 0xBB, 0x72, 0x91, 0x45, 0x31,
	0x3B, 0x0B, 0xCB, 0xC5, 0x28, 0x21, 0x20, 0xD5, 0x4C, 0xBF, 0xD9, 0xDD,
	0x85, 0xFB, 0xF2, 0x4D, 0x48, 0x2B, 0xF4, 0x1B, 0x7A, 0x93, 0xE4, 0xA4,
	0x75, 0x8D, 0x17, 0xF2, 0xF1, 0x14, 0xB4, 0xF2, 0xD7, 0x2B, 0x83, 0xB1,
	0xE4, 0x66, 0x82, 0x1C, 0x38, 0xA8, 0xDD, 0x9A, 0xA2, 0xFE, 0x0D, 0xB2,
	0x9F, 0xAE, 0x43, 0x3A, 0xC5, 0x2D, 0x2E, 0xDB, 0x70, 0x6B, 0x87, 0xD7,
	0xF1, 0x0E, 0xE5, 0xEF, 0xCB, 0x2B, 0x83, 0xDE, 0x41, 0x68, 0x4E, 0x3F,
	0x82, 0xAD, 0x39, 0xDC, 0x17, 0x8E, 0x86, 0xBF, 0x63, 0x13, 0x83, 0x4E,
	0x0E, 0x7C, 0x63, 0x3A, 0x38, 0xE0, 0x1C, 0x58, 0x7F, 0x65, 0x35, 0xB2,
	0xD7, 0x2B, 0x83, 0x4E, 0xF1, 0x5B, 0x65, 0xF7, 0x3A, 0xD2, 0x94, 0xD7,
	0xF1, 0x9A, 0x29, 0x82, 0x9F, 0xA8, 0x47, 0x6E, 0xAE, 0xAA, 0x69, 0xD0,
	0x70, 0x65, 0x9D, 0x90, 0xFE, 0xBA, 0x0C, 0xB2, 0xD7, 0x63, 0x08, 0x8A,
	0xB9, 0xE0, 0xFD, 0x14, 0x70, 0x69, 0x24, 0x8F, 0x32, 0x4F, 0x75, 0xAA,
	0x9B, 0xA2, 0xF3, 0x6E, 0xB0, 0x3E, 0xED, 0x9F, 0xD4, 0x80, 0x1C, 0x14,
	0xA3, 0x83, 0x3E, 0x4D, 0x9F, 0xA0, 0x86, 0x77, 0xC6, 0x69, 0xA5, 0xE3,
	0xE8, 0x64, 0x94, 0x90, 0xFE, 0xF4, 0x0C, 0xB2, 0xD7, 0x63, 0x08, 0x05,
	0xD9, 0x21, 0x20, 0xD5, 0x37, 0x64, 0x71, 0x9E, 0x7A, 0xC6, 0x45, 0x39,
	0xD2, 0x30, 0xB4, 0x4E, 0xF1, 0x96, 0x75, 0x98, 0xF8, 0xEF, 0xD0, 0x8B,
	0x7B, 0xC6, 0x0D, 0xFA, 0x5C, 0x70, 0xAB, 0x06, 0x7A, 0x22, 0xC5, 0x54,
	0xBD, 0x29, 0x5B, 0x1B, 0x79, 0xC7, 0x0D, 0xB2, 0x9F, 0xA0, 0x86, 0xB7,
	0xC7, 0x69, 0xA5, 0xE3, 0xE8, 0x64, 0x94, 0x90, 0xFE, 0x34, 0x0D, 0xB2,
	0xD7, 0x24, 0xB2, 0x06, 0x30, 0x8B, 0x85, 0x54, 0x33, 0x22, 0x18, 0x14,
	0xBA, 0x8F, 0xCC, 0x5A, 0xDF, 0x63, 0x3B, 0xE5, 0x5B, 0xC3, 0x0F, 0xB6,
	0x92, 0x4A, 0xFE, 0xD6, 0x8D, 0x26, 0x45, 0x73, 0x3D, 0x28, 0xCB, 0xC3,
	0xFD, 0x3B, 0xED, 0xDD, 0xD9, 0xE2, 0x18, 0xB4, 0xBB, 0x87, 0x86, 0x72,
	0x9F, 0xA6, 0xB6, 0xB7, 0xC4, 0x69, 0xA5, 0x54, 0xB3, 0xD4, 0x92, 0xDE,
	0x75, 0x71, 0xC2, 0xD4, 0x93, 0x12, 0xBD, 0x3A, 0xFC, 0x0F, 0x5A, 0xDD,
	0x37, 0x57, 0x95, 0xF9, 0x3E, 0xFF, 0x31, 0xF4, 0xA2, 0xD8, 0xE5, 0x4D,
	0x38, 0x66, 0x12, 0xE5, 0x5E, 0xDB, 0x2F, 0xC5, 0x75, 0x41, 0x9C, 0xB2,
	0xD7, 0x2B, 0xC7, 0xC5, 0x06, 0x2D, 0x2E, 0xDB, 0x70, 0x6B, 0x82, 0xD7,
	0xF1, 0x8D, 0x6D, 0x5A, 0xEB, 0x30, 0x83, 0x4E, 0x97, 0xE0, 0xDE, 0x44,
	0x70, 0x6B, 0x1F, 0xCF, 0x32, 0x43, 0xC4, 0xC6, 0xA7, 0x63, 0x08, 0x4B,
	0x99, 0x5F, 0xA5, 0x1C, 0xC7, 0x30, 0xD0, 0x5F, 0x0E, 0xA5, 0x02, 0xA2,
	0xC2, 0xF0, 0x9C, 0x4E, 0xF1, 0x66, 0xB5, 0x01, 0xDC, 0xFF, 0x54, 0x9F,
	0x75, 0xD6, 0x28, 0x5F, 0xC8, 0x2B, 0x83, 0xBC, 0xFE, 0x79, 0xA0, 0xE9,
	0x27, 0xE0, 0x54, 0x14, 0x7F, 0x31, 0x12, 0xB2, 0xD7, 0xA2, 0xC7, 0x6A,
	0xA9, 0xD3, 0x9F, 0x1C, 0x38, 0xE0, 0x32, 0x9C, 0x80, 0xA0, 0x36, 0xC9,
	0x9D, 0x5C, 0xAD, 0x06, 0x7A, 0x22, 0xF5, 0x13, 0x29, 0xF1, 0x5B, 0x8E,
	0x23, 0xD6, 0x02, 0xA3, 0xB6, 0x0B, 0x71, 0x41, 0xE0, 0x28, 0x95, 0x7A,
	0xB1, 0xA1, 0x6C, 0xD7, 0xF1, 0x8D, 0x5D, 0xFA, 0xD4, 0xE1, 0xC6, 0xC5,
	0x37, 0x21, 0x2E, 0xCA, 0xD0, 0x23, 0x4E, 0x9F, 0x7A, 0xA0, 0x84, 0xC9,
	0x9F, 0xC0, 0x83, 0x02, 0x7C, 0x35, 0x81, 0x7C, 0x71, 0x6B, 0x0F, 0x8F,
	0x33, 0x4D, 0x7E, 0xAA, 0x9E, 0xA0, 0xF8, 0x6E, 0xBC, 0xE2, 0xD6, 0x34,
	0x71, 0x6B, 0xB7, 0xDE, 0x25, 0x05, 0xC1, 0x7E, 0x9F, 0xA2, 0xDF, 0x6A,
	0xF9, 0x21, 0x2C, 0x70, 0x1C, 0xF0, 0x1C, 0x16, 0x0E, 0xE2, 0x15, 0xE5,
	0x96, 0x7D, 0xC2, 0x19, 0xB9, 0xEA, 0x49, 0x2C, 0x0B, 0x20, 0x10, 0x12,
	0x02, 0xC7, 0xFD, 0xF6, 0xD8, 0x9A, 0xBE, 0x83, 0xCB, 0x69, 0xA5, 0x13,
	0xBD, 0x7F, 0x56, 0x9F, 0x7A, 0x83, 0x86, 0x45, 0x27, 0x6F, 0x8C, 0x8F,
	0xC4, 0xDE, 0x9F, 0x1C, 0x38, 0xA5, 0x57, 0x68, 0x3B, 0x4D, 0xCA, 0x42,
	0x93, 0x24, 0x32, 0x73, 0x2D, 0x5F, 0xA5, 0x1C, 0xBB, 0x2F, 0xAB, 0xAC,
	0xA1, 0x43, 0xCD, 0xBD, 0x53, 0xBD, 0x83, 0x4E, 0xF1, 0x21, 0x2E, 0x31,
	0x84, 0xD6, 0x54, 0x9F, 0xF1, 0xF3, 0xB3, 0x84, 0xD7, 0x2B, 0xCB, 0xCB,
	0x1C, 0x66, 0x21, 0x9C, 0x38, 0xE0, 0x54, 0x1A, 0x8C, 0xB2, 0x71, 0xFA,
	0x5C, 0x2E, 0xE9, 0x7B, 0xF1, 0x69, 0xED, 0x97, 0xF5, 0x1F, 0x84, 0x1B,
	0xBA, 0xB2, 0x61, 0x39, 0x00, 0xAE, 0x75, 0x3A, 0xC5, 0x25, 0x2E, 0xD9,
	0x7C, 0x6B, 0x9A, 0xDE, 0x75, 0x70, 0x0D, 0xF3, 0x6D, 0x23, 0x83, 0x4E,
	0xF1, 0x5A, 0x75, 0x97, 0xF2, 0x6B, 0x96, 0xDE, 0x59, 0x09, 0xDC, 0x5A,
	0x20, 0xF2, 0x02, 0xAF, 0xD1, 0xEA, 0x1D, 0xF1, 0xB3, 0x31, 0x67, 0x4F,
	0x37, 0xED, 0xDA, 0xC7, 0x31, 0x66, 0x80, 0x89, 0xBC, 0x42, 0x6A, 0x69,
	0xEA, 0x6B, 0x51, 0xCE, 0x4C, 0xC6, 0x0D, 0x45, 0x05, 0x10, 0x53, 0x3A,
	0xD7, 0x25, 0x2E, 0x09, 0xAC, 0xD5, 0x54, 0x9F, 0x37, 0x43, 0xDF, 0xC6,
	0xCD, 0x6F, 0x08, 0x4B, 0xC9, 0x5F, 0xA5, 0x1C, 0x81, 0xE8, 0x0A, 0x32,
	0xA4, 0x82, 0x86, 0x78, 0x9F, 0xA0, 0x56, 0x06, 0x78, 0x35, 0x81, 0x3C,
	0x79, 0x1F, 0x86, 0xD7, 0xF1, 0xF3, 0x0B, 0x84, 0xD7, 0x2B, 0x08, 0x63,
	0xF9, 0x5F, 0xA5, 0x1C, 0x70, 0x65, 0xA2, 0x90, 0xFE, 0x0F, 0x0D, 0xB2,
	0xD7, 0xAE, 0x6E, 0x41, 0x75, 0xA8, 0xA5, 0x1C, 0x38, 0xA8, 0xDF, 0x9A,
	0xAA, 0xF2, 0x0D, 0xB2, 0x9F, 0xA0, 0x4D, 0xB1, 0x21, 0xED, 0x65, 0x13,
	0xBC, 0x4D, 0x54, 0x9F, 0x7A, 0x4D, 0xD8, 0xFA, 0x5C, 0xE5, 0x6B, 0x4B,
	0xE2, 0x69, 0xA5, 0x54, 0xBD, 0x20, 0x20, 0xB6, 0x36, 0x4D, 0x18, 0x9F,
	0xE2, 0x2B, 0x83, 0x03, 0x74, 0xBB, 0xAA, 0x98, 0xB6, 0xE0, 0x54, 0x9F,
	0x36, 0x4D, 0xC5, 0xFE, 0x5E, 0x57, 0xA7, 0x6E, 0xBD, 0x42, 0x6B, 0x5D,
	0x80, 0x2C, 0x54, 0x9F, 0x7A, 0x83, 0x86, 0x7B, 0x9F, 0xA0, 0x53, 0xA5,
	0x9C, 0xEC, 0x48, 0x68, 0x0B, 0xA8, 0xDF, 0x49, 0x36, 0x4D, 0xC8, 0xBD,
	0x61, 0x29, 0xC2, 0xF7, 0xF9, 0x69, 0xA5, 0x1C, 0x0B, 0x18, 0xDF, 0x50,
	0xF1, 0x01, 0x4C, 0x91, 0x18, 0xFA, 0x6B, 0xB9, 0x28, 0xE8, 0x44, 0x3C,
	0xBB, 0x58, 0xB9, 0x14, 0x83, 0xF5, 0xF5, 0xFF, 0xFC, 0xE4, 0xF6, 0xA8,
	0xB8, 0x6A, 0x72, 0x51, 0x13, 0x27, 0x21, 0x4C, 0xF1, 0xC3, 0x53, 0x87,
	0xD7, 0x2B, 0x74, 0x99, 0xCA, 0x91, 0xD1, 0x2E, 0xB3, 0x35, 0x1C, 0x14,
	0xB4, 0x2E, 0x4B, 0xB3, 0xD7, 0x2B, 0xCF, 0xC5, 0xE4, 0xDE, 0x91, 0x1C,
	0x38, 0xAD, 0xD1, 0x4D, 0x0E, 0xDA, 0x49, 0x39, 0xD2, 0x10, 0xB6, 0x4E,
	0xF1, 0xE2, 0x75, 0x54, 0x3B, 0x36, 0x10, 0x14, 0xB5, 0x8E, 0x84, 0xEE,
	0xF3, 0x0B, 0x3A, 0x4F, 0xAF, 0xC4, 0x7B, 0x5D, 0xC7, 0x32, 0xBC, 0x16,
	0x6C, 0xC6, 0x0D, 0x5A, 0x73, 0x26, 0x83, 0x4E, 0x19, 0x1A, 0xB0, 0x1C,
	0x38, 0x08, 0xE6, 0x8F, 0x7A, 0xC6, 0xB2, 0xD5, 0xB1, 0x4D, 0xE5, 0xC5,
	0x36, 0x28, 0x52, 0xF2, 0xE9, 0x1A, 0xDF, 0x5D, 0xBB, 0x2E, 0x12, 0xB1,
	0x07, 0xA6, 0x8F, 0xDC, 0xB5, 0x52, 0x54, 0x13, 0xBD, 0x7B, 0x54, 0x9F,
	0x7A, 0x87, 0x86, 0x75, 0x27, 0x6F, 0x8C, 0xFF, 0xCC, 0x46, 0x9D, 0x1C,
	0x38, 0x65, 0x94, 0x90, 0xFE, 0x41, 0x0D, 0xB2, 0xD7, 0x63, 0x08, 0x43,
	0xD9, 0x51, 0xA5, 0x1C, 0x70, 0x65, 0x9D, 0xEB, 0x4E, 0x2E, 0x4F, 0x49,
	0x28, 0xD4, 0x08, 0x5B, 0x0D, 0x5E, 0xA5, 0x1C, 0xB5, 0xAA, 0x56, 0xA4,
	0xBB, 0xB0, 0x2F, 0xFE, 0x5C, 0x3E, 0xA9, 0x7A, 0xF1, 0x69, 0xE8, 0x99,
	0xEA, 0x94, 0x09, 0xDB, 0xF1, 0x0E, 0x49, 0x39, 0x15, 0x63, 0x08, 0x4B,
	0x09, 0x5E, 0xA5, 0x1C, 0x0B, 0x32, 0x1C, 0x16, 0x3E, 0xE2, 0x2D, 0x59,
	0xE8, 0x63, 0x08, 0x43, 0x01, 0x5E, 0xA5, 0x1C, 0x70, 0x65, 0x9D, 0xEB,
	0x41, 0x2E, 0x0F, 0x49, 0x28, 0xD4, 0x08, 0x5B, 0x31, 0x5E, 0xA5, 0x1C,
	0xB5, 0xAA, 0x56, 0xA4, 0xBB, 0xB0, 0x24, 0xFE, 0x5C, 0x3E, 0x69, 0x7D,
	0xF1, 0x69, 0xE8, 0x99, 0xEA, 0x94, 0x49, 0xD7, 0xF1, 0xCB, 0xCB, 0x85,
	0xD7, 0x2B, 0xC7, 0xC5, 0x33, 0x21, 0x2C, 0x50, 0x1C, 0xC0, 0x1D, 0x14,
	0xAD, 0x82, 0x86, 0x7A, 0x6E, 0x2F, 0xDD, 0xE3, 0x2F, 0x28, 0x5A, 0xCE,
	0xB3, 0x27, 0x15, 0x68, 0x94, 0x07, 0xF7, 0xB0, 0x5C, 0xE9, 0x42, 0xA6,
	0xEE, 0x6A, 0x75, 0x91, 0x3C, 0x72, 0x57, 0x5F, 0x3E, 0xFD, 0xFD, 0xC7,
	0xC2, 0x6A, 0x08, 0x89, 0x01, 0x2D, 0xAA, 0xAD, 0x05, 0x7F, 0x63, 0x9F,
	0x7A, 0x43, 0xCD, 0xC6, 0xD2, 0xC3, 0xB1, 0x5D, 0xF1, 0x69, 0x22, 0x01,
	0x10, 0xD8, 0x54, 0x9F, 0x32, 0x4D, 0x51, 0x96, 0x87, 0x63, 0x08, 0x22,
	0xD5, 0x31, 0xED, 0x97, 0x4C, 0xC4, 0x34, 0xD7, 0xF9, 0x02, 0x3D, 0xF3,
	0x88, 0x6A, 0xDD, 0x11, 0x32, 0xA5, 0x69, 0xD0, 0x70, 0x63, 0xB8, 0x87,
	0x3E, 0x4D, 0xCF, 0xFE, 0x5C, 0xFA, 0xB0, 0x8E, 0xB9, 0xEC, 0x6C, 0x68,
	0x17, 0xAC, 0xDF, 0x92, 0x72, 0xF2, 0x0D, 0xB2, 0x9A, 0xAE, 0x4A, 0x3A,
	0xD2, 0xEC, 0x77, 0x68, 0x27, 0x69, 0x50, 0xBB, 0x3B, 0xFD, 0xCD, 0xC1,
	0xC7, 0xA0, 0x53, 0x0C, 0x7B, 0x65, 0xAF, 0x5E, 0x00, 0xEC, 0x46, 0xEA,
	0x74, 0x39, 0xCD, 0x59, 0x3F, 0xC0, 0x86, 0xCD, 0x39, 0x96, 0x4E, 0x1F,
	0xBB, 0x28, 0xAB, 0xD7, 0xF9, 0x02, 0x15, 0x71, 0x9F, 0xA0, 0x47, 0x06,
	0x78, 0x31, 0xB5, 0x54, 0xB1, 0x90, 0x74, 0xD3, 0xF3, 0x86, 0x15, 0xFA,
	0x5E, 0x63, 0x8B, 0x19, 0xB0, 0x3D, 0xE4, 0x49, 0x79, 0xB6, 0x15, 0xC8,
	0x32, 0x45, 0xE1, 0xF2, 0x9A, 0xA0, 0x7A, 0x07, 0x7A, 0xA9, 0xE1, 0x97,
	0xDA, 0xA5, 0x67, 0x5F, 0x32, 0x43, 0xC4, 0xBD, 0x53, 0x2D, 0x82, 0x4E,
	0xF1, 0x21, 0x20, 0xDC, 0x37, 0x64, 0xA9, 0x9F, 0x7A, 0xC6, 0x40, 0x37,
	0x1E, 0x24, 0x07, 0xBA, 0xF1, 0x69, 0xA5, 0x99, 0xEA, 0xEF, 0xD0, 0x73,
	0x7A, 0xC6, 0x0D, 0xF3, 0x5C, 0xF3, 0xC6, 0x76, 0xF0, 0x1D, 0xAD, 0xE3,
	0xFB, 0xA6, 0x6C, 0x9B, 0x71, 0xB3, 0xF5, 0x37, 0x0C, 0x24, 0x07, 0x9A,
	0xF1, 0x69, 0xA5, 0x5D, 0x03, 0x3C, 0x5B, 0x18, 0xB1, 0xC6, 0x0D, 0xB2,
	0x96, 0xA0, 0x7B, 0x0A, 0x78, 0x2D, 0x81, 0x34, 0x79, 0x6B, 0x90, 0xB4,
	0xB9, 0xFD, 0xF5, 0xBD, 0x50, 0x9B, 0x83, 0x4E, 0xF1, 0x21, 0x2E, 0x19,
	0x1C, 0xD2, 0x54, 0x9F, 0xF1, 0x11, 0x45, 0x3B, 0x83, 0x0F, 0xB3, 0x06,
	0xF2, 0xA3, 0x5A, 0xCC, 0x7D, 0xD3, 0x94, 0x1B, 0xBA, 0xB3, 0x08, 0x5B,
	0x56, 0x2B, 0x83, 0x4E, 0xB0, 0xDF, 0xA4, 0x58, 0xB0, 0x94, 0x70, 0xBF,
	0x3B, 0x4D, 0xFD, 0xF6, 0x5E, 0x6F, 0xA7, 0x6A, 0xCA, 0x9A, 0xD6, 0x40,
	0x7D, 0x64, 0xA2, 0xEB, 0x12, 0x8E, 0x86, 0xB7, 0x3B, 0x1A, 0x83, 0x4E,
	0xB5, 0xE2, 0x4B, 0x97, 0xF7, 0xA9, 0x57, 0x52, 0x32, 0xC5, 0x41, 0x96,
	0xA7, 0xD4, 0x53, 0x0B, 0xC2, 0xA9, 0x21, 0xDC, 0x4D, 0xE7, 0x10, 0x17,
	0x3E, 0xE2, 0x2D, 0x59, 0x93, 0x68, 0x03, 0x72, 0xDE, 0x11, 0xD0, 0x38,
	0xB5, 0xEC, 0x6A, 0xDA, 0x75, 0x70, 0xFB, 0xFA, 0x5C, 0xAF, 0xA7, 0xCE,
	0xF1, 0x69, 0xA5, 0x5E, 0xB2, 0xE4, 0x7C, 0xD7, 0xF1, 0x92, 0x29, 0xC2,
	0xEF, 0x2F, 0x92, 0x0B, 0xFE, 0x2C, 0x55, 0x58, 0xB0, 0x94, 0x70, 0xBF,
	0x85, 0x00, 0x84, 0xC6, 0xF3, 0x0F, 0x68, 0xEE, 0xB4, 0xED, 0x53, 0x68,
	0x34, 0xA8, 0xDF, 0xDB, 0x5E, 0xF6, 0x45, 0xB1, 0x93, 0x0F, 0xF3, 0xA5,
	0xE9, 0x96, 0x62, 0x95, 0x44, 0xC4, 0x7C, 0xD7, 0xF1, 0x8A, 0x29, 0xC2,
	0x3E, 0x68, 0x7C, 0xB1, 0x0E, 0x82, 0xA1, 0x2F, 0xF8, 0x0B, 0x56, 0xAC,
	0xBA, 0x8A, 0x80, 0xEE, 0xF3, 0x6B, 0xCA, 0xC5, 0xAA, 0x51, 0xEC, 0x97,
	0x4B, 0xA8, 0x1D, 0x14, 0x99, 0x87, 0x52, 0xF3, 0x89, 0x6A, 0xDE, 0x0F,
	0xAD, 0x36, 0x66, 0xD0, 0x70, 0x6B, 0x90, 0xD7, 0xF3, 0x9E, 0x05, 0xFA,
	0x5E, 0x5B, 0x93, 0x06, 0x78, 0x11, 0xBD, 0x50, 0xB1, 0x90, 0x74, 0xDE,
	0x2D, 0x8E, 0x8E, 0x5E, 0xE7, 0x66, 0x08, 0xBE, 0xBD, 0xE2, 0x5F, 0x54,
	0xB3, 0x19, 0x67, 0x44, 0x32, 0x43, 0xC4, 0xBD, 0x53, 0x82, 0x83, 0x4E,
	0xF1, 0x21, 0x2E, 0x19, 0x1C, 0xD1, 0x54, 0x9F, 0x85, 0x16, 0x89, 0x72,
	0xD8, 0xAF, 0x1B, 0x4E, 0xF1, 0x69, 0x1D, 0x51, 0x62, 0xE0, 0x54, 0xF9,
	0x43, 0xC1, 0x79, 0xB5, 0xE5, 0xEB, 0x6A, 0xC7, 0xF1, 0x69, 0xA5, 0x54,
	0x5B, 0x97, 0x68, 0xD7, 0x79, 0x31, 0x45, 0x39, 0xD2, 0xD0, 0xB3, 0x4E,
	0xF1, 0x21, 0x2E, 0xD2, 0xC7, 0x30, 0xD0, 0x5F, 0x0E, 0xAE, 0x8C, 0x8C,
	0x87, 0x6E, 0x83, 0x4E, 0x84, 0x09, 0xE1, 0x13, 0x8F, 0xA6, 0x40, 0xD3,
	0x79, 0x00, 0x6B, 0x3B, 0x8B, 0x0F, 0xA3, 0x28, 0xCA, 0x37, 0xA3, 0x6F,
	0x73, 0xEF, 0xE3, 0x5C, 0x32, 0x4B, 0x19, 0x32, 0x96, 0xAB, 0xFF, 0x9E,
	0xE9, 0x47, 0xD0, 0x2B, 0x79, 0x60, 0x28, 0x4F, 0x63, 0xB2, 0x78, 0x9D,
	0x96, 0xAB, 0xFF, 0x9E, 0xEB, 0x0C, 0xD0, 0x3B, 0x79, 0x60, 0x28, 0x4F,
	0x61, 0xBE, 0x78, 0xAD, 0x96, 0xAB, 0xFF, 0x9E, 0xED, 0x1D, 0xD0, 0x0B,
	0x79, 0x6B, 0x18, 0x4F, 0x5E, 0x8E, 0x0E, 0x7D, 0x9E, 0xA2, 0x8C, 0x0F,
	0x7A, 0x25, 0x75, 0x3C, 0x79, 0x69, 0x5A, 0x2F, 0x7B, 0x2D, 0x1C, 0xD4,
	0x28, 0xE8, 0x68, 0xE4, 0x1A, 0x61, 0x97, 0xDC, 0xD3, 0xE6, 0x66, 0x5F,
	0x91, 0xC4, 0x3F, 0x72, 0x9F, 0xA0, 0xDF, 0x6A, 0xB1, 0x21, 0x2E, 0x68,
	0x1C, 0xA8, 0x1C, 0x14, 0x06, 0xE2, 0x5D, 0xFE, 0x5C, 0x5F, 0xA7, 0x16,
	0xB9, 0xEA, 0x61, 0x2C, 0x79, 0xBF, 0x97, 0x53, 0x32, 0x4F, 0x51, 0x96,
	0xC7, 0x7C, 0xCB, 0xCD, 0x1D, 0x49, 0x96, 0xC7, 0x74, 0x6D, 0x18, 0xBB,
	0x4A, 0x83, 0x3E, 0x72, 0x5E, 0x77, 0xA7, 0x7E, 0xC2, 0xBB, 0x28, 0x57,
	0x33, 0x08, 0x54, 0x8B, 0x7A, 0xC6, 0x86, 0xF6, 0xF3, 0x1B, 0x06, 0x8E,
	0x85, 0x3D, 0xA0, 0xBC, 0x3C, 0xE0, 0x54, 0x12, 0x31, 0x86, 0x86, 0x62,
	0x96, 0x93, 0xCE, 0x23, 0xA2, 0x1D, 0x2C, 0x58, 0x1C, 0xD0, 0xAB, 0x8A,
	0x02, 0xD9, 0x0D, 0xB2, 0x9F, 0xA0, 0x7B, 0x06, 0x74, 0xA9, 0xD1, 0x2E,
	0x7C, 0x6B, 0x10, 0xBB, 0x4A, 0x4B, 0x46, 0xB9, 0x92, 0x18, 0x4A, 0x06,
	0x7A, 0xB9, 0x4D, 0xDF, 0x2B, 0xE0, 0x54, 0x1A, 0xBA, 0xBE, 0x05, 0x8B,
	0xC8, 0x5D, 0x87, 0x06, 0x7A, 0x36, 0xBD, 0xA6, 0x75, 0x8D, 0x07, 0xEB,
	0x32, 0x4D, 0xC2, 0x4D, 0xC2, 0x00, 0x9C, 0x4E, 0xF1, 0x21, 0x2E, 0xDF,
	0xD3, 0xE2, 0x67, 0x5F, 0x32, 0x4D, 0x51, 0x96, 0xEF, 0x63, 0x00, 0x8A,
	0xD1, 0x36, 0x66, 0xD0, 0x70, 0x69, 0x08, 0xBB, 0x72, 0x91, 0x45, 0x31,
	0x3B, 0x0B, 0xCB, 0xC5, 0x28, 0x21, 0x20, 0xD5, 0x4C, 0xB9, 0x1C, 0x14,
	0x7F, 0x79, 0x22, 0xB2, 0xD7, 0xD4, 0x53, 0xCA, 0x31, 0x1D, 0xE9, 0x54,
	0xB3, 0xBB, 0x5C, 0xD7, 0xFF, 0x1D, 0x79, 0x89, 0x9F, 0xA0, 0x86, 0xE7,
	0xDE, 0x69, 0xA5, 0x54, 0xB3, 0x2B, 0xAB, 0x4F, 0xFE, 0x06, 0x79, 0x99,
	0x9F, 0xA0, 0x86, 0xD7, 0xDE, 0x69, 0xA5, 0x54, 0xB5, 0xAB, 0x84, 0x60,
	0xAA, 0x42, 0xCD, 0xC6, 0xDC, 0xDD, 0xC0, 0xA4, 0xF3, 0x1D, 0xA0, 0x13,
	0x82, 0x8B, 0x64, 0x98, 0xC3, 0xC7, 0x0D, 0xB2, 0xD7, 0xAC, 0x8E, 0xB7,
	0xC2, 0x69, 0xA5, 0xAC, 0x39, 0x0B, 0x5E, 0xAD, 0xBA, 0x2D, 0x0B, 0x80,
	0x17, 0xC0, 0x81, 0x7C, 0x31, 0x21, 0x2E, 0x40, 0x1C, 0xD0, 0x1C, 0x1C,
	0xBE, 0xE6, 0x52, 0x71, 0x9F, 0xA2, 0xDF, 0x6A, 0xF9, 0x3C, 0xF3, 0x4B,
	0x79, 0xB4, 0x15, 0xCA, 0x3B, 0x90, 0x4C, 0xE5, 0x9F, 0xA0, 0x6F, 0x06,
	0x72, 0x85, 0x95, 0x59, 0x0B, 0x04, 0x1C, 0x58, 0x3F, 0x36, 0xCD, 0x0F,
	0x27, 0xD4, 0xC2, 0xC5, 0x2D, 0x28, 0x28, 0x60, 0x1C, 0xE1, 0x67, 0x5F,
	0x8A, 0x82, 0x02, 0x03, 0xF2, 0x78, 0xB7, 0x4E, 0xF1, 0x66, 0x20, 0x82,
	0x30, 0xE0, 0x54, 0xD7, 0xF1, 0xC3, 0x63, 0xFC, 0xD7, 0x2B, 0xCB, 0xCB,
	0x31, 0x1C, 0xBD, 0x50, 0xB5, 0xA5, 0xA4, 0xAC, 0xA8, 0xF5, 0xC4, 0x4D,
	0xC2, 0x88, 0xAC, 0x4E, 0xF1, 0x6A, 0x7A, 0x9D, 0xC3, 0xCC, 0x55, 0x9F,
	0x7A, 0xB4, 0xC6, 0xFA, 0x5C, 0x2E, 0xC9, 0x00, 0xF1, 0x69, 0xED, 0x99,
	0xF8, 0xEF, 0xD0, 0xF5, 0x72, 0xC6, 0x0D, 0xFA, 0x5C, 0x36, 0xB9, 0x00,
	0xF1, 0x69, 0xED, 0x97, 0x3D, 0x03, 0x7A, 0x9F, 0x7A, 0x8E, 0x86, 0x79,
	0x9F, 0xA2, 0xDE, 0xB6, 0x0E, 0xB9, 0x21, 0xDC, 0x37, 0x64, 0x1F, 0x97,
	0x7A, 0xC6, 0x45, 0x0A, 0xD7, 0x2B, 0x83, 0x4E, 0xF1, 0xE9, 0x5A, 0xE3,
	0x70, 0xDB, 0x8C, 0x90, 0xF8, 0xFE, 0x05, 0xB2, 0xD7, 0x67, 0x0E, 0x0B,
	0xB9, 0x25, 0x2C, 0x79, 0x68, 0xA8, 0xD9, 0xCA, 0x2A, 0x82, 0x84, 0xD7,
	0x9F, 0x63, 0x08, 0x85, 0x19, 0x26, 0x58, 0xE3, 0xC7, 0x64, 0x94, 0x90,
	0xFE, 0xDE, 0x05, 0xB2, 0xD7, 0x63, 0x08, 0x13, 0xA1, 0x21, 0x20, 0xC7,
	0x37, 0x64, 0x5F, 0x97, 0x7A, 0xC6, 0x49, 0x39, 0xAA, 0x63, 0xC2, 0xC3,
	0xB6, 0x96, 0x98, 0xE3, 0xC7, 0x7F, 0x54, 0x90, 0xFD, 0x3E, 0x0A, 0xB2,
	0xD7, 0x63, 0x08, 0x4B, 0x31, 0x24, 0xA5, 0x1C, 0x70, 0x65, 0x94, 0xEB,
	0x61, 0x8E, 0x86, 0xB7, 0xBB, 0x05, 0x83, 0x4E, 0xB9, 0xE2, 0xA8, 0xB1,
	0x75, 0xE0, 0x54, 0x60, 0xAA, 0x8A, 0x86, 0x87, 0x73, 0x66, 0x83, 0x4E,
	0x75, 0xA9, 0xD0, 0x1F, 0x75, 0x6B, 0xA0, 0xD7, 0xF1, 0xC3, 0x43, 0x9C,
	0xD7, 0x2B, 0xCB, 0xC5, 0x3A, 0x25, 0x2C, 0x69, 0x60, 0x1F, 0x84, 0x1B,
	0xBA, 0xC9, 0x89, 0x21, 0xD7, 0x2B, 0x83, 0x06, 0x7A, 0x6C, 0x93, 0x32,
	0x38, 0xE0, 0x1C, 0x12, 0x31, 0x39, 0x44, 0xB1, 0x18, 0x62, 0x08, 0xB9,
	0x0E, 0xB9, 0x21, 0xDC, 0x4C, 0x9C, 0x1C, 0x16, 0x67, 0xF1, 0x22, 0xB2,
	0xD7, 0x6A, 0x08, 0x99, 0xB9, 0xE2, 0x6E, 0x58, 0xB1, 0xDD, 0x66, 0xB0,
	0x7A, 0xC6, 0xE5, 0x97, 0x21, 0xD4, 0x7C, 0xCA, 0x31, 0x1D, 0xFA, 0x9F,
	0xF2, 0x1F, 0x11, 0x1A, 0x85, 0xB2, 0x21, 0xBD, 0x61, 0x28, 0xC2, 0xF6,
	0xF9, 0x69, 0xA5, 0x1C, 0x0B, 0x30, 0xDF, 0x55, 0xF1, 0x04, 0x2E, 0x7D,
	0x06, 0xC3, 0x74, 0x97, 0x70, 0x88, 0x85, 0x9F, 0x80, 0x0D, 0xDF, 0x4E,
	0x49, 0x16, 0x41, 0x99, 0x10, 0x5E, 0x64, 0x06, 0xF2, 0xB6, 0xED, 0x37,
	0xCF, 0x95, 0x80, 0x68, 0xA8, 0x4F, 0x18, 0x6F, 0xF9, 0x2B, 0x83, 0xC5,
	0xF4, 0xBE, 0x8B, 0x1C, 0x38, 0x65, 0x94, 0xEA, 0x63, 0x8E, 0x86, 0xBF,
	0x33, 0x05, 0x83, 0x4E, 0x4B, 0x24, 0xC8, 0x5F, 0x55, 0x1F, 0x41, 0x6E,
	0x66, 0xC6, 0x0D, 0xFE, 0x5E, 0x0E, 0x51, 0x60, 0xF1, 0x69, 0xE8, 0x99,
	0xCE, 0x94, 0x5C, 0xD6, 0xF1, 0x08, 0xE5, 0xE7, 0xD9, 0x2B, 0x83, 0xA6,
	0xC5, 0x94, 0x5A, 0xE3, 0x79, 0x5E, 0x19, 0xC5, 0x7A, 0xC6, 0x45, 0x37,
	0x17, 0x24, 0x07, 0x7A, 0xF0, 0x69, 0xA5, 0xF4, 0x18, 0x1D, 0xAB, 0x60,
	0x32, 0x4D, 0xD5, 0xFA, 0x52, 0xEB, 0x8C, 0xCA, 0xD2, 0x68, 0xA5, 0x1C,
	0x70, 0x6B, 0x41, 0xEE, 0x57, 0xC6, 0x0D, 0xFA, 0x5C, 0xE3, 0x7C, 0x9C,
	0x75, 0xA9, 0xAA, 0x98, 0x3F, 0xE1, 0x54, 0x9F, 0x1C, 0x82, 0x34, 0x81,
	0xD8, 0xAE, 0x7E, 0x4E, 0xF1, 0x69, 0xED, 0x7F, 0x4B, 0xDC, 0x1C, 0x14,
	0x7F, 0x89, 0x20, 0xB2, 0xD7, 0x63, 0x80, 0xBD, 0xB9, 0xE2, 0x6B, 0xE3,
	0xE8, 0x64, 0x94, 0x90, 0xFE, 0x24, 0x0D, 0xB2, 0xD7, 0xAA, 0xBD, 0x1E,
	0xB4, 0x69, 0xA5, 0x13, 0xBD, 0x36, 0x54, 0x9F, 0x7A, 0x82, 0x02, 0x05,
	0xB1, 0x3F, 0xC6, 0x7D, 0x1C, 0x25, 0xA6, 0xFA, 0x7D, 0xEF, 0xE3, 0x62,
	0x1C, 0x82, 0x36, 0xDC, 0xD1, 0x24, 0x00, 0x5E, 0xF3, 0x69, 0xA5, 0x5D,
	0x37, 0x57, 0x93, 0xD7, 0xF7, 0xCA, 0x8D, 0xF3, 0x20, 0x6F, 0x4F, 0x72,
	0xF1, 0x69, 0xA5, 0x3C, 0x37, 0x64, 0xD9, 0x9F, 0x7A, 0xC6, 0x4C, 0x39,
	0x93, 0xE7, 0xA3, 0x02, 0x7C, 0x64, 0x13, 0x0A, 0x38, 0xE0, 0x11, 0x14,
	0x16, 0x0A, 0x29, 0xFE, 0x5A, 0x2E, 0x39, 0x6E, 0xF1, 0x69, 0xE9, 0x1F,
	0xD3, 0x69, 0x11, 0xCF, 0x33, 0x4D, 0xC0, 0x39, 0x07, 0xC3, 0xA9, 0xB4,
	0x0E, 0x96, 0xED, 0x99, 0xF8, 0x94, 0x75, 0xD3, 0x19, 0xB6, 0x0E, 0xFB,
	0x54, 0xED, 0x8B, 0x02, 0xF2, 0x99, 0xD1, 0x08, 0x70, 0x6B, 0x51, 0x5E,
	0x56, 0xC6, 0x0D, 0xFB, 0x5C, 0xE5, 0x7C, 0x9E, 0x75, 0xA9, 0xAA, 0x99,
	0xBF, 0xE1, 0x54, 0x9F, 0xF1, 0x93, 0x5D, 0xFE, 0x5A, 0x26, 0xF9, 0x58,
	0xF1, 0x69, 0xE9, 0x91, 0x3D, 0x63, 0x74, 0x9F, 0x7A, 0x8F, 0x86, 0x7F,
	0x3F, 0xC0, 0x7A, 0xB1, 0x0E, 0x21, 0x20, 0xDC, 0x4C, 0xC1, 0x18, 0xFC,
	0x0A, 0xC5, 0x44, 0x31, 0x11, 0x2C, 0xCF, 0x4D, 0x01, 0x1D, 0xB1, 0x54,
	0xB3, 0xE5, 0xD6, 0xB3, 0x7A, 0xC6, 0x44, 0x39, 0x19, 0xD4, 0x53, 0xCA,
	0x31, 0x66, 0x20, 0x54, 0x39, 0xE0, 0x54, 0xF9, 0x3E, 0xC5, 0xF2, 0xD4,
	0x93, 0x10, 0xFD, 0x48, 0xFE, 0xEB, 0xE8, 0xE3, 0xC7, 0x1F, 0x11, 0xAC,
	0x9E, 0x87, 0xB3, 0xFF, 0x8D, 0x2B, 0x83, 0xC5, 0x36, 0xEE, 0xA0, 0x89,
	0x08, 0xE0, 0x54, 0x77, 0x96, 0x3D, 0xF2, 0x4D, 0x9F, 0xAE, 0x43, 0x41,
	0x75, 0xB2, 0xA7, 0x1C, 0x38, 0x08, 0x8A, 0x64, 0x85, 0x39, 0x45, 0x39,
	0x27, 0x63, 0x06, 0x8E, 0xFE, 0xED, 0x6F, 0x1E, 0x38, 0xE0, 0x1C, 0x14,
	0x6F, 0xE9, 0x21, 0xB2, 0xD7, 0x63, 0x08, 0x86, 0xB9, 0xE0, 0xA0, 0x69,
	0x08, 0xE0, 0x54, 0x60, 0xA8, 0x42, 0xCD, 0xBD, 0x53, 0x79, 0x82, 0x4E,
	0xF1, 0x0F, 0xE1, 0x25, 0x0E, 0xEF, 0xD1, 0xD7, 0x7B, 0xC6, 0x0D, 0xFE,
	0xB4, 0x4D, 0xBF, 0x06, 0x7A, 0x6C, 0xA3, 0x30, 0x38, 0xE0, 0x18, 0x9C,
	0x9C, 0x8F, 0x86, 0x7E, 0x28, 0xFB, 0xB0, 0x87, 0x75, 0xA9, 0xAA, 0x98,
	0x10, 0xE1, 0x54, 0x9F, 0x3B, 0x47, 0x31, 0x96, 0x87, 0x6E, 0x83, 0x4E,
	0xFE, 0xEC, 0xBF, 0x1D, 0x38, 0xE0, 0x11, 0x90, 0xCD, 0x92, 0x29, 0xA6,
	0x93, 0x24, 0x34, 0xA7, 0xBC, 0x6A, 0x71, 0x50, 0xB1, 0xB5, 0x04, 0xF9,
	0x3B, 0xFD, 0x41, 0x96, 0xD1, 0x24, 0x00, 0xB3, 0xF1, 0x69, 0xA5, 0x5D,
	0x37, 0x57, 0x91, 0xD7, 0xF7, 0xD2, 0x8D, 0xF3, 0x20, 0x6F, 0x51, 0x72,
	0xF1, 0x69, 0xA5, 0x3C, 0x37, 0x64, 0x82, 0x9F, 0x7A, 0xC6, 0x4C, 0x39,
	0x9B, 0xF9, 0xA7, 0x02, 0x7C, 0x64, 0xB3, 0x09, 0x38, 0xE0, 0x15, 0x14,
	0x2E, 0x14, 0x2D, 0xFE, 0x5A, 0x2E, 0x05, 0x51, 0xF1, 0x69, 0xED, 0x1F,
	0xF6, 0x08, 0xB6, 0x67, 0x85, 0x39, 0x45, 0x39, 0x0F, 0x63, 0x06, 0x8E,
	0xFE, 0xED, 0x03, 0x1C, 0x38, 0xE0, 0x15, 0x20, 0x7D, 0xC6, 0x0D, 0xB2,
	0x92, 0xA0, 0x74, 0x06, 0x7A, 0x7C, 0xD3, 0x37, 0x38, 0xE0, 0x1D, 0xFC,
	0xB5, 0x8E, 0x0E, 0x79, 0x28, 0xF9, 0x07, 0x8E, 0x85, 0x46, 0xED, 0x97,
	0x2D, 0x83, 0x7F, 0x9F, 0x7A, 0x87, 0x80, 0xF5, 0xD3, 0x63, 0xE0, 0x86,
	0xB9, 0x6A, 0x6E, 0xE3, 0xEA, 0xD3, 0x9D, 0x1B, 0xBA, 0xB2, 0x1B, 0xF3,
	0x57, 0x17, 0x9D, 0xF4, 0x84, 0x66, 0xE4, 0x9C, 0x44, 0xFE, 0x55, 0xDF,
	0x0F, 0xC1, 0x4C, 0x8A, 0x9B, 0x35, 0x81, 0x3A, 0xCB, 0x2D, 0xA6, 0xE3,
	0x74, 0xE3, 0xA3, 0xDE, 0xF9, 0x39, 0x19, 0xCE, 0x65, 0xC0, 0xCE, 0x0B,
	0xC2, 0x8D, 0xE9, 0x95, 0x0D, 0xBB, 0x7B, 0x9F, 0x7A, 0x8E, 0x80, 0xE7,
	0x87, 0x67, 0x0A, 0x2B, 0xA1, 0x20, 0x2E, 0xD2, 0x7D, 0x6D, 0x10, 0xBB,
	0x72, 0x2E, 0x7B, 0xBA, 0xD7, 0x2B, 0x6A, 0xE8, 0x0F, 0x96, 0x5A, 0x59,
	0x0B, 0x04, 0xBD, 0x3B, 0x84, 0x39, 0xF2, 0xFA, 0xB4, 0x68, 0x80, 0x06,
	0x72, 0xAA, 0xA2, 0x54, 0x3B, 0x38, 0x20, 0x8B, 0x32, 0x4D, 0x08, 0x5F,
	0xFD, 0x2B, 0x83, 0x06, 0x7A, 0xA2, 0x5A, 0xCC, 0xBC, 0x20, 0x5B, 0x1A,
	0x2C, 0xC5, 0x0D, 0xB2, 0x9B, 0xA0, 0xD6, 0x1E, 0x97, 0x2D, 0xA6, 0xF3,
	0x5E, 0xA5, 0x6F, 0xF3, 0x5E, 0xC0, 0x02, 0x30, 0xD4, 0xD4, 0x7C, 0xB1,
	0xB4, 0x5A, 0x41, 0x55, 0xB3, 0x3C, 0x1C, 0x14, 0x7F, 0x79, 0x27, 0xB2,
	0xD7, 0x63, 0x08, 0x80, 0xB9, 0xE0, 0xB8, 0x09, 0x17, 0xE0, 0x54, 0x60,
	0xAA, 0x42, 0xCD, 0xBD, 0x53, 0xD4, 0x83, 0x4E, 0xF1, 0xD1, 0xE8, 0x46,
	0x38, 0xE0, 0x32, 0xA6, 0x7C, 0xC9, 0x88, 0x43, 0xD7, 0x2B, 0x83, 0x02,
	0x92, 0x1F, 0x99, 0x54, 0xB3, 0xE5, 0xC6, 0xB5, 0x7A, 0xC6, 0x41, 0xB1,
	0x21, 0x62, 0x08, 0x80, 0x0E, 0xB9, 0x21, 0xDC, 0x37, 0x64, 0x82, 0x9F,
	0x7A, 0xC6, 0x4C, 0x33, 0xE9, 0x7B, 0xC6, 0x4E, 0xF1, 0x66, 0x20, 0xD5,
	0x38, 0xE0, 0x54, 0xDA, 0x75, 0x71, 0x5B, 0xA6, 0x92, 0x24, 0x34, 0xA2,
	0xBC, 0x6A, 0x73, 0x50, 0xB1, 0xB5, 0x04, 0xF9, 0x3F, 0xFD, 0x6B, 0xB4,
	0xD8, 0xA8, 0x2D, 0x4E, 0xF1, 0x69, 0xE4, 0x13, 0x8F, 0x25, 0x1C, 0x12,
	0x6E, 0x46, 0x4C, 0x45, 0x93, 0xF9, 0xBF, 0x4E, 0xF1, 0x69, 0x85, 0x13,
	0xBC, 0x68, 0x54, 0x9F, 0x7A, 0x87, 0x86, 0xFE, 0x05, 0x0F, 0xCF, 0xC3,
	0xFC, 0xCE, 0xB6, 0x1C, 0x38, 0xA1, 0xDF, 0xCB, 0xA8, 0xE6, 0x41, 0x3F,
	0xD2, 0x30, 0x9D, 0x4E, 0xF1, 0x21, 0xA6, 0xD2, 0xD0, 0x93, 0xA3, 0x60,
	0x85, 0x8E, 0x86, 0x6A, 0x9F, 0xAE, 0x43, 0x3A, 0xAD, 0xD1, 0xA2, 0x1C,
	0x38, 0xE0, 0x10, 0x14, 0x82, 0x82, 0x86, 0x52, 0x9F, 0xA0, 0x96, 0x47,
	0xDB, 0x69, 0xA5, 0x55, 0x5B, 0x2F, 0x1C, 0x9C, 0xB1, 0x39, 0xDF, 0x36,
	0x17, 0x5F, 0xAC, 0x06, 0x7A, 0x7C, 0x53, 0x35, 0x38, 0xE0, 0x15, 0x12,
	0x3D, 0xC2, 0x45, 0xD1, 0x1F, 0x63, 0x80, 0x85, 0x0E, 0xBB, 0x21, 0xDC,
	0x4C, 0xF8, 0x16, 0x15, 0x7E, 0xE5, 0x31, 0x08, 0xA3, 0x2F, 0xBF, 0x0F,
	0x84, 0x65, 0xE7, 0x9C, 0x44, 0xC3, 0x55, 0xDF, 0x75, 0x42, 0x41, 0xB0,
	0xD7, 0x2B, 0xC7, 0x4D, 0x0E, 0x25, 0xA6, 0xFB, 0x79, 0x63, 0xAB, 0x8B,
	0x06, 0x74, 0x48, 0x81, 0x33, 0x67, 0x08, 0x1B, 0xA1, 0x0F, 0xE1, 0x1F,
	0xD7, 0x86, 0x11, 0xA4, 0x14, 0xC0, 0x02, 0x30, 0x85, 0xD4, 0x7C, 0xB1,
	0xB8, 0xE2, 0x79, 0x54, 0xB3, 0xED, 0x56, 0xB1, 0x7A, 0xC6, 0x45, 0x3B,
	0xCA, 0x28, 0xAD, 0x4E, 0xF1, 0x21, 0x20, 0xD5, 0x4C, 0xEB, 0xBC, 0x8A,
	0x8B, 0x39, 0xF2, 0x3B, 0xD2, 0xE4, 0xAE, 0x4E, 0xF1, 0x21, 0x2E, 0x11,
	0xD4, 0xCD, 0x54, 0x9F, 0x32, 0x43, 0xC4, 0xC6, 0xDC, 0xC3, 0x7D, 0xBE,
	0x0E, 0x96, 0x2C, 0x19, 0x84, 0xCD, 0x54, 0x9F, 0xF1, 0x01, 0x8A, 0xB7,
	0x13, 0x06, 0x83, 0x4E, 0x19, 0x6A, 0x5C, 0xE3, 0xC7, 0xA8, 0xD1, 0x5F,
	0x75, 0x42, 0x20, 0xB0, 0xD7, 0x2B, 0x6B, 0xBB, 0x09, 0x96, 0x5A, 0x54,
	0xB3, 0x10, 0x1C, 0x1A, 0xBA, 0xC9, 0x89, 0xA5, 0xD5, 0x2B, 0x83, 0x06,
	0x7A, 0x7C, 0xE3, 0x35, 0x38, 0xE0, 0x1C, 0x14, 0xB2, 0x39, 0xDF, 0x36,
	0x17, 0x24, 0x07, 0xB8, 0xF0, 0x69, 0xA5, 0xA4, 0x75, 0xBA, 0x54, 0x9F,
	0x1C, 0xFF, 0x0B, 0xBD, 0x52, 0xC3, 0x82, 0x4E, 0xF1, 0x21, 0xC6, 0x42,
	0x04, 0xA8, 0xDF, 0x9A, 0x5A, 0xEF, 0x0D, 0xB2, 0x9F, 0x28, 0x5D, 0x06,
	0x7A, 0xA2, 0x5A, 0xCC, 0xBC, 0x20, 0x5B, 0x1B, 0xB7, 0xC7, 0x0D, 0xB2,
	0x56, 0x10, 0xD3, 0x0B, 0xF1, 0x69, 0xAA, 0x99, 0xF9, 0xE1, 0x54, 0x9F,
	0x3E, 0xC9, 0xBA, 0xD9, 0xC3, 0x6E, 0x8C, 0xF9, 0x0D, 0x25, 0xA6, 0xF7,
	0x5E, 0xA4, 0x6F, 0xFC, 0x7C, 0xC9, 0x8E, 0x18, 0xD6, 0x2B, 0x83, 0x0F,
	0xFE, 0xDE, 0x62, 0x54, 0xB5, 0xEC, 0xD4, 0xDE, 0x8D, 0x82, 0xC0, 0x8E,
	0xD7, 0x2B, 0x83, 0x6E, 0xFE, 0xED, 0x21, 0x1D, 0x38, 0xE0, 0x11, 0x14,
	0x0E, 0x0B, 0x2D, 0xFE, 0x5A, 0x26, 0xB9, 0x5C, 0xF1, 0x69, 0xE0, 0x97,
	0x5C, 0x2D, 0x70, 0xD3, 0xF7, 0xC3, 0xE3, 0xAE, 0xD7, 0x2B, 0xCF, 0x4D,
	0x17, 0x2D, 0x2C, 0x69, 0x68, 0xA9, 0xDF, 0x53, 0x3B, 0x4D, 0xDB, 0x5A,
	0x2B, 0xDE, 0x7C, 0xB1, 0xB9, 0xE2, 0x6D, 0x54, 0xBD, 0x20, 0x21, 0xBA,
	0x36, 0x4B, 0x00, 0xBF, 0xC5, 0x2B, 0x83, 0x0F, 0x7A, 0xBF, 0xE9, 0x91,
	0x3D, 0x27, 0x48, 0x9F, 0x7A, 0x8F, 0x86, 0x7E, 0x3F, 0xF0, 0x76, 0xB1,
	0x0E, 0x21, 0x2E, 0xD4, 0x70, 0x65, 0x94, 0x90, 0xFE, 0xEC, 0x0C, 0xB2,
	0xD7, 0x67, 0xE0, 0x3F, 0xF2, 0x20, 0x26, 0xDA, 0x3F, 0xAC, 0x57, 0x6E,
	0x75, 0x42, 0x14, 0xB3, 0xD7, 0x2B, 0xCB, 0xC5, 0xF4, 0x0E, 0x8D, 0x1C,
	0x38, 0xA9, 0xDF, 0x51, 0x85, 0x16, 0x89, 0x72, 0xD8, 0xAF, 0x86, 0x4F,
	0xF1, 0x69, 0xED, 0x97, 0x3D, 0xB3, 0x7C, 0x9F, 0x7A, 0x8F, 0x86, 0xBC,
	0x28, 0xFB, 0x07, 0x8E, 0xFE, 0xED, 0x54, 0x1C, 0x38, 0xE0, 0xDF, 0xCA,
	0x2A, 0x8A, 0x80, 0xBF, 0x7B, 0x3A, 0x83, 0x4E, 0xBD, 0xE4, 0xA0, 0x71,
	0x24, 0xE0, 0x54, 0xD6, 0xF1, 0x0A, 0xE5, 0xCF, 0x22, 0xD4, 0x7C, 0x06,
	0x7A, 0xA1, 0x1F, 0x1B, 0x38, 0xE0, 0x54, 0x12, 0x38, 0x3A, 0x45, 0x37,
	0x1E, 0x5E, 0xB3, 0xC5, 0xA4, 0x39, 0xE9, 0x91, 0x35, 0x13, 0x45, 0x9F,
	0x7A, 0x8A, 0x80, 0xB7, 0x9F, 0x37, 0x83, 0x4E, 0xB8, 0xE2, 0x69, 0xF4,
	0x6C, 0x15, 0xAB, 0x60, 0x32, 0x4D, 0xC5, 0x08, 0xD1, 0x2B, 0x83, 0x4E,
	0xB4, 0x5A, 0x41, 0x91, 0x7A, 0x1C, 0x1C, 0x1A, 0xB3, 0xC9, 0x89, 0x29,
	0xD7, 0x2B, 0x83, 0x02, 0x92, 0x4D, 0xAD, 0x50, 0x3B, 0x02, 0x18, 0x9C,
	0x9B, 0xC9, 0x89, 0x3A, 0xD7, 0x2B, 0x83, 0x06, 0x7A, 0x6C, 0x73, 0x3B,
	0x38, 0xE0, 0x1D, 0x14, 0xB6, 0x39, 0xDD, 0x36, 0x17, 0x5F, 0xFB, 0x07,
	0x7A, 0x67, 0xED, 0x95, 0x35, 0xD3, 0x78, 0x9F, 0x7A, 0x87, 0x86, 0xB6,
	0xF3, 0x6E, 0xB0, 0xAA, 0x78, 0x6C, 0x8B, 0x30, 0x38, 0xE0, 0x1C, 0x1A,
	0xB3, 0xB2, 0x1A, 0x39, 0xD2, 0x08, 0xAF, 0x4E, 0xF1, 0xEC, 0x65, 0x68,
	0x35, 0x6B, 0x51, 0x86, 0x56, 0xC6, 0x0D, 0x8F, 0xD7, 0x2B, 0x83, 0x4F,
	0x83, 0x3E, 0xE9, 0x95, 0x1D, 0xE3, 0x78, 0x9F, 0x7A, 0x82, 0x84, 0x97,
	0xD3, 0x07, 0x83, 0x4E, 0x1A, 0x51, 0xE0, 0x2F, 0xDC, 0x09, 0xE8, 0x63,
	0x85, 0x39, 0x45, 0xD1, 0x94, 0x28, 0xC6, 0x7D, 0x15, 0x21, 0x26, 0xDF,
	0x3F, 0xA8, 0x57, 0x47, 0x75, 0x42, 0xA2, 0x4F, 0x28, 0xD4, 0xCB, 0xC5,
	0xF4, 0x0E, 0x82, 0x1C, 0x38, 0xA8, 0xDF, 0x54, 0x85, 0x16, 0x89, 0x72,
	0xD8, 0xAE, 0x32, 0xB3, 0x0E, 0x96, 0x4C, 0x8A, 0xC5, 0x1F, 0xAB, 0xDA,
	0x49, 0x22, 0x6B, 0xF6, 0xD4, 0xD4, 0xE5, 0x0A, 0xCA, 0x12, 0xA3, 0x13,
	0xBA, 0xB6, 0xAA, 0x60, 0x85, 0x2E, 0x5B, 0xB5, 0xD7, 0x2B, 0x08, 0x89,
	0x76, 0x6C, 0x17, 0x37, 0x38, 0xE0, 0xBC, 0xD6, 0x7D, 0xC6, 0x0D, 0xF6,
	0x5C, 0x2E, 0xE9, 0x08, 0xF1, 0x69, 0x2E, 0x49, 0x70, 0x21, 0xB6, 0x9D,
	0x3F, 0x43, 0xCD, 0xBD, 0x92, 0x3E, 0xD9, 0x08, 0xF1, 0x69, 0x20, 0xCE,
	0x4C, 0xF5, 0x1C, 0x14, 0x37, 0x3E, 0xE5, 0x0F, 0xD6, 0x2B, 0x83, 0xCA,
	0x31, 0x1D, 0xAD, 0x97, 0xFF, 0x67, 0x51, 0xAE, 0x51, 0xC6, 0x0D, 0xFA,
	0x5C, 0x66, 0xDB, 0x06, 0x74, 0xA0, 0xD1, 0x19, 0xD0, 0xFB, 0xA3, 0x60,
	0x85, 0x2E, 0x8B, 0xB2, 0xD7, 0x2B, 0xCF, 0x77, 0xD4, 0x56, 0x82, 0x1C,
	0x38, 0x94, 0x0A, 0xD7, 0xF1, 0xC3, 0x33, 0x95, 0xD7, 0x2B, 0xCB, 0xCB,
	0x31, 0x1D, 0xF7, 0x50, 0x01, 0xC5, 0x6E, 0xB8, 0x7A, 0xC6, 0x79, 0xFB,
	0xE4, 0xF9, 0xCB, 0xC3, 0xFC, 0x3E, 0x8E, 0x1C, 0x38, 0x1F, 0x84, 0xDA,
	0x49, 0x06, 0x45, 0x3F, 0xC2, 0xF0, 0x73, 0xB1, 0x0E, 0x21, 0x28, 0x11,
	0xBC, 0xCB, 0x54, 0x9F, 0x85, 0xD3, 0x0B, 0x95, 0xD7, 0x2B, 0xCF, 0xC3,
	0xFC, 0x1E, 0x8E, 0x1C, 0x38, 0xA8, 0x93, 0x5D, 0xFA, 0xFA, 0x3B, 0x4C,
	0x96, 0x93, 0x3B, 0x45, 0xF1, 0x69, 0xED, 0x91, 0x35, 0xC3, 0x7F, 0x9F,
	0x7A, 0x39, 0x18, 0x47, 0xF1, 0x2B, 0x83, 0xC9, 0xCC, 0xF6, 0x8E, 0x1C,
	0x38, 0xD3, 0x9D, 0x60, 0x6F, 0xD9, 0x2A, 0xB2, 0xD7, 0x63, 0x08, 0x12,
	0xD5, 0x19, 0xED, 0x9F, 0xFC, 0xD0, 0x15, 0xC0, 0x3B, 0x98, 0x4C, 0xEF,
	0x96, 0x77, 0xDC, 0x10, 0xAC, 0xAA, 0x69, 0xD0, 0x70, 0x69, 0x08, 0xBB,
	0x6A, 0x91, 0x45, 0x31, 0x3B, 0x1B, 0x3C, 0x4F, 0xF1, 0x69, 0xA5, 0x97,
	0xFF, 0x10, 0x5B, 0x2E, 0x47, 0x99, 0x27, 0xB2, 0xD7, 0x18, 0x58, 0xCB,
	0x31, 0x1D, 0xCE, 0x54, 0xB3, 0xE5, 0x9E, 0xB9, 0x7A, 0xC6, 0x45, 0x37,
	0x17, 0x5F, 0xDC, 0xC7, 0xAD, 0x4D, 0xE5, 0x54, 0xB5, 0xB4, 0x70, 0xDF,
	0x32, 0x4B, 0x00, 0xEF, 0xD7, 0x2B, 0x83, 0xB1, 0x21, 0xF9, 0x96, 0xDC,
	0xC8, 0xEF, 0xE5, 0xC3, 0x5E, 0x86, 0x79, 0xF0, 0x9F, 0xA0, 0x86, 0xD7,
	0xD7, 0x69, 0xA5, 0x54, 0xBD, 0x20, 0x20, 0x82, 0x32, 0x4F, 0x51, 0x96,
	0xF7, 0x6E, 0xB0, 0x87, 0xBD, 0xE2, 0xA0, 0x11, 0x12, 0xE0, 0x54, 0xD7,
	0xF1, 0xD3, 0xF3, 0x9B, 0xD7, 0x2B, 0x3A, 0x4D, 0xAF, 0xC4, 0x7B, 0xE3,
	0xE8, 0xD2, 0x94, 0x74, 0x62, 0xF5, 0xCD, 0xBD, 0xF4, 0xEB, 0x8C, 0x6D,
	0x39, 0x66, 0x86, 0xCC, 0x37, 0xC3, 0x8C, 0x90, 0x59, 0x3E, 0xBD, 0xB3,
	0x3C, 0x28, 0xC3, 0xC4, 0x36, 0x21, 0x2E, 0x40, 0x1C, 0xA8, 0x1C, 0x1C,
	0xBE, 0xF6, 0x52, 0x71, 0x9F, 0xA2, 0xDF, 0x6A, 0xF9, 0x28, 0xAA, 0x3D,
	0xFA, 0xA1, 0x5B, 0xBE, 0xB1, 0x87, 0x02, 0x93, 0x06, 0x6A, 0x8C, 0x6F,
	0x29, 0x21, 0x2E, 0x09, 0x8C, 0xC9, 0x54, 0x9F, 0x49, 0x1D, 0x45, 0x39,
	0xD2, 0x98, 0xAA, 0x4E, 0xF1, 0x21, 0xA6, 0xDE, 0x70, 0x65, 0x86, 0xEB,
	0x43, 0x8E, 0x36, 0x70, 0xA1, 0x1F, 0xCF, 0x75, 0x23, 0x1B, 0xA0, 0x50,
	0x03, 0x30, 0x26, 0x81, 0x36, 0xFD, 0xD7, 0xC0, 0xD2, 0x67, 0xB8, 0x96,
	0x83, 0x7D, 0xE9, 0x27, 0xF2, 0x92, 0x51, 0xD3, 0x41, 0x0E, 0x7F, 0xB8,
	0x9B, 0x10, 0x41, 0x3C, 0xE0, 0x25, 0x9E, 0xDC, 0x4B, 0xEC, 0x1C, 0x1A,
	0xB3, 0xB2, 0x0A, 0x0A, 0xD6, 0x2B, 0x83, 0x4E, 0x76, 0x68, 0xAA, 0x3F,
	0xFB, 0xEF, 0x77, 0x54, 0x75, 0xE5, 0xDE, 0xBD, 0xF4, 0xF0, 0x8C, 0x6D,
	0x0A, 0x21, 0x2E, 0x40, 0x1C, 0xE8, 0x67, 0x5F, 0xB9, 0x0A, 0xC1, 0x7E,
	0x9F, 0xA2, 0xCF, 0x6A, 0xF9, 0x3A, 0xF3, 0x4B, 0x79, 0xB4, 0x15, 0xCA,
	0x3B, 0x90, 0x4C, 0xE5, 0x9F, 0xA8, 0x6F, 0x1E, 0xB9, 0xE2, 0x54, 0x2F,
	0xE3, 0xA8, 0xD1, 0x56, 0x75, 0x42, 0xC6, 0xB3, 0xD7, 0x2B, 0x06, 0x9C,
	0xFE, 0xED, 0x66, 0x1D, 0x38, 0xE0, 0x1C, 0x14, 0x7F, 0xD9, 0x28, 0xB2,
	0xD7, 0xD4, 0x53, 0xCA, 0x31, 0x66, 0x21, 0xAE, 0x39, 0xE0, 0x54, 0x27,
	0x37, 0x9C, 0x0D, 0xB2, 0xB1, 0x12, 0x85, 0x41, 0x74, 0xCD, 0xA4, 0x1C,
	0x38, 0xAC, 0x37, 0xE1, 0x46, 0x8A, 0x0E, 0x4C, 0x9B, 0xA2, 0xFF, 0x6A,
	0xB1, 0x21, 0x2E, 0x19, 0xCC, 0xC4, 0x54, 0x9F, 0x33, 0x4D, 0xC2, 0x4D,
	0x07, 0xAF, 0x43, 0x41, 0x75, 0xED, 0xA4, 0x1C, 0x38, 0xA1, 0xD5, 0xA0,
	0x2A, 0x83, 0x0D, 0xB2, 0xD8, 0xAE, 0xF4, 0x4F, 0xF1, 0x69, 0xE4, 0x13,
	0x8F, 0xB7, 0x40, 0xD6, 0x79, 0x11, 0x45, 0x3B, 0x83, 0x0F, 0xAB, 0x06,
	0x78, 0x3D, 0x81, 0x24, 0x7C, 0xEF, 0xE3, 0x6C, 0x1C, 0x4F, 0x91, 0x96,
	0x77, 0x2B, 0x83, 0x4E, 0xB5, 0xE4, 0xC6, 0x1D, 0x5E, 0xA5, 0x6F, 0xE8,
	0x7C, 0xC9, 0x8E, 0xF8, 0xD6, 0x2B, 0x83, 0x0F, 0xFE, 0xDE, 0x63, 0x54,
	0xB5, 0xEC, 0xD4, 0xDB, 0xF1, 0x82, 0xC7, 0x96, 0x9B, 0x28, 0x45, 0x02,
	0x78, 0x2D, 0x81, 0x2C, 0xB3, 0xA4, 0x9E, 0xBF, 0xF3, 0x42, 0x29, 0x1A,
	0xD7, 0x2B, 0x83, 0xCD, 0x09, 0x59, 0xAA, 0x9E, 0x37, 0xE1, 0x54, 0x9F,
	0x3E, 0x4D, 0xE6, 0x3B, 0x8B, 0x0F, 0xA3, 0x0F, 0x7A, 0xA4, 0xED, 0x9F,
	0xD0, 0xD0, 0x1C, 0xA4, 0xB2, 0xC9, 0x8A, 0x79, 0xD7, 0x2B, 0x83, 0x06,
	0x7A, 0x6C, 0xC3, 0x38, 0x38, 0xE0, 0x1E, 0x12, 0x46, 0xC7, 0x45, 0x39,
	0x18, 0xD4, 0x53, 0xCA, 0x31, 0x1C, 0xA0, 0xF5, 0xA0, 0xE0, 0x54, 0x9F,
	0x32, 0x4B, 0x42, 0xA2, 0x9F, 0xA0, 0x86, 0x07, 0xD5, 0x69, 0xA5, 0xE3,
	0xE8, 0x64, 0x94, 0xEB, 0x90, 0x4D, 0x4A, 0xA2, 0xEA, 0x78, 0xCC, 0x06,
	0xA6, 0x1C, 0x45, 0x54, 0xB5, 0xAF, 0x40, 0xD7, 0xF1, 0xC3, 0x23, 0x96,
	0xD7, 0x2B, 0x7C, 0x9E, 0x75, 0xA9, 0xD1, 0xD3, 0xB3, 0xA7, 0x40, 0xDE,
	0x41, 0x02, 0x78, 0x75, 0x9F, 0xA0, 0x86, 0x57, 0xD5, 0x69, 0xA5, 0x54,
	0xB3, 0x2F, 0xAB, 0x4F, 0xFE, 0x06, 0x79, 0x05, 0x9F, 0xA0, 0xC4, 0x56,
	0xB9, 0xE2, 0xEA, 0x3C, 0x70, 0x5A, 0x54, 0x9F, 0x7A, 0xC6, 0x0D, 0x32,
	0x28, 0xD4, 0xCB, 0x75, 0x33, 0x1F, 0x98, 0x54, 0xC7, 0x29, 0x1C, 0x1E,
	0x83, 0x38, 0xF2, 0x2D, 0xD7, 0x5C, 0xB2, 0x06, 0x78, 0x54, 0x5B, 0x3B,
	0x38, 0xE0, 0x93, 0xD8, 0x52, 0x92, 0x43, 0xF7, 0x84, 0x6F, 0x0A, 0x29,
	0xDD, 0x21, 0x2E, 0x13, 0x70, 0x69, 0x59, 0x6E, 0x5D, 0xC6, 0x0D, 0xBD,
	0xE6, 0x63, 0x42, 0xAC, 0xD1, 0x21, 0xAE, 0xDE, 0x70, 0x69, 0x51, 0x76,
	0x5D, 0xC6, 0x0D, 0xF3, 0x5D, 0xEF, 0x68, 0x15, 0xB0, 0xEA, 0x60, 0x18,
	0x7C, 0x69, 0x38, 0xBB, 0x5A, 0x8A, 0x86, 0xF6, 0xF3, 0x1B, 0x08, 0xCA,
	0xD5, 0xC1, 0xA5, 0x1C, 0x38, 0x09, 0x71, 0x60, 0x85, 0x39, 0x45, 0x39,
	0x83, 0x0F, 0xAB, 0xA5, 0xD7, 0x5A, 0x7E, 0x58, 0xB5, 0x83, 0x55, 0xD7,
	0xF1, 0x72, 0x29, 0x22, 0xD7, 0x2B, 0x83, 0x0A, 0xFE, 0xDE, 0x11, 0x38,
	0x98, 0xE0, 0x54, 0x9F, 0x32, 0x4D, 0x59, 0x96, 0xEF, 0x63, 0x0A, 0x1A,
	0xD5, 0x41, 0xE9, 0x97, 0x44, 0xC4, 0x14, 0xF9, 0x3F, 0xC5, 0xF9, 0xD4,
	0x93, 0xA2, 0x37, 0x6A, 0x51, 0x69, 0xA5, 0x1C, 0xD1, 0x4B, 0xAA, 0x60,
	0x85, 0xF4, 0xCD, 0xFA, 0x54, 0xEF, 0xD3, 0x0F, 0xAE, 0x28, 0xFB, 0x5D,
	0x65, 0xA1, 0x08, 0xC0, 0x24, 0x9D, 0xCE, 0x7E, 0x9F, 0xA2, 0xDF, 0x6A,
	0xE1, 0x3E, 0xED, 0x9F, 0xD4, 0xD0, 0xEB, 0x9E, 0x7A, 0xC6, 0x0D, 0x39,
	0x10, 0xDB, 0x8C, 0xFF, 0xCC, 0x1E, 0x82, 0x1C, 0x38, 0x65, 0x94, 0x90,
	0xFE, 0x4F, 0x0D, 0xB2, 0xD7, 0x63, 0x08, 0x4B, 0x91, 0x4E, 0xA5, 0x1C,
	0x70, 0x65, 0x94, 0xEB, 0x07, 0x8E, 0x86, 0xB7, 0xCB, 0x08, 0x83, 0x4E,
	0xB9, 0xE2, 0xA8, 0x51, 0x1F, 0xE0, 0x54, 0x60, 0xAA, 0x42, 0xCD, 0xC6,
	0xBE, 0x63, 0x08, 0x43, 0xB1, 0x4E, 0xA5, 0x1C, 0x70, 0x6B, 0x4D, 0xD7,
	0xFF, 0x1D, 0x79, 0xE6, 0x9F, 0xEC, 0xC7, 0x6A, 0xB1, 0x69, 0xA5, 0x1C,
	0x38, 0xA4, 0xD9, 0xD8, 0x7D, 0x8E, 0x80, 0xE6, 0xF3, 0x6B, 0xCB, 0xC5,
	0xFC, 0x76, 0x82, 0x1C, 0x38, 0x08, 0x1E, 0x9F, 0x7A, 0xC6, 0x89, 0x72,
	0xA3, 0x2E, 0xC3, 0xC4, 0x36, 0x82, 0x93, 0x54, 0xB3, 0xE5, 0x06, 0xBC,
	0x7A, 0xC6, 0x45, 0x37, 0x17, 0x5F, 0x9E, 0x06, 0x36, 0x2D, 0x81, 0x3C,
	0x38, 0xE0, 0x54, 0x9F, 0x3F, 0xF5, 0xC4, 0xFE, 0x5C, 0xE8, 0xCB, 0xC5,
	0xE4, 0x86, 0x83, 0x1C, 0x38, 0x59, 0x52, 0xC1, 0xD7, 0x18, 0xF2, 0x62,
	0xE5, 0xEB, 0x68, 0x47, 0x1A, 0x6D, 0x15, 0x1D, 0xD3, 0xE3, 0x14, 0x15,
	0xBD, 0x8E, 0x86, 0xEE, 0xF3, 0x63, 0xCB, 0xCD, 0x35, 0x59, 0xFA, 0xDF,
	0x74, 0x6B, 0x88, 0xD6, 0xF3, 0x9D, 0x05, 0xFB, 0x5E, 0x58, 0x93, 0x07,
	0x78, 0x12, 0xBD, 0x5D, 0x6E, 0xA8, 0xD7, 0x73, 0x4A, 0x8F, 0x86, 0x4A,
	0x9B, 0xA0, 0x71, 0x06, 0x74, 0xA0, 0xAA, 0x98, 0x9E, 0xE0, 0x54, 0x9F,
	0x32, 0x43, 0xDF, 0xBD, 0x53, 0xB6, 0x83, 0x4E, 0xF1, 0x24, 0x20, 0xDC,
	0x37, 0x64, 0xC0, 0x9F, 0x7A, 0xC6, 0x45, 0x39, 0xD2, 0x50, 0xA1, 0x4E,
	0xF1, 0x20, 0x62, 0x5F, 0xD0, 0xE0, 0x54, 0x9F, 0x7A, 0x83, 0x3E, 0x7B,
	0x92, 0x18, 0x43, 0xC5, 0x26, 0x96, 0x75, 0x54, 0xB3, 0x38, 0x1C, 0x1A,
	0xBA, 0xB2, 0x78, 0xF7, 0xE4, 0xEB, 0xB0, 0x9C, 0xB9, 0xE2, 0x6E, 0xE3,
	0x2D, 0x9B, 0x76, 0x9F, 0x7A, 0x8E, 0x86, 0xB7, 0xB3, 0x09, 0x83, 0x4E,
	0x36, 0x2D, 0x81, 0x34, 0x28, 0xE0, 0x54, 0x9F, 0xBD, 0x82, 0x29, 0x92,
	0xD7, 0x2B, 0x83, 0x4E, 0xB4, 0x5A, 0x6C, 0x2F, 0xEA, 0xA5, 0xD9, 0xDE,
	0x7B, 0x8E, 0x86, 0x79, 0x28, 0xFB, 0xCB, 0xC5, 0x01, 0x21, 0x20, 0xDC,
	0x4C, 0xFA, 0x18, 0x14, 0xBD, 0x8F, 0x86, 0x64, 0x9F, 0xA0, 0x4B, 0xA6,
	0x49, 0x6F, 0xA5, 0x1C, 0x70, 0x6B, 0x87, 0xD7, 0xF1, 0x08, 0xF2, 0xA7,
	0xFB, 0x09, 0x83, 0x4E, 0xB9, 0xE2, 0x6E, 0xE3, 0x2D, 0xD3, 0x76, 0x9F,
	0x7A, 0x8E, 0x86, 0x79, 0x28, 0x3E, 0x81, 0x6C, 0xF1, 0x69, 0xED, 0x99,
	0xCE, 0xEF, 0xC1, 0x5F, 0x91, 0xC0, 0x3F, 0x72, 0x3C, 0x29, 0xB1, 0x8E,
	0xB9, 0xE2, 0xF9, 0x38, 0x78, 0xA8, 0xDF, 0xEB, 0x5E, 0x8E, 0x45, 0x39,
	0xAB, 0x0F, 0xD3, 0x06, 0x72, 0xAD, 0x95, 0x5D, 0x66, 0x23, 0x98, 0x53,
	0x32, 0x45, 0xE1, 0xAA, 0x9B, 0xA0, 0x52, 0x0B, 0xC2, 0xA9, 0xED, 0x99,
	0xF1, 0x94, 0x63, 0xD3, 0xF1, 0xCB, 0xCB, 0x90, 0xD7, 0x2B, 0xCE, 0xCB,
	0x38, 0x1D, 0x8E, 0x99, 0xEA, 0x94, 0x73, 0xDB, 0xF3, 0xC2, 0x29, 0xF6,
	0xEC, 0xE9, 0xF0, 0x56, 0xB0, 0xE2, 0x6D, 0x56, 0xB5, 0xE4, 0x45, 0x1F,
	0x42, 0x0A, 0x78, 0xB5, 0x95, 0xAB, 0xBF, 0x47, 0x3D, 0x1C, 0xA8, 0x5D,
	0xC7, 0x20, 0xBF, 0x40, 0x91, 0xC2, 0x3E, 0x72, 0x3C, 0x29, 0xB0, 0x8E,
	0xB9, 0xEA, 0x61, 0x04, 0xFB, 0x2C, 0x98, 0x53, 0x32, 0x43, 0xC4, 0xBD,
	0x53, 0x5B, 0x82, 0x4E, 0xF1, 0x21, 0x2C, 0x40, 0x1C, 0xF8, 0x1C, 0x16,
	0x0E, 0xE2, 0x2D, 0xE5, 0x96, 0x7D, 0xC2, 0x19, 0xB9, 0xE8, 0x49, 0x3C,
	0x39, 0xE0, 0x54, 0xD7, 0xF1, 0x1F, 0x45, 0x39, 0xD2, 0x10, 0xA2, 0x4E,
	0xF1, 0x96, 0x75, 0x98, 0xF8, 0xEF, 0xD0, 0xB1, 0x7B, 0xC6, 0x0D, 0xFA,
	0x5C, 0x60, 0xAB, 0x06, 0x74, 0xA0, 0xAA, 0x98, 0x19, 0xE1, 0x54, 0x9F,
	0x32, 0x4D, 0x08, 0xAF, 0xF6, 0x2B, 0x83, 0xB1, 0x21, 0xED, 0x65, 0x13,
	0xBC, 0xF0, 0x55, 0x9F, 0x7A, 0x8E, 0x86, 0xF1, 0xFF, 0x63, 0x08, 0x16,
	0xC1, 0x21, 0x20, 0xC7, 0x37, 0x64, 0xAB, 0x9F, 0x7A, 0xC6, 0x45, 0x39,
	0xD2, 0xD0, 0xA3, 0x4E, 0xF1, 0x21, 0x2E, 0xD7, 0xC7, 0x30, 0xD0, 0x5F,
	0x75, 0x42, 0xE6, 0xB2, 0xD7, 0x2B, 0x3B, 0x03, 0xAB, 0x69, 0xA5, 0x7A,
	0x01, 0xE3, 0x5B, 0x1A, 0xA7, 0xC6, 0x0D, 0xB2, 0x9F, 0x48, 0xF8, 0x72,
	0xB9, 0x6A, 0x5E, 0x54, 0xB3, 0xE5, 0x86, 0xBF, 0x7A, 0xC6, 0x45, 0x39,
	0x18, 0xD4, 0x53, 0xCA, 0x31, 0x66, 0x21, 0xDC, 0x38, 0xE0, 0x54, 0x1E,
	0x45, 0x96, 0x48, 0xB2, 0xD7, 0x24, 0x06, 0xFA, 0xF1, 0x69, 0xA5, 0x54,
	0xB5, 0x57, 0xEC, 0x9F, 0x7A, 0xC6, 0x86, 0xB4, 0x93, 0xA0, 0x34, 0xF2,
	0xF1, 0x69, 0xA5, 0x99, 0xF8, 0x94, 0x32, 0xDA, 0xFF, 0x30, 0x79, 0xD3,
	0x9B, 0xA6, 0xBF, 0x4D, 0xB9, 0xE2, 0xA0, 0x89, 0x18, 0xE0, 0x54, 0xD6,
	0xF1, 0x09, 0xF2, 0x62, 0x53, 0xEB, 0xF7, 0x65, 0x4A, 0x69, 0xA4, 0x1C,
	0x38, 0xA4, 0xDF, 0x5C, 0x49, 0x14, 0x45, 0x3F, 0x9B, 0x0F, 0xA3, 0xA6,
	0x09, 0x6E, 0xA5, 0x1C, 0x7C, 0xDB, 0xA7, 0xDE, 0x75, 0x84, 0xD3, 0xF6,
	0x5C, 0xE8, 0xCB, 0xC3, 0xA5, 0x4D, 0x85, 0x55, 0xB3, 0x2F, 0xBC, 0x56,
	0x87, 0x39, 0xF2, 0xFA, 0x10, 0xAF, 0xA7, 0x06, 0xF0, 0x69, 0xA5, 0x1C,
	0x38, 0xE0, 0x54, 0xDE, 0xC2, 0xCE, 0x0D, 0xB2, 0xD7, 0x63, 0x0E, 0xDA,
	0xD5, 0x21, 0xA4, 0x1C, 0x38, 0xA8, 0xDF, 0x51, 0x92, 0x61, 0xF0, 0x4D,
	0x28, 0x24, 0xB2, 0x06, 0x30, 0x8B, 0x85, 0x54, 0x33, 0x22, 0x1C, 0x5E,
	0x92, 0xC2, 0x8E, 0x52, 0xD0, 0x63, 0x0E, 0x43, 0x29, 0x7A, 0xA5, 0x1C,
	0xB3, 0xE4, 0xD5, 0x16, 0xFE, 0xE2, 0x4D, 0xB3, 0xD7, 0x2B, 0xCB, 0xC3,
	0xBE, 0x61, 0xE4, 0xA4, 0x3C, 0xE0, 0x54, 0x9F, 0x32, 0x4B, 0x99, 0x96,
	0x97, 0x2A, 0x83, 0x4E, 0x19, 0x06, 0x58, 0xE3, 0xC7, 0x0B, 0x56, 0x74,
	0x7A, 0x8A, 0x80, 0x2E, 0xF3, 0x0B, 0x82, 0x4E, 0xF1, 0x20, 0x2E, 0x47,
	0x08, 0xA9, 0xDF, 0xEC, 0x42, 0x8F, 0x86, 0x51, 0x96, 0x74, 0xC2, 0x10,
	0xAE, 0xAA, 0x69, 0xD0, 0x70, 0x69, 0x08, 0xBB, 0x72, 0x8E, 0x84, 0xC6,
	0xF3, 0x3B, 0xD4, 0x06, 0x72, 0x85, 0x95, 0x54, 0xBB, 0xDD, 0x15, 0xBB,
	0x7A, 0xC6, 0x0D, 0xC6, 0xA2, 0xA0, 0x86, 0x0F, 0xD5, 0x69, 0xA5, 0x99,
	0xF8, 0x94, 0x3F, 0xAC, 0xA1, 0x8E, 0x80, 0x87, 0x63, 0x38, 0x83, 0x4E,
	0x78, 0x35, 0x81, 0x38, 0xB3, 0xE5, 0x7E, 0xBB, 0x7A, 0xC6, 0x36, 0x6A,
	0xA4, 0x79, 0xCB, 0xC3, 0xFD, 0x32, 0xED, 0x97, 0x3D, 0xF3, 0x70, 0x9F,
	0x7A, 0x8E, 0x80, 0x8E, 0x1F, 0x63, 0x08, 0x4B, 0x69, 0x76, 0xA5, 0x1C,
	0x70, 0x6B, 0x9B, 0x60, 0xAA, 0x42, 0xCD, 0xC6, 0xE4, 0x63, 0x08, 0x49,
	0xB9, 0xEA, 0x5D, 0x1E, 0x4A, 0xC6, 0xDF, 0xD0, 0x72, 0x43, 0xC4, 0xC7,
	0xD5, 0xC0, 0x9E, 0x7D, 0x31, 0xE0, 0xE1, 0x38, 0x18, 0x63, 0xAC, 0x98,
	0x09, 0x35, 0x36, 0xBE, 0x11, 0x5E, 0x8A, 0xC5, 0xB5, 0xAF, 0xA1, 0x95,
	0x7F, 0xE8, 0xBF, 0x7A, 0x85, 0x06, 0xE6, 0x57, 0x28, 0xE8, 0x68, 0xEE,
	0x1A, 0x69, 0xED, 0x97, 0x64, 0xC4, 0x14, 0xD7, 0xF1, 0xB2, 0x29, 0xFA,
	0x9F, 0xA8, 0x47, 0x7E, 0xAE, 0xAA, 0x69, 0xD0, 0x70, 0x6B, 0x90, 0xD7,
	0xF3, 0x9E, 0x05, 0xFA, 0x5E, 0x5B, 0x93, 0x06, 0x78, 0x11, 0xBD, 0x50,
	0xB1, 0x90, 0x74, 0xDE, 0x2D, 0x8E, 0x8E, 0x5E, 0xE7, 0x63, 0x08, 0xB7,
	0xB9, 0xEC, 0x6C, 0x68, 0x4C, 0xA8, 0xDF, 0x9A, 0x5A, 0xD9, 0x0D, 0xB2,
	0x28, 0xFB, 0x07, 0x8E, 0x85, 0x0E, 0xED, 0x95, 0x05, 0xE3, 0x77, 0x9F,
	0x7A, 0xF5, 0xD6, 0xFE, 0x5A, 0x16, 0xD9, 0x6E, 0xF1, 0x69, 0x2C, 0x40,
	0x1C, 0xC0, 0xD7, 0x64, 0x66, 0xB5, 0x36, 0xFA, 0x5C, 0x5F, 0x5C, 0x3E,
	0xBD, 0xE4, 0x91, 0x47, 0x73, 0x69, 0x60, 0x68, 0x32, 0x43, 0xFB, 0xC6,
	0xCB, 0x63, 0x08, 0x4B, 0x19, 0x77, 0xA5, 0x1C, 0x70, 0x6B, 0x9A, 0x60,
	0xAA, 0x42, 0xCD, 0xC6, 0xDB, 0x24, 0x93, 0x48, 0x02, 0x2A, 0xAA, 0x63,
	0x7C, 0x17, 0x5C, 0x74, 0x73, 0xC9, 0x5A, 0x72, 0x94, 0x24, 0x92, 0x0A,
	0x06, 0x61, 0x5A, 0xDF, 0xD3, 0x5C, 0xED, 0x9E, 0x7A, 0xC6, 0x0D, 0x35,
	0xDA, 0x98, 0xA1, 0x4E, 0xF1, 0xD9, 0xA4, 0xF7, 0x3E, 0xD2, 0x94, 0x74,
	0x78, 0xF4, 0xCD, 0xFA, 0x5C, 0x77, 0xA7, 0x0E, 0xB9, 0xE2, 0xD1, 0x38,
	0x70, 0xA8, 0xDF, 0xE3, 0x5E, 0x96, 0x41, 0x39, 0xA3, 0x0F, 0xDB, 0x06,
	0x72, 0xAD, 0x95, 0x5D, 0x67, 0x23, 0x98, 0x53, 0x32, 0x4F, 0x51, 0x96,
	0xDF, 0x7C, 0xCB, 0xCD, 0x1D, 0x59, 0x1E, 0x1D, 0x38, 0xE0, 0x54, 0x14,
	0xB9, 0x36, 0x02, 0x03, 0xCA, 0x80, 0xA1, 0x4E, 0xF1, 0x5A, 0x5A, 0x99,
	0xF8, 0xEF, 0xD0, 0x43, 0x7A, 0xC6, 0x0D, 0xFA, 0x5C, 0x26, 0x01, 0x6C,
	0xF1, 0x69, 0xED, 0x99, 0xF1, 0xEF, 0xD0, 0x53, 0x7A, 0xC6, 0x0D, 0xFA,
	0x5C, 0x2E, 0xD9, 0x50, 0xF1, 0x69, 0x5A, 0xCC, 0xBC, 0x20, 0x5B, 0x1B,
	0xC1, 0xC6, 0x0D, 0xB2, 0xD8, 0x1A, 0xCB, 0x8F, 0x13, 0x49, 0xED, 0x17,
	0xFA, 0xA8, 0xDF, 0x57, 0x32, 0x4D, 0x08, 0xE7, 0xF5, 0x2B, 0x83, 0x06,
	0x78, 0x21, 0xAD, 0x54, 0xB3, 0xE5, 0x1E, 0xBD, 0x7A, 0xC6, 0x41, 0x39,
	0xD7, 0x24, 0xB2, 0x06, 0x30, 0x8B, 0x85, 0x54, 0x33, 0x30, 0x67, 0x5F,
	0x8A, 0xC9, 0xBC, 0x8F, 0x87, 0x09, 0x83, 0x4E, 0x84, 0x76, 0xE8, 0x99,
	0xF8, 0x94, 0x42, 0x14, 0xB1, 0x41, 0x00, 0xF3, 0xF5, 0x2B, 0x83, 0x02,
	0x78, 0x6C, 0x83, 0x3E, 0x38, 0xE0, 0x1C, 0x16, 0x6F, 0xE1, 0x2F, 0xB2,
	0xD7, 0xA1, 0x40, 0xA5, 0x99, 0x21, 0x2E, 0x19, 0x2C, 0xC2, 0x54, 0x9F,
	0x36, 0xFD, 0xCD, 0xC6, 0xC5, 0x67, 0x0A, 0x4B, 0xF9, 0x4B, 0xA5, 0x1C,
	0x70, 0x69, 0x41, 0x96, 0x58, 0xC6, 0x0D, 0x38, 0x14, 0xC0, 0xC9, 0x06,
	0x7A, 0x6C, 0x5B, 0x3D, 0x38, 0xE0, 0x1C, 0x14, 0xB0, 0x8E, 0x26, 0x7A,
	0x9E, 0x92, 0x83, 0x4A, 0x9A, 0x9D, 0xB1, 0x1C, 0x38, 0xE0, 0x1D, 0xA4,
	0xB3, 0xB0, 0x2B, 0xFA, 0x5C, 0x2E, 0xB9, 0x50, 0xF1, 0x69, 0xED, 0x99,
	0xF8, 0x94, 0x42, 0xD7, 0xF3, 0x8A, 0x29, 0x92, 0x9B, 0xA0, 0x41, 0x06,
	0x7A, 0x7C, 0x63, 0x3D, 0x38, 0xE0, 0xED, 0x9A, 0x24, 0x6B, 0xD3, 0x4D,
	0x07, 0x19, 0x43, 0xA5, 0xF9, 0x82, 0xA1, 0xAC, 0x39, 0x0B, 0x56, 0x15,
	0xB9, 0x8E, 0x86, 0xEE, 0xF3, 0x6B, 0xCB, 0xCD, 0x35, 0x59, 0xFA, 0xDF,
	0x70, 0x6B, 0x90, 0xD7, 0xF3, 0x9E, 0x05, 0xFA, 0x5E, 0x5B, 0x93, 0x06,
	0x78, 0x11, 0xBD, 0x50, 0xB1, 0x80, 0x74, 0xDE, 0x2F, 0x87, 0x5B, 0xF3,
	0x80, 0x63, 0x00, 0xA2, 0xA1, 0x28, 0x19, 0x1D, 0x38, 0xE0, 0x54, 0xDE,
	0xF1, 0x02, 0xFD, 0xF6, 0xD8, 0x9A, 0xA6, 0x1F, 0xD0, 0x69, 0xA5, 0x99,
	0xF8, 0xEF, 0xD0, 0x72, 0x7A, 0xC6, 0x0D, 0xFA, 0x5C, 0x1E, 0xB9, 0x6F,
	0xF1, 0x69, 0xED, 0x99, 0xCE, 0xEF, 0xD0, 0x42, 0x7A, 0xC6, 0x0D, 0xFA,
	0x5C, 0x2E, 0xB9, 0x53, 0xF1, 0x69, 0xED, 0x97, 0xF6, 0x1F, 0x84, 0x1B,
	0xBA, 0xC9, 0x89, 0x7B, 0xD7, 0x2B, 0x83, 0x7D, 0x2A, 0x25, 0x28, 0x31,
	0x4C, 0xFE, 0x54, 0x9F, 0xF3, 0x9A, 0x29, 0x86, 0x54, 0xD0, 0x9F, 0x41,
	0x72, 0xC4, 0xA5, 0x1C, 0x38, 0xA4, 0xDF, 0x6C, 0x32, 0x4D, 0x71, 0x6C,
	0xA7, 0x67, 0x0E, 0x72, 0xAA, 0x26, 0x2E, 0x58, 0xC5, 0xE0, 0x1D, 0xA4,
	0x82, 0xB2, 0x2B, 0xFA, 0x5C, 0x2E, 0xF9, 0x53, 0xF1, 0x69, 0xED, 0x99,
	0xF8, 0x94, 0x42, 0xD7, 0xBD, 0x82, 0x29, 0x92, 0xD7, 0x2B, 0x83, 0x4E,
	0xBD, 0xE2, 0x6A, 0x5D, 0xB3, 0x36, 0xED, 0x9D, 0x24, 0x6B, 0xD3, 0x4D,
	0x07, 0x19, 0x43, 0xA5, 0x8B, 0x21, 0x20, 0xE3, 0x4C, 0x84, 0x1C, 0x14,
	0x7F, 0x09, 0x11, 0xB2, 0xD7, 0x63, 0x08, 0x81, 0x0E, 0xB9, 0x21, 0xDC,
	0x4C, 0xB4, 0x5B, 0x8F, 0x7D, 0x35, 0x02, 0xCD, 0x93, 0x0F, 0xBB, 0x0B,
	0xC2, 0xA9, 0xE1, 0x95, 0x7C, 0xC4, 0x64, 0xDE, 0xF9, 0x3E, 0x1D, 0xC1,
	0xEA, 0x60, 0x0E, 0x4A, 0x09, 0x2B, 0x2F, 0x58, 0x10, 0xE8, 0x16, 0xA7,
	0x3E, 0xC2, 0x35, 0xC6, 0xFF, 0x63, 0x08, 0x4B, 0xE9, 0x74, 0xA5, 0x1C,
	0x70, 0x65, 0x94, 0xEB, 0x62, 0x82, 0x02, 0x04, 0x9B, 0x0F, 0xBB, 0x02,
	0x78, 0x0D, 0x81, 0x3C, 0x74, 0x6B, 0x93, 0xD6, 0xF1, 0x10, 0xB4, 0xB0,
	0x89, 0x86, 0x5D, 0xB1, 0x21, 0x5B, 0x65, 0xF7, 0x2E, 0xA5, 0x57, 0x5B,
	0x91, 0x7E, 0x4C, 0xB1, 0x0B, 0xC2, 0xC5, 0xB1, 0x0E, 0x96, 0x4E, 0x18,
	0x88, 0xE1, 0xBF, 0x9C, 0x3B, 0x4C, 0xC9, 0xFE, 0x5A, 0x77, 0xA7, 0x1E,
	0xB8, 0xE2, 0xFE, 0x3C, 0x71, 0x6B, 0x27, 0xB7, 0x33, 0x4D, 0x76, 0x82,
	0x9A, 0xA0, 0xE0, 0x76, 0xB8, 0xE2, 0x46, 0x5D, 0x67, 0xA1, 0x0A, 0xDE,
	0x27, 0x05, 0xF2, 0x97, 0x53, 0x20, 0x83, 0x4E, 0x0E, 0x4C, 0x23, 0x17,
	0x38, 0xE0, 0x98, 0x53, 0xB6, 0x0A, 0xC1, 0x7E, 0x97, 0x78, 0xCB, 0xCD,
	0x1D, 0x79, 0x96, 0xDC, 0x0B, 0x29, 0x5B, 0x3D, 0x3E, 0x4D, 0xC5, 0x81,
	0x1E, 0x93, 0x82, 0x4E, 0xF1, 0x69, 0xE0, 0x2E, 0xF8, 0xEF, 0xF6, 0x16,
	0x7E, 0xE2, 0x84, 0xEE, 0xF3, 0x2F, 0x0A, 0x02, 0xD5, 0x61, 0x2C, 0x48,
	0x1C, 0xEC, 0x5B, 0x25, 0x9B, 0xD2, 0x7E, 0x9C, 0x64, 0x23, 0xC7, 0xC4,
	0x32, 0x66, 0x1F, 0xFD, 0x23, 0x93, 0x77, 0x90, 0xC0, 0x27, 0x11, 0xC1,
	0xCA, 0x18, 0x4A, 0x41, 0xF0, 0xB9, 0xED, 0xDD, 0xDA, 0xC0, 0x1C, 0x94,
	0xAA, 0x82, 0x02, 0x04, 0x14, 0xAB, 0x61, 0x48, 0x7C, 0x28, 0xA9, 0x9C,
	0xC2, 0xE6, 0x10, 0x90, 0x3E, 0x06, 0xB5, 0xB5, 0xD7, 0x2B, 0x83, 0x0A,
	0xCA, 0xA1, 0xD9, 0x25, 0x0B, 0x29, 0x5B, 0x3D, 0xF3, 0xC2, 0x29, 0xF3,
	0x5D, 0xEB, 0x8F, 0x4C, 0x78, 0x3D, 0x81, 0x10, 0x37, 0x56, 0x84, 0x90,
	0xC0, 0x25, 0x04, 0xF3, 0xD8, 0x9D, 0x43, 0x41, 0xB2, 0xB9, 0x2C, 0x40,
	0x1C, 0xE4, 0xDD, 0xD3, 0x5E, 0xCE, 0x49, 0x38, 0x15, 0xDD, 0x40, 0x6E,
	0x85, 0x62, 0x53, 0xDE, 0x3C, 0x94, 0x52, 0x1F, 0xB0, 0xD6, 0x49, 0x38,
	0x15, 0x6A, 0x03, 0x86, 0xF0, 0x2D, 0x2D, 0x19, 0x7C, 0xFB, 0x54, 0x9F,
	0x49, 0x06, 0x45, 0x31, 0x13, 0x3B, 0xD8, 0x8D, 0x3D, 0xA5, 0x69, 0xD0,
	0xF4, 0x2C, 0x98, 0x53, 0xB6, 0x0A, 0xC1, 0x7E, 0x1B, 0xE7, 0x4F, 0x82,
	0x3D, 0xA5, 0x69, 0xD0, 0xF4, 0x2C, 0x98, 0x53, 0xB6, 0x0A, 0xC1, 0x7E,
	0x1B, 0xE7, 0x4F, 0x82, 0x3D, 0xA5, 0x69, 0xD0, 0xF4, 0x2C, 0x98, 0x53,
	0xB6, 0x0A, 0xC1, 0x7E, 0x1B, 0xE7, 0x4F, 0x82, 0x3D, 0xA5, 0x69, 0xD0,
	0xF4, 0x2C, 0x98, 0x53, 0xB6, 0x0A, 0xC1, 0x7E, 0x9F, 0xA0, 0x42, 0x07,
	0x72, 0x91, 0xAD, 0x6E, 0x0F, 0xA9, 0xD7, 0x67, 0x6A, 0xB1, 0x1C, 0xFE,
	0x5C, 0x31, 0xC9, 0xC5, 0xA5, 0x6B, 0x5D, 0x50, 0xB1, 0xF9, 0x1E, 0x16,
	0x2E, 0xC7, 0xF5, 0x71, 0x9E, 0xA8, 0x7B, 0x6E, 0x86, 0x33, 0xAA, 0x0C,
	0x3A, 0xA2, 0x5B, 0x8F, 0x36, 0xC4, 0xFD, 0xBD, 0xC6, 0x2A, 0xC1, 0x41,
	0xE0, 0x25, 0xA4, 0xEC, 0xFB, 0xEF, 0x4B, 0x1F, 0x7A, 0xC6, 0x0D, 0xB2,
	0x9A, 0xAE, 0x43, 0x3A, 0xE4, 0x21, 0x8E, 0xCD, 0x4A, 0xF6, 0x10, 0x15,
	0x66, 0xD7, 0x45, 0x4D, 0x16, 0x62, 0x7C, 0x86, 0xB5, 0xE1, 0xFC, 0xE3,
	0x4D, 0x10, 0x97, 0x90, 0x65, 0x82, 0x0D, 0xB2, 0x9E, 0x28, 0x4B, 0x0A,
	0x7B, 0x35, 0xB4, 0xE3, 0x70, 0x1F, 0x9D, 0xD6, 0x85, 0x0E, 0x49, 0x3A,
	0xCE, 0x5E, 0x73, 0x8D, 0x97, 0x0F, 0xC3, 0x7A, 0x37, 0xFF, 0xD0, 0x9F,
	0x7A, 0xC6, 0x0D, 0xB2, 0x99, 0xA6, 0x9F, 0x4C, 0xB9, 0x42, 0x74, 0x6F,
	0x31, 0xAC, 0x6F, 0x46, 0x75, 0x41, 0x63, 0xB3, 0xD7, 0x2B, 0x8C, 0x5E,
	0xF5, 0x78, 0xED, 0x9F, 0xF9, 0xF0, 0xA2, 0x5E, 0x75, 0xB2, 0x1F, 0xFA,
	0x54, 0xCA, 0x73, 0x41, 0xE1, 0x65, 0xB4, 0x13, 0x29, 0xE0, 0x5B, 0xB7,
	0xBB, 0x8E, 0x8E, 0x73, 0xC7, 0x67, 0x80, 0x8E, 0xBD, 0x42, 0x64, 0x51,
	0xB3, 0x28, 0x1D, 0x5E, 0x93, 0xC0, 0x79, 0xDD, 0x9E, 0xAA, 0x7A, 0x4E,
	0xE1, 0x69, 0xA5, 0x13, 0xBF, 0x53, 0x54, 0x9F, 0x7A, 0x8F, 0x8E, 0x52,
	0xE8, 0xC0, 0xAE, 0x28, 0x97, 0x0F, 0xC3, 0x7A, 0x5E, 0x86, 0x5B, 0x80,
	0xFE, 0xC6, 0x0D, 0xB2, 0xD7, 0x2B, 0xE5, 0x28, 0x97, 0x0F, 0xC3, 0x7A,
	0x5E, 0xEF, 0x4B, 0x1B, 0x7A, 0xC6, 0x0D, 0xB2, 0xD7, 0x4D, 0xE5, 0x28,
	0x97, 0x0F, 0xC3, 0x7A, 0x37, 0xFF, 0xD0, 0x9F, 0x7A, 0xC6, 0x0D, 0xB2,
	0xD8, 0x3B, 0x8F, 0x5F, 0xFE, 0x79, 0xF1, 0x0D, 0x28, 0xEF, 0x44, 0xC3,
	0x6B, 0xE6, 0x02, 0xA2, 0xB3, 0x3A, 0xB3, 0x41, 0xD8, 0x28, 0x55, 0x54,
	0xBB, 0x21, 0x14, 0xD6, 0x85, 0x0F, 0x02, 0x9B, 0x9E, 0xEB, 0x8C, 0x67,
	0xA0, 0xB9, 0xAA, 0x35, 0x61, 0x00, 0x5B, 0xB7, 0xBE, 0xB3, 0xDC, 0xFF,
	0x5C, 0xE3, 0xCA, 0x8F, 0x18, 0x6D, 0xD1, 0x05, 0x37, 0xFF, 0xD0, 0x9F,
	0x7A, 0xC6, 0x0D, 0xB2, 0xD8, 0x02, 0xC2, 0xBE, 0xFE, 0x79, 0xA1, 0x0D,
	0x70, 0x63, 0x95, 0x8F, 0x33, 0x39, 0xC4, 0xC7, 0x38, 0x62, 0x00, 0xAE,
	0xFE, 0x1D, 0xAB, 0x52, 0xB5, 0xBC, 0x55, 0x6F, 0x3B, 0xC9, 0x1D, 0xBE,
	0xC4, 0x6A, 0x8C, 0x5F, 0xFA, 0x66, 0x8C, 0x5D, 0xC8, 0x23, 0x32, 0xF9,
	0x1C, 0xA0, 0x6B, 0xD4, 0xB1, 0x24, 0x9C, 0xCA, 0xF1, 0x69, 0xA5, 0x1C,
	0x38, 0xEF, 0x4B, 0x1F, 0x7A, 0xC6, 0x0D, 0xB2, 0x9A, 0xA0, 0x4B, 0x07,
	0x30, 0x80, 0xA3, 0x55, 0xBB, 0x00, 0x6B, 0x90, 0x62, 0x82, 0x1C, 0xF2,
	0x3C, 0x05, 0xE5, 0x28, 0x97, 0x0F, 0xC3, 0x7A, 0x5E, 0xEF, 0x4B, 0x1B,
	0x7A, 0xC6, 0x0D, 0xB2, 0xD7, 0x4D, 0xE5, 0x28, 0x97, 0x0F, 0xC3, 0x7A,
	0x37, 0xFF, 0xD0, 0x9F, 0x7A, 0xC6, 0x0D, 0xB2, 0xB1, 0x4D, 0xE5, 0x28,
	0x97, 0x0F, 0xC3, 0x13, 0x27, 0x64, 0x54, 0x9F, 0x7A, 0xC6, 0x0D, 0x22,
	0xD8, 0x3B, 0x8F, 0x5F, 0xFE, 0x79, 0xF1, 0x0D, 0x28, 0xEF, 0x44, 0xC3,
	0x6B, 0xE6, 0x02, 0xA2, 0xB3, 0x3A, 0xB3, 0x41, 0xDA, 0x28, 0x55, 0x54,
	0xBB, 0x21, 0x14, 0x90, 0x62, 0x82, 0x1C, 0xF2, 0x9E, 0xD4, 0x4A, 0x41,
	0xDA, 0x20, 0x65, 0x13, 0x13, 0xB1, 0x84, 0x90, 0x51, 0x9F, 0xED, 0xBD,
	0xFF, 0xEF, 0xF6, 0x82, 0xFE, 0xC7, 0x5D, 0xF5, 0x0B, 0x1F, 0xAB, 0x60,
	0x75, 0xD9, 0x4D, 0xB2, 0x9E, 0x28, 0x4B, 0x41, 0xE1, 0x2D, 0xB4, 0xEC,
	0x70, 0x63, 0xBD, 0x8F, 0x33, 0x45, 0xE5, 0xA2, 0x21, 0xEA, 0x8C, 0x3A,
	0xE9, 0x25, 0x2E, 0xC5, 0x70, 0x63, 0xB5, 0x6F, 0x75, 0xD6, 0x01, 0xA3,
	0x96, 0x24, 0x92, 0x4D, 0xFE, 0x41, 0x64, 0x50, 0xB3, 0x21, 0x18, 0xB4,
	0xBA, 0x8B, 0x86, 0x7A, 0x9E, 0xEA, 0x6A, 0x48, 0x85, 0x50, 0xEC, 0x9F,
	0xD8, 0xDF, 0xBF, 0x9B, 0x75, 0xD9, 0x4D, 0xB2, 0xD8, 0x3B, 0xCF, 0x5F,
	0x01, 0x66, 0xB5, 0x48, 0x29, 0x00, 0x5B, 0x8F, 0x26, 0xD7, 0xDD, 0xBD,
	0xC7, 0x4F, 0x92, 0x8E, 0xFE, 0x40, 0xA4, 0x54, 0xBB, 0x09, 0x14, 0xD6,
	0x85, 0x0F, 0x02, 0x9B, 0x9E, 0x1B, 0x8C, 0x67, 0xA0, 0x49, 0xAA, 0x35,
	0x61, 0xF0, 0x5B, 0xB7, 0xBE, 0xB3, 0xDC, 0xFF, 0x5C, 0xE3, 0xCA, 0x8F,
	0x18, 0x6D, 0xD1, 0x05, 0x37, 0xFF, 0xD0, 0x9F, 0x7A, 0xC6, 0x0D, 0xB2,
	0xD8, 0x02, 0x82, 0x41, 0xE1, 0x2D, 0xB4, 0xEC, 0x70, 0x63, 0xBD, 0x8F,
	0x33, 0x39, 0xC4, 0xC7, 0x38, 0x62, 0x00, 0xAE, 0xFE, 0x1D, 0xAA, 0x50,
	0xB3, 0x39, 0x19, 0xB4, 0xA2, 0x87, 0x02, 0xA2, 0xDB, 0x38, 0xC2, 0x41,
	0xE0, 0x62, 0xAA, 0x35, 0x39, 0x23, 0x98, 0x53, 0xB6, 0x0A, 0xC1, 0x7E,
	0x1B, 0xE7, 0x4F, 0x82, 0x3D, 0xA5, 0x69, 0xD0, 0xF4, 0x2C, 0x98, 0x53,
	0xB6, 0x0A, 0xC1, 0x7E, 0x9F, 0xA0, 0x42, 0x41, 0x47, 0xBB, 0xEC, 0xA5,
	0x39, 0xE1, 0x55, 0x9E, 0x7B, 0xC7, 0x0C, 0xB3, 0x9E, 0x24, 0x2C, 0x9F,
	0x97, 0x21, 0xAA, 0x72, 0xFA, 0xEF, 0x42, 0x5F, 0x33, 0x45, 0xF5, 0xF2,
	0xA5, 0x45, 0x75, 0x4B, 0xE6, 0x71, 0xA5, 0x1C, 0x3A, 0x94, 0x59, 0xD6,
	0xFB, 0x3E, 0x2D, 0xB1, 0xD7, 0x2B, 0x8C, 0xCD, 0xF9, 0x68, 0xA5, 0x1C,
	0x37, 0xF1, 0x55, 0xD3, 0x79, 0x07, 0x45, 0x31, 0x16, 0x3B, 0xCB, 0xCD,
	0x10, 0x99, 0xE9, 0x37, 0xF9, 0xA9, 0xD7, 0x67, 0x3A, 0xB4, 0x4A, 0xF8,
	0x5A, 0x7F, 0x82, 0xBE, 0xBF, 0xE4, 0xE9, 0x1D, 0xE8, 0xA9, 0xD7, 0x7E,
	0x8A, 0x8F, 0xCC, 0x5A, 0xD1, 0x24, 0xAA, 0x4F, 0xFE, 0x40, 0xE4, 0x0C,
	0x70, 0x63, 0x95, 0xDF, 0x33, 0x39, 0xC5, 0xBD, 0xFE, 0x6A, 0x63, 0x41,
	0xD8, 0x28, 0x55, 0x69, 0xD0, 0xA1, 0x5B, 0xB6, 0x7B, 0x87, 0x02, 0x9B,
	0x96, 0x3B, 0xC2, 0x41, 0xD8, 0x28, 0x85, 0x13, 0x29, 0xE2, 0x97, 0x90,
	0x65, 0x82, 0x0D, 0xB2, 0x9E, 0xA8, 0x7B, 0x5E, 0x83, 0x43, 0xE8, 0x91,
	0x74, 0xE8, 0xA4, 0xD6, 0xF9, 0x26, 0x2D, 0xBD, 0xC6, 0x2A, 0xCA, 0x9F,
	0x19, 0x28, 0xAA, 0x0D, 0x39, 0xA2, 0x5B, 0x8E, 0x7E, 0xC7, 0x44, 0x45,
	0x0F, 0x68, 0x8C, 0x5F, 0xF5, 0x68, 0x66, 0x7A, 0x37, 0xFF, 0xD0, 0x9F,
	0x7A, 0xC6, 0x0D, 0xB2, 0x9E, 0xA8, 0x7B, 0x4A, 0x83, 0x43, 0xE8, 0x91,
	0x74, 0xE8, 0xA8, 0xD6, 0xF9, 0x26, 0x05, 0x3B, 0xC6, 0x62, 0x52, 0xA6,
	0xB0, 0xE0, 0xB4, 0x5E, 0xB1, 0xF4, 0x55, 0xD6, 0x8D, 0x1E, 0x4E, 0x3B,
	0xC3, 0x2A, 0x40, 0x28, 0x97, 0x0F, 0xC3, 0x7A, 0x37, 0xFF, 0xD0, 0x9F,
	0x7A, 0xC6, 0x0D, 0xB2, 0x9A, 0xAE, 0x43, 0x3A, 0xE0, 0xE1, 0xB4, 0x52,
	0xB5, 0xAC, 0x55, 0x61, 0x33, 0x45, 0xF5, 0xB3, 0xA3, 0x2F, 0xE5, 0x0F,
	0x78, 0x78, 0x66, 0xD0, 0xF4, 0x2C, 0x98, 0x53, 0xB6, 0x0A, 0xC1, 0x7E,
	0x1B, 0xE7, 0x4F, 0x82, 0x3D, 0xA5, 0x69, 0xD0, 0xF4, 0x2C, 0x98, 0x53,
	0xB6, 0x0A, 0xC1, 0x7E, 0x1B, 0xE7, 0x4F, 0x82, 0x3D, 0xA5, 0x69, 0xD0,
	0xF4, 0x2C, 0x98, 0x53, 0xB6, 0x0A, 0xC1, 0x7E, 0x1B, 0xE7, 0x4F, 0x82,
	0x3D, 0xA5, 0x69, 0xD0, 0xF4, 0x2C, 0x98, 0x53, 0xB6, 0x0A, 0xC1, 0x7E,
	0x80, 0xDD, 0x86, 0xB6, 0xE7, 0x69, 0xA5, 0x1D, 0x4C, 0xD2, 0x1C, 0x14,
	0x83, 0x8A, 0x0E, 0x73, 0xD8, 0x3A, 0x82, 0x06, 0x72, 0xAE, 0xE5, 0x13,
	0x29, 0xA1, 0x44, 0xD7, 0xF9, 0x21, 0xCD, 0xBD, 0xC6, 0x6A, 0xA3, 0x02,
	0xDA, 0xAE, 0xAA, 0x0D, 0x79, 0xD0, 0x1D, 0x14, 0xB2, 0x8A, 0x86, 0x7A,
	0xB1, 0x63, 0x8C, 0x30, 0x31, 0x9A, 0x0F, 0x55, 0xB3, 0x21, 0x0B, 0x5C,
	0x92, 0xF9, 0x0D, 0xB2, 0xD7, 0xC0, 0x44, 0x82, 0x3D, 0xA5, 0x69, 0xD0,
	0xF4, 0x2C, 0x98, 0x53, 0xB6, 0x0A, 0xC1, 0x7E, 0x1B, 0xE7, 0x4F, 0x82,
	0x3D, 0xA5, 0x69, 0xD0, 0xF4, 0x2C, 0x98, 0x53, 0xB6, 0x0A, 0xC1, 0x7E,
	0x1B, 0xE7, 0x4F, 0x82, 0x3D, 0xA5, 0x69, 0xD0, 0xF4, 0x2C, 0x98, 0x53,
	0xB6, 0x0A, 0xC1, 0x7E, 0x1B, 0xE7, 0x4F, 0x82, 0x3D, 0xA5, 0x69, 0xD0,
	0xF4, 0x2C, 0x98, 0x53, 0xB6, 0x0A, 0xC1, 0x7E, 0x96, 0x7A, 0xC2, 0x1E,
	0xA3, 0x38, 0xF5, 0x54, 0xBB, 0x0C, 0x64, 0x90, 0x53, 0x82, 0x29, 0x92,
	0x3F, 0x50, 0x79, 0xB1, 0x0E, 0x66, 0x8D, 0x58, 0x1C, 0xC0, 0x1C, 0x1C,
	0xBE, 0xF6, 0x55, 0xEB, 0x8D, 0x6A, 0xDB, 0x0F, 0xA8, 0xAA, 0x69, 0xD0,
	0xF4, 0x2C, 0x98, 0x53, 0xB6, 0x0A, 0xC1, 0x7E, 0xAF, 0x53, 0xFB, 0x4E,
	0x3D, 0xA5, 0x69, 0xD0, 0xF4, 0x2C, 0x98, 0x53, 0xB6, 0x0A, 0xC1, 0x7E,
	0x8B, 0x2B, 0xD0, 0x4E, 0x88, 0x69, 0xD6, 0x1C, 0x4C, 0xE0, 0x31, 0x9F,
	0x17, 0xC6, 0x5F, 0xB2, 0xB8, 0x2B, 0xEC, 0x4E, 0x85, 0x69, 0xF9, 0x1C,
	0x6B, 0xE0, 0x2D, 0x9F, 0x09, 0xC6, 0x79, 0xB2, 0xB2, 0x2B, 0xEE, 0x4E,
	0xC2, 0x69, 0x97, 0x1C, 0x64, 0xE0, 0x30, 0x9F, 0x08, 0xC6, 0x64, 0xB2,
	0xA1, 0x2B, 0xE6, 0x4E, 0x83, 0x69, 0xD6, 0x1C, 0x64, 0xE0, 0x54, 0x9F,
	0xB6, 0x0A, 0xC1, 0x7E, 0xAF, 0x53, 0xFB, 0x71, 0xCE, 0x56, 0x9A, 0x23,
	0x40, 0xE0, 0x98, 0x53, 0xB6, 0x0A, 0xC1, 0x7E, 0xAF, 0x53, 0xFB, 0x71,
	0xCE, 0x56, 0x9A, 0x64, 0x40, 0x98, 0x2C, 0x9F, 0xB6, 0x0A, 0xC1, 0x7E,
	0xAF, 0x53, 0x83, 0x4E, 0xF1, 0x69, 0xA5, 0x1C, 0x38, 0xE0, 0x54, 0x9F,
	0x7A, 0xC6, 0x0D, 0xB2, 0xD7, 0x2B, 0x83, 0x4E, 0xF1, 0x69, 0xA5, 0x1C,
	0x38, 0xE0, 0x54, 0x9F, 0x7A, 0xC6, 0x0D, 0xB2, 0xD7, 0x2B, 0x83, 0x4E,
	0xF1, 0x69, 0xA5, 0x1C, 0x38, 0xE0, 0x54, 0x9F, 0x7A, 0xC6, 0x0D, 0xB2,
	0xD7, 0x2B, 0x83, 0x4E, 0xF1, 0x69, 0xA5, 0x1C, 0x38, 0xE0, 0x54, 0x9F,
	0x7A, 0xC6, 0x0D, 0xB2, 0xD7, 0x2B, 0x83, 0x4E, 0xF1, 0x69, 0xA5, 0x1C,
	0x38, 0xE0, 0x54, 0x9F, 0x7A, 0xC6, 0x0D, 0xB2, 0xD7, 0x2B, 0x83, 0x4E,
	0xF1, 0x69, 0xA5, 0x1C, 0x38, 0xE0, 0x54, 0x9F, 0x7A, 0xC6, 0x0D, 0xB2,
	0xD7, 0x2B, 0x83, 0x4E, 0xF1, 0x69, 0xA5, 0x1C, 0x38, 0xE0, 0x54, 0x9F,
	0x7A, 0xC6, 0x0D, 0xB2, 0xD7, 0x2B, 0x83, 0x4E, 0xF1, 0x69, 0xA5, 0x1C,
	0x38, 0xE0, 0x54, 0x9F, 0x7A, 0xC6, 0x0D, 0xB2, 0xD7, 0x2B, 0x83, 0x4E,
	0xF1, 0x69, 0xA5, 0x1C, 0x38, 0xE0, 0x54, 0x9F, 0x7A, 0xC6, 0x0D, 0xB2,
	0xD7, 0x2B, 0x83, 0x4E, 0xF1, 0x69, 0xA5, 0x1C, 0x38, 0xE0, 0x54, 0x9F,
	0x7A, 0xC6, 0x0D, 0xB2, 0xD7, 0x2B, 0x83, 0x4E, 0xF1, 0x69, 0xA5, 0x1C,
	0x38, 0xE0, 0x54, 0x9F, 0x7A, 0xC6, 0x0D, 0xB2, 0xD7, 0x2B, 0x83, 0x4E,
	0xF1, 0x69, 0xA5, 0x1C, 0x38, 0xE0, 0x54, 0x9F, 0x7A, 0xC6, 0x0D, 0xB2,
	0xD7, 0x2B, 0x83, 0x4E, 0xF1, 0x69, 0xA5, 0x1C, 0x38, 0xE0, 0x54, 0x9F,
	0x7A, 0xC6, 0x0D, 0xB2, 0xD7, 0x2B, 0x83, 0x4E, 0xF1, 0x69, 0xA5, 0x1C,
	0x38, 0xE0, 0x54, 0x9F, 0x7A, 0xC6, 0x0D, 0xB2, 0xD7, 0x2B, 0x83, 0x4E,
	0xF1, 0x69, 0xA5, 0x1C, 0x38, 0xE0, 0x54, 0x9F, 0x7A, 0xC6, 0x0D, 0xB2,
	0xD7, 0x2B, 0x83, 0x4E, 0xF1, 0x69, 0xA5, 0x1C, 0x38, 0xE0, 0x54, 0x9F,
	0x7A, 0xC6, 0x0D, 0xB2, 0xD7, 0x2B, 0x83, 0x4E, 0xF1, 0x69, 0xA5, 0x1C,
	0x38, 0xE0, 0x54, 0x9F, 0x7A, 0xC6, 0x0D, 0xB2, 0xD7, 0x2B, 0x83, 0x4E,
	0xF1, 0x69, 0xA5, 0x1C, 0x38, 0xE0, 0x54, 0x9F, 0x7A, 0xC6, 0x0D, 0xB2,
	0xD7, 0x2B, 0x83, 0x4E, 0xF1, 0x69, 0xA5, 0x1C, 0x38, 0xE0, 0x54, 0x9F,
	0x7A, 0xC6, 0x0D, 0xB2, 0xD7, 0x2B, 0x83, 0x4E, 0xF1, 0x69, 0xA5, 0x1C,
	0x38, 0xE0, 0x54, 0x9F, 0x7A, 0xC6, 0x0D, 0xB2, 0xD7, 0x2B, 0x83, 0x4E,
	0xF1, 0x69, 0xA5, 0x1C, 0x38, 0xE0, 0x54, 0x9F, 0x7A, 0xC6, 0x0D, 0xB2,
	0xD7, 0x2B, 0x83, 0x4E, 0xF1, 0x69, 0xA5, 0x1C, 0x38, 0xE0, 0x54, 0x9F,
	0x7A, 0xC6, 0x0D, 0xB2, 0xB5, 0xBB, 0x83, 0x4E, 0xF1, 0x69, 0xA5, 0x1C,
	0x4E, 0x70, 0x54, 0x9F, 0x7A, 0xC6, 0x0D, 0xB2, 0x45, 0xBB, 0x83, 0x4E,
	0xF1, 0x69, 0xA5, 0x1C, 0x68, 0x70, 0x54, 0x9F, 0x7A, 0xC6, 0x0D, 0xB2,
	0xD7, 0x2B, 0x83, 0x4E, 0xF1, 0x69, 0xA5, 0x1C, 0x55, 0xE0, 0x27, 0x9F,
	0x09, 0xC6, 0x68, 0xB2, 0xB4, 0x2B, 0xE5, 0x4E, 0x9D, 0x69, 0xD1, 0x1C,
	0x16, 0xE0, 0x27, 0x9F, 0x03, 0xC6, 0x7E, 0xB2, 0xD7, 0x2B, 0x83, 0x4E,
	0xF1, 0x69, 0xA5, 0x1C, 0x5A, 0xE0, 0x35, 0x9F, 0x17, 0xC6, 0x23, 0xB2,
	0xA4, 0x2B, 0xFA, 0x4E, 0x82, 0x69, 0xA5, 0x1C, 0x59, 0xE0, 0x3C, 0x9F,
	0x19, 0xC6, 0x6C, 0xB2, 0xB4, 0x2B, 0xEB, 0x4E, 0x94, 0x69, 0x8B, 0x1C,
	0x4B, 0xE0, 0x2D, 0x9F, 0x09, 0xC6, 0x0D, 0xB2, 0xBA, 0x2B, 0xEE, 0x4E,
	0x92, 0x69, 0xD6, 0x1C, 0x4B, 0xE0, 0x7A, 0x9F, 0x09, 0xC6, 0x74, 0xB2,
	0xA4, 0x2B, 0x83, 0x4E, 0xF1, 0x69, 0xA5, 0x1C, 0x7A, 0xE0, 0x35, 0x9F,
	0x09, 0xC6, 0x64, 0xB2, 0xB4, 0x2B, 0xD1, 0x4E, 0x94, 0x69, 0xCB, 0x1C,
	0x5C, 0xE0, 0x31, 0x9F, 0x08, 0xC6, 0x23, 0xB2, 0xA4, 0x2B, 0xFA, 0x4E,
	0x82, 0x69, 0xA5, 0x1C, 0x7B, 0xE0, 0x3B, 0x9F, 0x17, 0xC6, 0x7D, 0xB2,
	0xB8, 0x2B, 0xF0, 0x4E, 0x98, 0x69, 0xD1, 0x1C, 0x5D, 0xE0, 0x16, 0x9F,
	0x0F, 0xC6, 0x7E, 0xB2, 0xF9, 0x2B, 0xF0, 0x4E, 0x88, 0x69, 0xD6, 0x1C,
	0x38, 0xE0, 0x54, 0x9F, 0x7A, 0xC6, 0x0D, 0xB2, 0xBC, 0x2B, 0xE7, 0x4E,
	0x9F, 0x69, 0xCC, 0x1C, 0x5B, 0xE0, 0x7A, 0x9F, 0x09, 0xC6, 0x74, 0xB2,
	0xA4, 0x2B, 0x83, 0x4E, 0xF1, 0x69, 0xA5, 0x1C, 0x4D, 0xE0, 0x39, 0x9F,
	0x18, 0xC6, 0x78, 0xB2, 0xA4, 0x2B, 0xAD, 0x4E, 0x82, 0x69, 0xDC, 0x1C,
	0x4B, 0xE0, 0x54, 0x9F, 0x7A, 0xC6, 0x0D, 0xB2, 0x80, 0x2B, 0xEE, 0x4E,
	0x98, 0x69, 0xE9, 0x1C, 0x51, 0xE0, 0x36, 0x9F, 0x54, 0xC6, 0x7E, 0xB2,
	0xAE, 0x2B, 0xF0, 0x4E, 0xF1, 0x69, 0xA5, 0x1C, 0x50, 0xE0, 0x23, 0x9F,
	0x0A, 0xC6, 0x62, 0xB2, 0xBB, 0x2B, 0xEA, 0x4E, 0x92, 0x69, 0xDC, 0x1C,
	0x16, 0xE0, 0x27, 0x9F, 0x03, 0xC6, 0x7E, 0xB2, 0xD7, 0x2B, 0x83, 0x4E,
	0xF1, 0x69, 0xA5, 0x1C, 0x55, 0xE0, 0x27, 0x9F, 0x09, 0xC6, 0x60, 0xB2,
	0xB5, 0x2B, 0xEA, 0x4E, 0x9E, 0x69, 0xD6, 0x1C, 0x16, 0xE0, 0x27, 0x9F,
	0x03, 0xC6, 0x7E, 0xB2, 0xD7, 0x2B, 0x83, 0x4E, 0xF1, 0x69, 0xA5, 0x1C,
	0x51, 0xE0, 0x3A, 0x9F, 0x0E, 0xC6, 0x68, 0xB2, 0xBB, 0x2B, 0xF3, 0x4E,
	0x94, 0x69, 0xD5, 0x1C, 0x16, 0xE0, 0x27, 0x9F, 0x03, 0xC6, 0x7E, 0xB2,
	0xD7, 0x2B, 0x83, 0x4E, 0xF1, 0x69, 0xA5, 0x1C, 0x45, 0xBC, 0x2F, 0xDF,
	0x0F, 0x97, 0x5F, 0xF7, 0x8A, 0x61, 0xCA, 0x23, 0xAC, 0x38, 0xF2, 0x47,
	0x78, 0xE0, 0x54, 0x9F, 0x7A, 0xC6, 0x0D, 0xB2, 0xAA, 0x77, 0xF2, 0x12,
	0xB5, 0x25, 0xDE, 0x4E, 0x6D, 0xB6, 0x1C, 0xDD, 0x46, 0xC6, 0x0D, 0xB2,
	0xAA, 0x77, 0xFC, 0x1C, 0xB5, 0x15, 0xFC, 0x78, 0x70, 0xB8, 0x0D, 0xC1,
	0x03, 0x83, 0x33, 0xB2, 0xAA, 0x77, 0xE4, 0x13, 0xA8, 0x3D, 0xE3, 0x62,
	0x6F, 0x8A, 0x1E, 0xC5, 0x25, 0x9E, 0x33, 0xB2, 0xAE, 0x75, 0xF0, 0x11,
	0xA9, 0x33, 0xF0, 0x4A, 0x74, 0xBC, 0x23, 0xC0, 0x2A, 0xFB, 0x0D, 0xB2,
	0xAE, 0x75, 0xF7, 0x0F, 0xA0, 0x39, 0xDE, 0x4F, 0x6C, 0xD9, 0x54, 0x9F,
	0x7A, 0xC6, 0x0D, 0xB2, 0xAA, 0x77, 0xF3, 0x08, 0xAC, 0x30, 0xF7, 0x66,
	0x64, 0xB5, 0x28, 0xCB, 0x34, 0xB5, 0x5C, 0xE3, 0xC7, 0x0B, 0xA6, 0x68,
	0xD1, 0x7C, 0x8C, 0x34, 0x1C, 0xA9, 0x54, 0x9F, 0x7A, 0xC6, 0x0D, 0xB2,
	0xAA, 0x77, 0xFC, 0x1C, 0xB5, 0x10, 0xFC, 0x48, 0x6B, 0xBC, 0x0A, 0xF4,
	0x27, 0x9C, 0x56, 0xFE, 0xC4, 0x1A, 0xA4, 0x6E, 0xDC, 0x4A, 0x9A, 0x18,
	0x11, 0xCA, 0x76, 0xB1, 0x36, 0xC6, 0x0D, 0xB2, 0xAA, 0x77, 0xE4, 0x13,
	0xA8, 0x3D, 0xE3, 0x67, 0x6F, 0xBA, 0x05, 0xC1, 0x22, 0xAB, 0x52, 0xEA,
	0xF2, 0x19, 0xC1, 0x4E, 0xF1, 0x69, 0xA5, 0x1C, 0x45, 0xBC, 0x36, 0xDE,
	0x21, 0x91, 0x5E, 0xC4, 0x81, 0x76, 0xF5, 0x1A, 0xAE, 0x3F, 0xCB, 0x42,
	0x1F, 0xC4, 0x65, 0xDC, 0x7A, 0xC6, 0x0D, 0xB2, 0xAA, 0x77, 0xE4, 0x13,
	0xA9, 0x33, 0xF0, 0x40, 0x50, 0xB8, 0x09, 0xC1, 0x35, 0xFB, 0x0D, 0xB2,
	0xAC, 0x7F, 0xF8, 0x13, 0xAC, 0x28, 0xFA, 0x4A, 0x6C, 0xB0, 0x14, 0xC1,
	0x02, 0x8B, 0x50, 0x8D, 0xAC, 0x7F, 0xF8, 0x13, 0xAC, 0x28, 0xFA, 0x4A,
	0x6C, 0xB0, 0x14, 0xC1, 0x12, 0x92, 0x5E, 0xE8, 0xE5, 0x2F, 0xB9, 0x0D,
	0xF1, 0x69, 0xA5, 0x1C, 0x43, 0xB4, 0x35, 0xC9, 0x3A, 0xA7, 0x52, 0xE8,
	0x8A, 0x60, 0xFC, 0x0D, 0xCD, 0x69, 0xA5, 0x1C, 0x43, 0xB4, 0x25, 0xCD,
	0x20, 0x90, 0x5E, 0xE9, 0xBB, 0x7B, 0xD4, 0x10, 0xBF, 0x54, 0xA5, 0x1C,
	0x43, 0xB4, 0x20, 0xC0, 0x3B, 0x80, 0x53, 0xD4, 0x9A, 0x77, 0xCC, 0x10,
	0xA9, 0x10, 0xEB, 0x40, 0x0B, 0xA1, 0x54, 0x9F, 0x7A, 0xC6, 0x0D, 0xB2,
	0xAC, 0x7F, 0xF3, 0x08, 0xA2, 0x1F, 0xFB, 0x4E, 0x63, 0xB2, 0x2B, 0xDC,
	0x46, 0xC6, 0x0D, 0xB2, 0xAC, 0x7F, 0xF8, 0x0D, 0xAC, 0x1B, 0xF6, 0x45,
	0x65, 0xAB, 0x07, 0xC7, 0x05, 0x9A, 0x5F, 0xE1, 0x97, 0x2B, 0x83, 0x4E,
	0xF1, 0x69, 0xA5, 0x1C, 0x58, 0xA2, 0x25, 0xDE, 0x2B, 0x92, 0x4F, 0xE0,
	0xBC, 0x6B, 0xCA, 0x01, 0xA8, 0x39, 0xCF, 0x4B, 0x0A, 0xC4, 0x77, 0xB8,
	0x3E, 0xC6, 0x0D, 0xB2, 0xAC, 0x7F, 0xF5, 0x18, 0xA9, 0x3D, 0xEA, 0x6E,
	0x78, 0xBC, 0x0D, 0xD1, 0x32, 0x92, 0x5C, 0xE3, 0xC3, 0x02, 0xB3, 0x68,
	0xD4, 0x48, 0xE3, 0x1C, 0x58, 0xA2, 0x32, 0xC9, 0x3C, 0x9E, 0x52, 0xEB,
	0x8E, 0x66, 0xDC, 0x26, 0xB4, 0x27, 0xEF, 0x46, 0x15, 0xF5, 0x7E, 0xAE,
	0x5B, 0xE2, 0x2F, 0xF5, 0xA8, 0x78, 0xD7, 0x39, 0xA0, 0x2E, 0xF6, 0x4D,
	0x65, 0xAB, 0x0B, 0xCA, 0x25, 0x9E, 0x7C, 0xEF, 0xFD, 0x0F, 0xA2, 0x79,
	0xB5, 0x69, 0xA5, 0x1C, 0x47, 0xB3, 0x34, 0xC9, 0x28, 0x96, 0x49, 0xE0,
	0x81, 0x71, 0xDC, 0x3A, 0xAF, 0x3E, 0xFE, 0x40, 0x0C, 0xE3, 0x6F, 0x92,
	0x5F, 0xEE, 0x2E, 0xF5, 0xBD, 0x6D, 0xF2, 0x11, 0xAA, 0x2F, 0xF6, 0x2B,
	0x5A, 0xA5, 0x0A, 0xE5, 0x20, 0x9A, 0x4F, 0xD0, 0x81, 0x7B, 0xDA, 0x1A,
	0xA9, 0x31, 0xC8, 0x57, 0x0A, 0xC8, 0x78, 0xBB, 0x3E, 0xC6, 0x0D, 0xB2,
	0xB5, 0x6E, 0xDD, 0x3A, 0xA0, 0x28, 0xC5, 0x4E, 0x72, 0xAA, 0x07, 0xCB,
	0x28, 0xFB, 0x0D, 0xB2, 0xAC, 0x7C, 0xE3, 0x1C, 0xAC, 0x2F, 0xF6, 0x62,
	0x72, 0xA8, 0x02, 0xA4, 0x7A, 0xC6, 0x0D, 0xB2, 0xAC, 0x7F, 0xFD, 0x12,
	0xB2, 0x39, 0xE1, 0x62, 0x72, 0xA8, 0x02, 0xA4, 0x7A, 0xC6, 0x0D, 0xB2,
	0xA2, 0x62, 0xF0, 0x1E, 0xB4, 0x29, 0xFA, 0x59, 0x65, 0x8B, 0x0B, 0xD7,
	0x29, 0x8E, 0x41, 0xEE, 0xF2, 0x2F, 0xB9, 0x6E, 0xD9, 0x59, 0x90, 0x32,
	0x06, 0xCC, 0x52, 0xBD, 0x42, 0xEE, 0x43, 0xB2, 0xA2, 0x62, 0xE3, 0x18,
	0xA9, 0x39, 0xF2, 0x58, 0x65, 0x8B, 0x0B, 0xD7, 0x29, 0x8E, 0x41, 0xEE,
	0xF2, 0x26, 0xA8, 0x79, 0xD0, 0x2C, 0xA5, 0x1C, 0x5A, 0xA5, 0x0A, 0xE0,
	0x21, 0x9C, 0x50, 0xF0, 0x9F, 0x57, 0xD5, 0x10, 0xA0, 0x31, 0xF5, 0x57,
	0x3F, 0xC4, 0x78, 0xB9, 0x4C, 0xEA, 0x28, 0xA1, 0xFE, 0x00, 0xA5, 0x60,
	0xFC, 0x52, 0x87, 0x53, 0x5A, 0xA5, 0x0A, 0xE8, 0x2B, 0x9F, 0x5E, 0xF1,
	0x8A, 0x57, 0xD5, 0x10, 0xA0, 0x31, 0xF5, 0x57, 0x3F, 0xC4, 0x78, 0xB9,
	0x4C, 0xEA, 0x28, 0xA1, 0xFE, 0x00, 0xA5, 0x60, 0xFC, 0x52, 0x87, 0x53,
	0x58, 0xA2, 0x35, 0xC9, 0x3A, 0xB0, 0x49, 0xE0, 0x8E, 0x66, 0xDC, 0x25,
	0xBF, 0x3B, 0xF8, 0x46, 0x0B, 0xD2, 0x58, 0xB3, 0x4A, 0xEA, 0x2D, 0x8C,
	0xCD, 0x0D, 0xBC, 0x71, 0xD4, 0x4A, 0x8E, 0x53, 0x41, 0xBE, 0x22, 0xDE,
	0x27, 0x85, 0x5E, 0xF7, 0xA0, 0x70, 0xD3, 0x10, 0xAE, 0x20, 0xCF, 0x5A,
	0x08, 0xC4, 0x16, 0x9F, 0x32, 0x4B, 0x00, 0xB2, 0x9F, 0xA0, 0xBE, 0x4E,
	0xBD, 0xE2, 0xB0, 0x1C, 0x74, 0x6B, 0x59, 0x9F, 0x32, 0x4D, 0x00, 0xB2,
	0x76, 0xD8, 0xED, 0x13, 0x35, 0xDB, 0x3D, 0x42, 0x1B, 0x11, 0xF5, 0xFF,
	0x4E, 0x1E, 0xCA, 0xD3, 0x5E, 0x8C, 0x77, 0x2C, 0xB4, 0x4A, 0x14, 0x7F,
	0x40, 0x16, 0x8A, 0xFB, 0xC6, 0xFC, 0x1F, 0xED, 0x9F, 0xA8, 0xBE, 0x4E,
	0xF1, 0x69, 0xA5, 0x1C, 0x4C, 0xE0, 0x54, 0x9F, 0x7A, 0xC6, 0x0D, 0xB2,
	0x9F, 0xA6, 0x8E, 0x4E, 0xF1, 0x69, 0xA5, 0x54, 0xB1, 0xA4, 0x70, 0x9F,
	0x32, 0x4B, 0x00, 0xB2, 0x9B, 0xA6, 0x86, 0x4E, 0xF1, 0x69, 0xA5, 0x1C,
	0x48, 0x8B, 0x1A, 0xC8, 0x37, 0xAB, 0x4E, 0xDF, 0xBD, 0x42, 0xCD, 0x19,
	0xBC, 0x04, 0xF6, 0x68, 0x5E, 0x92, 0x1A, 0xC8, 0x34, 0xB2, 0x4B, 0xC1,
	0xBB, 0x4E, 0xC7, 0x19, 0xB2, 0x0A, 0xF6, 0x7F, 0x5C, 0x90, 0x1A, 0xC8,
	0x3C, 0x8B, 0x6B, 0xDC, 0xA4, 0x5F, 0xCD, 0x19, 0xBE, 0x0B, 0xE1, 0x75,
	0x5A, 0x97, 0x1A, 0xC8, 0x33, 0x89, 0x4E, 0xDD, 0x9F, 0xA0, 0x86, 0x4E,
	0xBD, 0xE2, 0x80, 0x1C, 0x7C, 0x6B, 0x61, 0x9F, 0xF1, 0xCB, 0x0D, 0xB2,
	0xD7, 0x2B, 0x83, 0x4E, 0xE7, 0x58, 0x70, 0x75, 0x38, 0xE0, 0x54, 0x9F,
	0x78, 0xC6, 0x0D, 0xB2, 0x9A, 0x2B, 0x83, 0x4E, 0xC9, 0x3C, 0xA5, 0x1C,
	0x00, 0xA5, 0x54, 0x9F, 0x7A, 0xC6, 0x0D, 0xB2, 0xC1, 0x1A, 0x56, 0x27,
	0xF1, 0x69, 0xA5, 0x1C, 0x35, 0xE0, 0x54, 0x9F, 0x62, 0xC7, 0x0D, 0xB2,
	0x5F, 0x7E, 0x83, 0x4E, 0x79, 0x2C, 0xA5, 0x1C, 0x6A, 0xB3, 0x10, 0xCC,
	0x68, 0x80, 0xCF, 0x71, 0x3E, 0x9C, 0xFF, 0x0A, 0x58, 0xEC, 0x88, 0x8B,
	0x5D, 0x01, 0x19, 0x68, 0x7B, 0xC6, 0x0D, 0xB2, 0x94, 0x11, 0xDF, 0x1B,
	0x82, 0x0C, 0xD7, 0x6F, 0x64, 0x92, 0x21, 0xFE, 0x08, 0x9A, 0x4C, 0xDB,
	0x93, 0x6A, 0xD3, 0x3C, 0x98, 0x1F, 0xC4, 0x68, 0x5D, 0xBC, 0x36, 0xEA,
	0x13, 0xAA, 0x69, 0xEE, 0x85, 0x4E, 0xEF, 0x2B, 0x90, 0x1A, 0xC0, 0x40,
	0x6B, 0x85, 0x3A, 0xEB, 0x13, 0xA8, 0x68, 0xDE, 0xF9, 0x5B, 0xE7, 0x2C,
	0xF1, 0x69, 0xA5, 0x1C, 0x38, 0xE0, 0x54, 0x9F, 0x7A, 0xD6, 0x0D, 0xB2,
	0x57, 0x1E, 0x83, 0x4E, 0xDF, 0x1D, 0xC0, 0x64, 0x4C, 0xC4, 0x39, 0xF1,
	0x7A, 0xC6, 0x0D, 0xB2, 0x57, 0x6E, 0x83, 0x4E, 0x41, 0x6D, 0xA5, 0x1C,
	0x16, 0x94, 0x31, 0xE7, 0x0E, 0xE2, 0x60, 0xDC, 0xF3, 0x19, 0xB2, 0x4E,
	0xC1, 0x23, 0xA5, 0x1C, 0x4B, 0xE0, 0x54, 0x9F, 0x54, 0xB2, 0x68, 0xCA,
	0xA3, 0x0F, 0xF0, 0x4E, 0xF1, 0x39, 0xA5, 0x1C, 0x10, 0xE0, 0x54, 0x9F,
	0x54, 0xAF, 0x69, 0xD3, 0xA3, 0x4A, 0xA7, 0x7B, 0xF1, 0x69, 0xA5, 0x1C,
	0x10, 0xB0, 0x54, 0x9F, 0x6A, 0xC3, 0x0D, 0xB2, 0xF9, 0x59, 0xE7, 0x2F,
	0x85, 0x08, 0xA5, 0x1C, 0x00, 0xB5, 0x54, 0x9F, 0xEA, 0xC7, 0x0D, 0xB2,
	0xF9, 0x59, 0xE7, 0x2F, 0x85, 0x08, 0x81, 0x66, 0x42, 0x9A, 0x30, 0xFD,
	0x1D, 0xC6, 0x0D, 0xB2, 0x1F, 0x7D, 0x83, 0x4E, 0x99, 0x6D, 0xA5, 0x1C,
	0x16, 0x98, 0x30, 0xFE, 0x0E, 0xA7, 0x0D, 0xB2, 0xD7, 0x4B, 0x83, 0x4E,
	0x31, 0x69, 0xA5, 0x1C, 0x16, 0x84, 0x35, 0xEB, 0x1B, 0xC6, 0x0D, 0xB2,
	0x17, 0x4B, 0x83, 0x4E, 0xC9, 0x6C, 0xA5, 0x1C, 0x16, 0x82, 0x27, 0xEC,
	0x7A, 0xC6, 0x0D, 0xB2, 0xD7, 0x5B, 0x83, 0x4E, 0x85, 0x68, 0xA5, 0x1C,
	0x16, 0x90, 0x30, 0xFE, 0x0E, 0xA7, 0x0D, 0xB2, 0xD7, 0xAB, 0x83, 0x4E,
	0xE9, 0x69, 0xA5, 0x1C, 0x16, 0x93, 0x3A, 0xEB, 0x16, 0xC6, 0x0D, 0xB2,
	0xD7, 0xBB, 0x83, 0x4E, 0xE5, 0x69, 0xA5, 0x1C, 0x16, 0x89, 0x30, 0xFE,
	0x0E, 0xA7, 0x29, 0x80, 0xD7, 0x2B, 0x83, 0x4E, 0xE5, 0xF9, 0xA5, 0x1C,
	0x2C, 0xE0, 0x54, 0x9F, 0x54, 0xAF, 0x69, 0xD3, 0xA3, 0x4A, 0xA7, 0x7D,
	0xF1, 0x69, 0xA5, 0x1C, 0x10, 0x70, 0x54, 0x9F, 0x52, 0xC6, 0x0D, 0xB2,
	0xF9, 0x42, 0xE7, 0x2F, 0x85, 0x08, 0x81, 0x28, 0x38, 0xE0, 0x54, 0x9F,
	0x2A, 0x56, 0x0D, 0xB2, 0xBF, 0x2B, 0x83, 0x4E, 0xDF, 0x00, 0xC1, 0x7D,
	0x4C, 0x81, 0x70, 0xA9, 0x7A, 0xC6, 0x0D, 0xB2, 0xD7, 0x2B, 0x83, 0x4E,
	0xF1, 0x69, 0xA5, 0x1C, 0x38, 0xE0, 0x54, 0x9F, 0x7A, 0xC6, 0x0D, 0xB2,
	0xD7, 0x2B, 0x83, 0x4E, 0xF1, 0x69, 0xA5, 0x1C, 0x38, 0xE0, 0x54, 0x9F,
	0x7A, 0xC6, 0x0D, 0xB2, 0xD7, 0x2B, 0x83, 0x4E, 0xF1, 0x69, 0xA5, 0x1C,
	0x3A, 0xF4, 0x5F, 0x9F, 0x7C, 0xC0, 0x1E, 0xB4, 0xC3, 0x4F, 0x84, 0x4E,
	0xE5, 0x3D, 0xA3, 0x1C, 0x2C, 0xD4, 0x51, 0x9F, 0x6E, 0x36, 0x1F, 0x52,
	0xC7, 0x5B, 0x83, 0x4E, 0xF3, 0x63, 0xA3, 0x1C, 0x3A, 0xF6, 0x54, 0x99,
	0x70, 0xF2, 0x0A, 0xB2, 0xDD, 0x19, 0x85, 0x3E, 0xF3, 0x72, 0xA9, 0x1C,
	0x3E, 0xF6, 0x54, 0x99, 0x61, 0xB2, 0x02, 0xB2, 0xCC, 0x4F, 0x8D, 0x4E,
	0xEA, 0x5D, 0xA8, 0x1C, 0x23, 0x92, 0x40, 0x6F, 0x68, 0x26, 0x1D, 0xE2,
	0xDD, 0x21, 0x85, 0x4E, 0xF3, 0x7F, 0xA5, 0x1A, 0x32, 0xD4, 0x52, 0x9F,
	0x70, 0xF4, 0x0B, 0xC2, 0x53, 0x6F, 0x83, 0x4E, 0xF0, 0x69, 0xA5, 0x1C,
	0x2D, 0xC9, 0x54, 0x9F, 0x5E, 0xEF, 0x0D, 0xB2, 0xD6, 0x2B, 0x83, 0x4E,
	0xD9, 0x40, 0xA5, 0x1C, 0x32, 0xE4, 0x57, 0x9F, 0x7B, 0xD0, 0x0D, 0xB4,
	0xD3, 0x09, 0x83, 0x4E, 0x75, 0x2D, 0xA5, 0x1C, 0x39, 0xE0, 0x54, 0x9F,
	0x51, 0xF9, 0x0D, 0xB2, 0x99, 0x14, 0x83, 0x4E, 0xF0, 0x69, 0xA5, 0x1C,
	0x76, 0xDF, 0x54, 0x9F, 0x70, 0xC2, 0x0E, 0xB2, 0xD6, 0x3D, 0x83, 0x48,
	0xF5, 0x4B, 0xA5, 0x1C, 0xBC, 0xA4, 0x54, 0x9F, 0x7B, 0xC6, 0x0D, 0xB2,
	0x3E, 0x06, 0x83, 0x4E, 0xF2, 0x47, 0xA5, 0x1C, 0x39, 0xE0, 0x54, 0x9F,
	0x79, 0xE8, 0x0D, 0xB2, 0xDD, 0x3E, 0x89, 0x4E, 0xF2, 0x7F, 0xA5, 0x1A,
	0x2D, 0x94, 0x5E, 0x9F, 0x6F, 0xA2, 0x04, 0xB2, 0xC2, 0x1F, 0x8B, 0x4E,
	0xE4, 0x3B, 0xB4, 0xFC, 0xBC, 0xA4, 0x54, 0x9F, 0x7B, 0xC6, 0x0D, 0xB2,
	0x89, 0x15, 0x83, 0x4E, 0x1F, 0x57, 0xA5, 0x1C, 0x39, 0xE0, 0x54, 0x9F,
	0x94, 0xF8, 0x0D, 0xB2, 0xDD, 0x0B, 0x8F, 0x4E, 0xFB, 0x7F, 0xA5, 0x1A,
	0x18, 0x84, 0x45, 0x9F, 0x5A, 0xF2, 0x02, 0xB2, 0xF7, 0x59, 0x9F, 0xBE,
	0xEB, 0x89, 0xBD, 0xCC, 0x2E, 0x20, 0x40, 0xEF, 0xFE, 0x82, 0x0D, 0xB2,
	0xD6, 0x2B, 0x83, 0x4E, 0x71, 0x47, 0xA5, 0x1C, 0x7F, 0xCF, 0x54, 0x9F,
	0x7B, 0xC6, 0x0D, 0xB2, 0x90, 0x04, 0x83, 0x4E, 0xFB, 0x75, 0xAF, 0x1C,
	0x34, 0xF6, 0x54, 0x99, 0x66, 0x34, 0x18, 0x42, 0xC4, 0xCB, 0x92, 0x9E,
	0xFE, 0xA9, 0xA8, 0x6C, 0x34, 0x80, 0x5F, 0xAF, 0xFE, 0x82, 0x0D, 0xB2,
	0xD4, 0x2B, 0x83, 0x4E, 0x16, 0x4F, 0xA5, 0x1C, 0xCF, 0xC6, 0x54, 0x9F,
	0x7B, 0xC6, 0x0D, 0xB2, 0xFE, 0x03, 0x83, 0x4E, 0x0A, 0x4F, 0xA5, 0x1C,
	0x30, 0xC8, 0x54, 0x9F, 0x7B, 0xC6, 0x0D, 0xB2, 0xDF, 0x03, 0x83, 0x4E,
	0xE2, 0x41, 0xA5, 0x1C, 0x19, 0xC8, 0x54, 0x9F, 0x7B, 0xC6, 0x0D, 0xB2,
	0xF6, 0x03, 0x83, 0x4E, 0xFB, 0x7E, 0xAE, 0x1C, 0x34, 0xF6, 0x54, 0x99,
	0x6D, 0xC7, 0x1F, 0xB2, 0xC7, 0xDB, 0x8D, 0xAE, 0xFD, 0xB9, 0xAF, 0xDC,
	0x30, 0x90, 0x53, 0xFF, 0x7C, 0xF6, 0x0D, 0xB2, 0x53, 0x6F, 0x83, 0x4E,
	0xF0, 0x69, 0xA5, 0x1C, 0x7C, 0xC3, 0x54, 0x9F, 0x20, 0xE5, 0x0D, 0xB2,
	0xD6, 0x2B, 0x83, 0x4E, 0xAB, 0x4A, 0xA5, 0x1C, 0x32, 0xC2, 0x58, 0x9F,
	0x79, 0xD0, 0x0D, 0xB4, 0xF5, 0xCF, 0x92, 0x4E, 0xD3, 0x1D, 0xB5, 0x1C,
	0x1A, 0x84, 0x5B, 0x9F, 0x58, 0xF2, 0x03, 0xB2, 0xF5, 0x99, 0x9D, 0xBE,
	0x75, 0x2D, 0xA5, 0x1C, 0x39, 0xE0, 0x54, 0x9F, 0x48, 0xEC, 0x0D, 0xB2,
	0x14, 0x01, 0x83, 0x4E, 0xF0, 0x69, 0xA5, 0x1C, 0xFB, 0xCA, 0x54, 0x9F,
	0x70, 0xD9, 0x06, 0xB2, 0xD1, 0x3D, 0x83, 0x48, 0xEE, 0x0D, 0x8E, 0x1C,
	0x27, 0xD4, 0x7E, 0x9F, 0x65, 0xC7, 0x29, 0xB2, 0xCF, 0xDB, 0x95, 0xAE,
	0xE5, 0x19, 0xA5, 0x1C, 0xBC, 0xA4, 0x54, 0x9F, 0x7B, 0xC6, 0x0D, 0xB2,
	0x05, 0x14, 0x83, 0x4E, 0x4C, 0x29, 0xA5, 0x1C, 0x39, 0xE0, 0x54, 0x9F,
	0xC7, 0x86, 0x0D, 0xB2, 0xDD, 0x32, 0x8F, 0x4E, 0xF2, 0x7F, 0xA5, 0x1A,
	0x21, 0x04, 0x5F, 0x9F, 0x63, 0xB2, 0x07, 0xB2, 0xCE, 0x4F, 0x8A, 0x4E,
	0xE8, 0x5D, 0xAD, 0x1C, 0x21, 0xB2, 0x41, 0x6F, 0xFE, 0x82, 0x0D, 0xB2,
	0xD6, 0x2B, 0x83, 0x4E, 0x5C, 0x28, 0xA5, 0x1C, 0xC2, 0xA1, 0x54, 0x9F,
	0x7B, 0xC6, 0x0D, 0xB2, 0xDE, 0x69, 0x83, 0x4E, 0xFB, 0x74, 0xAB, 0x1C,
	0x3F, 0xF6, 0x54, 0x99, 0x67, 0x02, 0x1C, 0xB2, 0xCA, 0x5F, 0x93, 0x4E,
	0xEC, 0x0D, 0xAA, 0x1C, 0x25, 0xD4, 0x5A, 0x9F, 0x67, 0x54, 0x14, 0x42,
	0xC0, 0xCB, 0x96, 0x9E, 0x75, 0x2D, 0xA5, 0x1C, 0x39, 0xE0, 0x54, 0x9F,
	0xE9, 0x85, 0x0D, 0xB2, 0x8F, 0x6F, 0x83, 0x4E, 0xF0, 0x69, 0xA5, 0x1C,
	0x60, 0xA4, 0x54, 0x9F, 0x78, 0xC3, 0x09, 0xB2, 0xD6, 0x3D, 0x83, 0x48,
	0xF4, 0x5D, 0xA4, 0x1C, 0x32, 0xEA, 0x52, 0x9F, 0x78, 0xD0, 0x0D, 0xB4,
	0xDD, 0x1F, 0x8A, 0x4E, 0xFB, 0x3B, 0xA3, 0x6C, 0xBC, 0xA4, 0x54, 0x9F,
	0x7B, 0xC6, 0x0D, 0xB2, 0x50, 0x11, 0x83, 0x4E, 0x67, 0x53, 0xA5, 0x1C,
	0x39, 0xE0, 0x54, 0x9F, 0xB7, 0xFC, 0x0D, 0xB2, 0xDD, 0x3F, 0x89, 0x4E,
	0xFD, 0x7F, 0xA5, 0x1A, 0x2C, 0x72, 0x44, 0x6F, 0x74, 0x26, 0x01, 0x62,
	0xDD, 0xEB, 0x8B, 0x3E, 0xF6, 0x09, 0xA3, 0x2C, 0xBC, 0xA4, 0x54, 0x9F,
	0x7B, 0xC6, 0x0D, 0xB2, 0xEB, 0x17, 0x83, 0x4E, 0xD4, 0x54, 0xA5, 0x1C,
	0x39, 0xE0, 0x54, 0x9F, 0x5F, 0xFB, 0x0D, 0xB2, 0xDD, 0x21, 0x85, 0x4E,
	0xF3, 0x7F, 0xA5, 0x1A, 0x32, 0xD4, 0x5C, 0x9F, 0x70, 0x94, 0x0B, 0xC2,
	0x53, 0x6F, 0x83, 0x4E, 0xF0, 0x69, 0xA5, 0x1C, 0x48, 0xA2, 0x54, 0x9F,
	0x5D, 0x85, 0x0D, 0xB2, 0xD6, 0x2B, 0x83, 0x4E, 0xD6, 0x2A, 0xA5, 0x1C,
	0x32, 0xEA, 0x52, 0x9F, 0x78, 0xD0, 0x0D, 0xB4, 0xDD, 0x1F, 0x8A, 0x4E,
	0xFB, 0x3B, 0xA3, 0x6C, 0xBC, 0xA4, 0x54, 0x9F, 0x7B, 0xC6, 0x0D, 0xB2,
	0x66, 0x16, 0x83, 0x4E, 0xE7, 0x57, 0xA5, 0x1C, 0x39, 0xE0, 0x54, 0x9F,
	0x6C, 0xF8, 0x0D, 0xB2, 0xDD, 0x3E, 0x89, 0x4E, 0xF2, 0x7F, 0xA5, 0x1A,
	0x2D, 0x94, 0x5E, 0x9F, 0x6F, 0xA2, 0x04, 0xB2, 0xC2, 0x1F, 0x8B, 0x4E,
	0xE4, 0x3B, 0xB4, 0xFC, 0xBC, 0xA4, 0x54, 0x9F, 0x7B, 0xC6, 0x0D, 0xB2,
	0xA3, 0x03, 0x83, 0x4E, 0x42, 0x41, 0xA5, 0x1C, 0x39, 0xE0, 0x54, 0x9F,
	0xCD, 0xEE, 0x0D, 0xB2, 0xDD, 0x24, 0x8B, 0x4E, 0xF3, 0x7F, 0xA5, 0x1A,
	0x37, 0x84, 0x5D, 0x9F, 0x75, 0xF2, 0x05, 0xB2, 0xD8, 0x79, 0x88, 0x3E,
	0x75, 0x2D, 0xA5, 0x1C, 0x39, 0xE0, 0x54, 0x9F, 0x81, 0x86, 0x0D, 0xB2,
	0xB1, 0x6A, 0x83, 0x4E, 0xF0, 0x69, 0xA5, 0x1C, 0x5E, 0xA1, 0x54, 0x9F,
	0x70, 0xCC, 0x0B, 0xB2, 0xD5, 0x3D, 0x83, 0x48, 0xFB, 0x5D, 0xA3, 0x1C,
	0x32, 0xD2, 0x52, 0xEF, 0xFE, 0x82, 0x0D, 0xB2, 0xD6, 0x2B, 0x83, 0x4E,
	0xF6, 0x58, 0xA5, 0x1C, 0x77, 0xD1, 0x54, 0x9F, 0x7B, 0xC6, 0x0D, 0xB2,
	0x98, 0x1A, 0x83, 0x4E, 0xF3, 0x71, 0xA9, 0x1C, 0x3E, 0xF6, 0x54, 0x99,
	0x62, 0xA2, 0x01, 0xB2, 0xCF, 0x7F, 0x88, 0x4E, 0xE9, 0x5D, 0xAF, 0x1C,
	0x20, 0xB2, 0x40, 0x6F, 0x68, 0x26, 0x1D, 0xC2, 0xDD, 0x32, 0x8F, 0x4E,
	0xF2, 0x7F, 0xA5, 0x1A, 0x21, 0x04, 0x5F, 0x9F, 0x63, 0xB2, 0x07, 0xB2,
	0xCE, 0x4F, 0x8A, 0x4E, 0xE8, 0x5D, 0xAD, 0x1C, 0x21, 0xB2, 0x41, 0x6F,
	0xFE, 0x82, 0x0D, 0xB2, 0xD6, 0x2B, 0x83, 0x4E, 0x57, 0x46, 0xA5, 0x1C,
	0x02, 0xD0, 0x54, 0x9F, 0x7B, 0xC6, 0x0D, 0xB2, 0xED, 0x1B, 0x83, 0x4E,
	0xF3, 0x7E, 0xA9, 0x1C, 0x34, 0xF6, 0x54, 0x99, 0x6D, 0xF2, 0x03, 0xB2,
	0xC0, 0x79, 0x93, 0xBE, 0xFF, 0x89, 0xA9, 0xCC, 0x32, 0x20, 0x5C, 0xEF,
	0x7D, 0xA6, 0x0B, 0xE2, 0xD5, 0x24, 0x8B, 0x4E, 0xF3, 0x7F, 0xA5, 0x1A,
	0x37, 0x84, 0x59, 0x9F, 0x75, 0xF2, 0x01, 0xB2, 0xD8, 0xB9, 0x88, 0x3E,
	0xF1, 0x69, 0xA5, 0x1C, 0x39, 0xE0, 0x54, 0x9F, 0x7A, 0xC6, 0x0D, 0xB2,
	0xD5, 0x2A, 0x80, 0x4E, 0xF3, 0x6F, 0xAC, 0x1A, 0x39, 0x90, 0x54, 0x9F,
	0x7A, 0xC6, 0x0D, 0xB2, 0xD5, 0x20, 0x8B, 0x4E, 0xF9, 0x7F, 0xA5, 0x1A,
	0x33, 0xB2, 0x53, 0x9F, 0x7C, 0xD6, 0x08, 0x92, 0xD3, 0xAB, 0x81, 0xDE,
	0xF3, 0x6F, 0xA1, 0x1C, 0x3A, 0xE6, 0x57, 0x99, 0x7C, 0xD4, 0x0F, 0x82,
	0xD7, 0x2B, 0x83, 0x4E, 0xF1, 0x69, 0xA5, 0x1C, 0x38, 0xE0, 0x54, 0x9F,
	0x7A, 0xC6, 0x0D, 0xB2, 0xD7, 0x2B, 0x83, 0x4E, 0xF1, 0x69, 0xA5, 0x1C,
	0x38, 0xE0, 0x54, 0x9F, 0x7A, 0xC6, 0x0D, 0xB2, 0xD7, 0x2B, 0x83, 0x4E,
	0xF1, 0x69, 0xA5, 0x1C, 0x38, 0xE0, 0x54, 0x9F, 0x7A, 0xC6, 0x0D, 0xB2,
	0xD7, 0x2B, 0x83, 0x4E, 0xF1, 0x69, 0xA5, 0x1C, 0x38, 0xE0, 0x54, 0x9F,
	0x7A, 0xC6, 0x0D, 0xB2, 0xD7, 0x2B, 0x83, 0x4E, 0xF1, 0x69, 0xA5, 0x1C,
	0x38, 0xE0, 0x54, 0x9F, 0x7A, 0xC6, 0x0D, 0xB2, 0xD7, 0x2B, 0x83, 0x4E,
	0xF1, 0x69, 0xA5, 0x1C, 0x38, 0xE0, 0x54, 0x9F, 0x7A, 0xC6, 0x0D, 0xB2,
	0xD7, 0x2B, 0x83, 0x4E, 0xF1, 0x69, 0xA5, 0x1C, 0x38, 0xE0, 0x54, 0x9F,
	0x7A, 0xC6, 0x0D, 0xB2, 0xD7, 0x2B, 0x83, 0x4E, 0xF1, 0x69, 0xA5, 0x1C,
	0x38, 0xE0, 0x54, 0x9F, 0x7A, 0xC6, 0x0D, 0xB2, 0xD7, 0x2B, 0x83, 0x4E,
	0xF1, 0x69, 0xA5, 0x1C, 0x38, 0xE0, 0x54, 0x9F, 0x7A, 0xC6, 0x0D, 0xB2,
	0xD7, 0x2B, 0x83, 0x4E, 0xF1, 0x69, 0xA5, 0x1C, 0x38, 0xE0, 0x54, 0x9F,
	0x7A, 0xC6, 0x0D, 0xB2, 0xD7, 0x2B, 0x83, 0x4E, 0xF1, 0x69, 0xA5, 0x1C,
	0x38, 0xE0, 0x54, 0x9F, 0x7A, 0xC6, 0x0D, 0xB2, 0xD7, 0x2B, 0x83, 0x4E,
	0xF1, 0x69, 0xA5, 0x1C, 0x38, 0xE0, 0x54, 0x9F, 0x7A, 0xC6, 0x0D, 0xB2,
	0xD7, 0x2B, 0x83, 0x4E, 0xF1, 0x69, 0xA5, 0x1C, 0x38, 0xE0, 0x54, 0x9F,
	0x7A, 0xC6, 0x0D, 0xB2, 0xFF, 0x7B, 0x83, 0x0E, 0xF0, 0x69, 0xA5, 0x1C,
	0x70, 0xB0, 0x54, 0xDF, 0x7B, 0xC6, 0x0D, 0xB2, 0x8F, 0x7B, 0x83, 0x0E,
	0xF0, 0x69, 0xA5, 0x1C, 0x48, 0xB0, 0x54, 0xDF, 0x7B, 0xC6, 0x0D, 0xB2,
	0x5F, 0x7B, 0x83, 0x0E, 0xF0, 0x69, 0xA5, 0x1C, 0x90, 0xB0, 0x54, 0xDF,
	0x7B, 0xC6, 0x0D, 0xB2, 0x07, 0x7B, 0x83, 0x0E, 0xF0, 0x69, 0xA5, 0x1C,
	0xD0, 0xB0, 0x54, 0xDF, 0x7B, 0xC6, 0x0D, 0xB2, 0xD7, 0x7A, 0x83, 0x0E,
	0xF0, 0x69, 0xA5, 0x1C, 0x20, 0xB1, 0x54, 0xDF, 0x7B, 0xC6, 0x0D, 0xB2,
	0xEF, 0x7A, 0x83, 0x0E, 0xF0, 0x69, 0xA5, 0x1C, 0x60, 0xB1, 0x54, 0xDF,
	0x7B, 0xC6, 0x0D, 0xB2, 0xD7, 0x2B, 0x83, 0x4E, 0xF1, 0x69, 0xA5, 0x1C,
	0x38, 0xE0, 0x54, 0x9F, 0x7A, 0xC6, 0x0D, 0xB2, 0xD7, 0x2B, 0x83, 0x4E,
	0xF1, 0x69, 0xA5, 0x1C, 0x38, 0xE0, 0x54, 0x9F, 0x7A, 0xC6, 0x0D, 0xB2,
	0xD5, 0x2B, 0x83, 0x4E, 0xF1, 0x69, 0xA5, 0x1C, 0x38, 0xE0, 0x54, 0x9F,
	0x7A, 0xC6, 0x0D, 0xB2, 0xD7, 0x2B, 0x83, 0x4E, 0xF1, 0x69, 0xA5, 0x1C,
	0x38, 0xE0, 0x54, 0x9F, 0x7A, 0xC6, 0x0D, 0xB2, 0xD7, 0x2B, 0x83, 0x4E,
	0xF1, 0x69, 0xA5, 0x1C, 0x38, 0xE0, 0x54, 0x9F, 0x7A, 0xC6, 0x0D, 0xB2,
	0xD7, 0x2B, 0x83, 0x4E, 0xF1, 0x69, 0xA5, 0x1C, 0x38, 0xE0, 0x54, 0x9F,
	0x7A, 0xC6, 0x0D, 0xB2, 0xD7, 0x2B, 0x83, 0x4E, 0xF1, 0x69, 0xA5, 0x1C,
	0x38, 0xE0, 0x54, 0x9F, 0x7A, 0xC6, 0x0D, 0xB2, 0xD7, 0x2B, 0x83, 0x4E,
	0xF1, 0x69, 0xA5, 0x1C, 0x38, 0xE0, 0x54, 0x9F, 0x7A, 0xC6, 0x0D, 0xB2,
	0xD7, 0x2B, 0x83, 0x4E, 0xF1, 0x69, 0xA5, 0x1C, 0x38, 0xE0, 0x54, 0x9F,
	0x7A, 0xC6, 0x0D, 0xB2, 0xD7, 0x2B, 0x83, 0x4E, 0xF1, 0x69, 0xA5, 0x1C,
	0x38, 0xE0, 0x54, 0x9F, 0x7A, 0xC6, 0x0D, 0xB2, 0xD7, 0x2B, 0x83, 0x4E,
	0xF1, 0x69, 0xA5, 0x1C, 0x38, 0xE0, 0x54, 0x9F, 0x7A, 0xC6, 0x0D, 0xB2,
	0xD7, 0x2B, 0x83, 0x4E, 0xF1, 0x69, 0xA5, 0x1C, 0x38, 0xE0, 0x54, 0x9F,
	0x7A, 0xC6, 0x0D, 0xB2, 0xD7, 0x2B, 0x83, 0x4E, 0xF1, 0x69, 0xA5, 0x1C,
	0x38, 0xE0, 0x54, 0x9F, 0x7A, 0xC6, 0x0D, 0xB2, 0xD7, 0x2B, 0x83, 0x4E,
	0xF1, 0x69, 0xA5, 0x1C, 0x38, 0xE0, 0x54, 0x9F, 0x7A, 0xC6, 0x0D, 0xB2,
	0xD7, 0x2B, 0x83, 0x4E, 0xF1, 0x69, 0xA5, 0x1C, 0x38, 0xE0, 0x54, 0x9F,
	0x7A, 0xC6, 0x0D, 0xB2, 0xD7, 0x2B, 0x83, 0x4E, 0xF1, 0x69, 0xA5, 0x1C,
	0x38, 0xE0, 0x54, 0x9F, 0x7A, 0xC6, 0x0D, 0xB2, 0xD7, 0x2B, 0x83, 0x4E,
	0xF1, 0x69, 0xA5, 0x1C, 0x38, 0xE0, 0x54, 0x9F, 0x7A, 0xC6, 0x0D, 0xB2,
	0xD7, 0x2B, 0x83, 0x4E, 0xF1, 0x69, 0xA5, 0x1C, 0x38, 0xE0, 0x54, 0x9F,
	0x7A, 0xC6, 0x0D, 0xB2, 0xD7, 0x2B, 0x83, 0x4E, 0xF1, 0x69, 0xA5, 0x1C,
	0x38, 0xE0, 0x54, 0x9F, 0x7A, 0xC6, 0x0D, 0xB2, 0xD7, 0x2B, 0x83, 0x4E,
	0xF1, 0x69, 0xA5, 0x1C, 0x38, 0xE0, 0x54, 0x9F, 0x7A, 0xC6, 0x0D, 0xB2,
	0xD7, 0x2B, 0x83, 0x4E, 0xF1, 0x69, 0xA5, 0x1C, 0x38, 0xE0, 0x54, 0x9F,
	0x7A, 0xC6, 0x0D, 0xB2, 0xD7, 0x2B, 0x83, 0x4E, 0xF1, 0x69, 0xA5, 0x1C,
	0x38, 0xE0, 0x54, 0x9F, 0x7A, 0xC6, 0x0D, 0xB2, 0xD7, 0x2B, 0x83, 0x4E,
	0xF1, 0x69, 0xA5, 0x1C, 0x38, 0xE0, 0x54, 0x9F, 0x7A, 0xC6, 0x0D, 0xB2,
	0xD7, 0x2B, 0x83, 0x4E, 0xF1, 0x69, 0xA5, 0x1C, 0x38, 0xE0, 0x54, 0x9F,
	0x7A, 0xC6, 0x0D, 0xB2, 0xD7, 0x2B, 0x83, 0x4E, 0xF1, 0x69, 0xA5, 0x1C,
	0x38, 0xE0, 0x54, 0x9F, 0x7A, 0xC6, 0x0D, 0xB2, 0xD7, 0x2B, 0x83, 0x4E,
	0xF1, 0x69, 0xA5, 0x1C, 0x38, 0xE0, 0x54, 0x9F, 0x7A, 0xC6, 0x0D, 0xB2,
	0xD7, 0x3B, 0x83, 0x4E, 0x27, 0x78, 0xA5, 0x1C, 0xD8, 0xBA, 0x54, 0x9F,
	0xA2, 0xD7, 0x0D, 0xB2, 0x18, 0x39, 0x83, 0x4E, 0x39, 0x3F, 0xA5, 0x1C,
	0xE8, 0xF2, 0x54, 0x9F, 0x75, 0xE7, 0x0D, 0xB2, 0x23, 0x7D, 0x83, 0x4E,
	0xE1, 0x48, 0xA5, 0x1C, 0xF2, 0xC3, 0x54, 0x9F, 0x4E, 0x9E, 0x0D, 0xB2,
	0x1B, 0x08, 0x83, 0x4E, 0xB3, 0x41, 0xA5, 0x1C, 0xDC, 0xB7, 0x54, 0x9F,
	0x3E, 0xEE, 0x0D, 0xB2, 0x02, 0x03, 0x83, 0x4E, 0x01, 0x30, 0xA5, 0x1C,
	0xE0, 0xC8, 0x54, 0x9F, 0x2C, 0xEF, 0x0D, 0xB2, 0xC7, 0x7C, 0x83, 0x4E,
	0xA9, 0x40, 0xA5, 0x1C, 0xE6, 0xCA, 0x54, 0x9F, 0x12, 0x9E, 0x0D, 0xB2,
	0x37, 0x01, 0x83, 0x4E, 0x34, 0x44, 0xA5, 0x1C, 0x4C, 0xBA, 0x54, 0x9F,
	0xB2, 0xEB, 0x0D, 0xB2, 0xC7, 0x05, 0x83, 0x4E, 0xAD, 0x3E, 0xA5, 0x1C,
	0x28, 0xCE, 0x54, 0x9F, 0x1D, 0xE9, 0x0D, 0xB2, 0x67, 0x7C, 0x83, 0x4E,
	0x99, 0x46, 0xA5, 0x1C, 0x63, 0xD0, 0x54, 0x9F, 0xEA, 0x9C, 0x0D, 0xB2,
	0x8B, 0x1B, 0x83, 0x4E, 0x16, 0x59, 0xA5, 0x1C, 0xDC, 0xB6, 0x54, 0x9F,
	0x92, 0xF6, 0x0D, 0xB2, 0xB7, 0x1A, 0x83, 0x4E, 0xBD, 0x33, 0xA5, 0x1C,
	0x58, 0xD1, 0x54, 0x9F, 0x2C, 0xFC, 0x0D, 0xB2, 0x13, 0x71, 0x83, 0x4E,
	0xA9, 0x53, 0xA5, 0x1C, 0xC8, 0xDA, 0x54, 0x9F, 0x32, 0x9F, 0x0D, 0xB2,
	0x27, 0x11, 0x83, 0x4E, 0x9C, 0x52, 0xA5, 0x1C, 0x04, 0xB9, 0x54, 0x9F,
	0x0A, 0xFD, 0x0D, 0xB2, 0xB8, 0x16, 0x83, 0x4E, 0x81, 0x30, 0xA5, 0x1C,
	0x48, 0xDD, 0x54, 0x9F, 0x52, 0xF8, 0x0D, 0xB2, 0x1F, 0x72, 0x83, 0x4E,
	0xD9, 0x57, 0xA5, 0x1C, 0x32, 0xDF, 0x54, 0x9F, 0xFA, 0x91, 0x0D, 0xB2,
	0xDB, 0x14, 0x83, 0x4E, 0xA8, 0x56, 0xA5, 0x1C, 0x00, 0xB7, 0x54, 0x9F,
	0x26, 0xF9, 0x0D, 0xB2, 0x01, 0x6B, 0x83, 0x4E, 0x6D, 0x31, 0xA5, 0x1C,
	0xE0, 0xA0, 0x54, 0x9F, 0x0C, 0x87, 0x0D, 0xB2, 0xF7, 0x71, 0x83, 0x4E,
	0x89, 0x28, 0xA5, 0x1C, 0x12, 0xA2, 0x54, 0x9F, 0xAA, 0x9E, 0x0D, 0xB2,
	0xFB, 0x69, 0x83, 0x4E, 0xC9, 0x2A, 0xA5, 0x1C, 0x98, 0xB9, 0x54, 0x9F,
	0x42, 0x85, 0x0D, 0xB2, 0xA9, 0x6F, 0x83, 0x4E, 0xF5, 0x30, 0xA5, 0x1C,
	0xA8, 0xA4, 0x54, 0x9F, 0x3F, 0x83, 0x0D, 0xB2, 0xF3, 0x70, 0x83, 0x4E,
	0x71, 0x2C, 0xA5, 0x1C, 0x12, 0xA8, 0x54, 0x9F, 0x82, 0x9C, 0x0D, 0xB2,
	0x97, 0x63, 0x83, 0x4E, 0xB6, 0x20, 0xA5, 0x1C, 0xC0, 0xBA, 0x54, 0x9F,
	0xFA, 0x8F, 0x0D, 0xB2, 0x14, 0x62, 0x83, 0x4E, 0xF1, 0x32, 0xA5, 0x1C,
	0x38, 0xAA, 0x54, 0x9F, 0x5C, 0x8C, 0x0D, 0xB2, 0xC7, 0x70, 0x83, 0x4E,
	0xF1, 0x69, 0xA5, 0x1C, 0x38, 0xE0, 0x54, 0x9F, 0x7A, 0xC6, 0x0D, 0xB2,
	0xD7, 0x2B, 0x83, 0x4E, 0xF1, 0x69, 0xA5, 0x1C, 0x38, 0xE0, 0x54, 0x9F,
	0x7A, 0xC6, 0x0D, 0xB2, 0xD7, 0x2B, 0x83, 0x4E, 0xF1, 0x69, 0xA5, 0x1C,
	0x38, 0xE0, 0x54, 0x9F, 0x7A, 0xC6, 0x0D, 0xB2, 0xD7, 0x2B, 0x83, 0x4E,
	0xF1, 0x69, 0xA5, 0x1C, 0x38, 0xE0, 0x54, 0x9F, 0x7A, 0xC6, 0x0D, 0xB2,
	0xD7, 0x2B, 0x83, 0x4E, 0xF1, 0x69, 0xA5, 0x1C, 0x38, 0xE0, 0x54, 0x9F,
	0x7A, 0xC6, 0x0D, 0xB2, 0xD7, 0x2B, 0x83, 0x4E, 0xF1, 0x69, 0xA5, 0x1C,
	0x38, 0xE0, 0x54, 0x9F, 0x7A, 0xC6, 0x0D, 0xB2, 0xD7, 0x2B, 0x83, 0x4E,
	0xF1, 0x69, 0xA5, 0x1C, 0x38, 0xE0, 0x54, 0x9F, 0x7A, 0xC6, 0x0D, 0xB2,
	0xD7, 0x2B, 0x83, 0x4E, 0xF1, 0x69, 0xA5, 0x1C, 0x38, 0xE0, 0x54, 0x9F,
	0x7A, 0xC6, 0x0D, 0xB2, 0xD7, 0x2B, 0x83, 0x4E, 0xF1, 0x69, 0xA5, 0x1C,
	0x38, 0xE0, 0x54, 0x9F, 0x7A, 0xC6, 0x0D, 0xB2, 0xD7, 0x2B, 0x83, 0x4E,
	0xF1, 0x69, 0xA5, 0x1C, 0x38, 0xE0, 0x54, 0x9F, 0x7A, 0xC6, 0x0D, 0xB2,
	0xD7, 0x2B, 0x83, 0x4E, 0xF1, 0x69, 0xA5, 0x1C, 0x38, 0xE0, 0x54, 0x9F,
	0x7A, 0xC6, 0x0D, 0xB2, 0xD7, 0x2B, 0x83, 0x4E, 0xF1, 0x69, 0xA5, 0x1C,
	0x38, 0xE0, 0x54, 0x9F, 0x7A, 0xC6, 0x0D, 0xB2, 0xD7, 0x2B, 0x83, 0x4E,
	0xF1, 0x69, 0xA5, 0x1C, 0x38, 0xE0, 0x54, 0x9F, 0x7A, 0xC6, 0x0D, 0xB2,
	0xD7, 0x2B, 0x83, 0x4E, 0xF1, 0x69, 0xA5, 0x1C, 0x38, 0xE0, 0x54, 0x9F,
	0x7A, 0xC6, 0x0D, 0xB2, 0xD7, 0x2B, 0x83, 0x4E, 0xF1, 0x69, 0xA5, 0x1C,
	0x38, 0xE0, 0x54, 0x9F, 0x7A, 0xC6, 0x0D, 0xB2, 0xD7, 0x2B, 0x83, 0x4E,
	0xF1, 0x69, 0xA5, 0x1C, 0x38, 0xE0, 0x54, 0x9F, 0x7A, 0xC6, 0x0D, 0xB2,
	0xD7, 0x2B, 0x83, 0x4E, 0xF1, 0x69, 0xA5, 0x1C, 0x38, 0xE0, 0x54, 0x9F,
	0x7A, 0xC6, 0x0D, 0xB2, 0xD7, 0x2B, 0x83, 0x4E, 0xF1, 0x69, 0xA5, 0x1C,
	0x38, 0xE0, 0x54, 0x9F, 0x7A, 0xC6, 0x0D, 0xB2, 0xD7, 0x2B, 0x83, 0x4E,
	0xF1, 0x69, 0xA5, 0x1C, 0x38, 0xE0, 0x54, 0x9F, 0x7A, 0xC6, 0x0D, 0xB2,
	0xD7, 0x2B, 0x83, 0x4E, 0xF1, 0x69, 0xA5, 0x1C, 0x38, 0xE0, 0x54, 0x9F,
	0x7A, 0xC6, 0x0D, 0xB2, 0xD7, 0x2B, 0x83, 0x4E, 0xF1, 0x69, 0xA5, 0x1C,
	0x38, 0xE0, 0x54, 0x9F, 0x7A, 0xC6, 0x0D, 0xB2, 0xD7, 0x2B, 0x83, 0x4E,
	0xF1, 0x69, 0xA5, 0x1C, 0x38, 0xE0, 0x54, 0x9F, 0x7A, 0xC6, 0x0D, 0xB2,
	0xD7, 0x2B, 0x83, 0x4E, 0xF1, 0x69, 0xA5, 0x1C, 0x38, 0xE0, 0x54, 0x9F,
	0x7A, 0xC6, 0x0D, 0xB2, 0xD7, 0x2B, 0x83, 0x4E, 0xF1, 0x69, 0xA5, 0x1C,
	0x38, 0xE0, 0x54, 0x9F, 0x7A, 0xC6, 0x0D, 0xB2, 0xD7, 0x2B, 0x83, 0x4E,
	0xF1, 0x69, 0xA5, 0x1C, 0x38, 0xE0, 0x54, 0x9F, 0x7A, 0xC6, 0x0D, 0xB2,
	0xD7, 0x2B, 0x83, 0x4E, 0xF1, 0x69, 0xA5, 0x1C, 0x38, 0xE0, 0x54, 0x9F,
	0x7A, 0xC6, 0x0D, 0xB2, 0xD7, 0x2B, 0x83, 0x4E, 0xF1, 0x69, 0xA5, 0x1C,
	0x38, 0xE0, 0x54, 0x9F, 0x7A, 0xC6, 0x0D, 0xB2, 0xD7, 0x2B, 0x83, 0x4E,
	0xF1, 0x69, 0xA5, 0x1C, 0x38, 0xE0, 0x54, 0x9F, 0x7A, 0xC6, 0x0D, 0xB2,
	0xD7, 0x2B, 0x83, 0x4E, 0xF1, 0x69, 0xA5, 0x1C, 0x38, 0xE0, 0x54, 0x9F,
	0x7A, 0xC6, 0x0D, 0xB2, 0xD7, 0x2B, 0x83, 0x4E, 0xF1, 0x69, 0xA5, 0x1C,
	0x38, 0xE0, 0x54, 0x9F, 0x7A, 0xC6, 0x0D, 0xB2, 0xD7, 0x2B, 0x83, 0x4E,
	0xF1, 0x69, 0xA5, 0x1C, 0x38, 0xE0, 0x54, 0x9F, 0x7A, 0xC6, 0x0D, 0xB2,
	0xD7, 0x2B, 0x83, 0x4E, 0xF1, 0x69, 0xA5, 0x1C, 0x38, 0xE0, 0x54, 0x9F,
	0x7A, 0xC6, 0x0D, 0xB2, 0xD7, 0x2B, 0x83, 0x4E, 0xF1, 0x69, 0xA5, 0x1C,
	0x38, 0xE0, 0x54, 0x9F, 0x7A, 0xC6, 0x0D, 0xB2, 0xD7, 0x2B, 0x83, 0x4E,
	0xF1, 0x69, 0xA5, 0x1C, 0x38, 0xE0, 0x54, 0x9F, 0x7A, 0xC6, 0x0D, 0xB2,
	0xD7, 0x2B, 0x83, 0x4E, 0xF1, 0x69, 0xA5, 0x1C, 0x38, 0xE0, 0x54, 0x9F,
	0x7A, 0xC6, 0x0D, 0xB2, 0xD7, 0x2B, 0x83, 0x4E, 0xF1, 0x69, 0xA5, 0x1C,
	0x38, 0xE0, 0x54, 0x9F, 0x7A, 0xC6, 0x0D, 0xB2, 0xD7, 0x2B, 0x83, 0x4E,
	0xF1, 0x69, 0xA5, 0x1C, 0x38, 0xE0, 0x54, 0x9F, 0x7A, 0xC6, 0x0D, 0xB2,
	0xD7, 0x2B, 0x83, 0x4E, 0xF1, 0x69, 0xA5, 0x1C, 0x38, 0xE0, 0x54, 0x9F,
	0x7A, 0xC6, 0x0D, 0xB2, 0xD7, 0x2B, 0x83, 0x4E, 0xF1, 0x69, 0xA5, 0x1C,
	0x38, 0xE0, 0x54, 0x9F, 0x7A, 0xC6, 0x0D, 0xB2, 0xD7, 0x2B, 0x83, 0x4E,
	0xF1, 0x69, 0xA5, 0x1C, 0x38, 0xE0, 0x54, 0x9F, 0x7A, 0xC6, 0x0D, 0xB2,
	0xD7, 0x2B, 0x83, 0x4E, 0xF1, 0x69, 0xA5, 0x1C, 0x38, 0xE0, 0x54, 0x9F,
	0x7A, 0xC6, 0x0D, 0xB2, 0xFF, 0xBB, 0x83, 0x4E, 0xF1, 0x69, 0xA5, 0x1C,
	0x38, 0xE0, 0x54, 0x9F, 0xD0, 0x56, 0x0D, 0xB2, 0xD7, 0x7B, 0x83, 0x4E,
	0xF1, 0x69, 0xA5, 0x1C, 0x38, 0xE0, 0x54, 0x9F, 0x7A, 0xC6, 0x0D, 0xB2,
	0xD7, 0x2B, 0x83, 0x4E, 0xF1, 0x69, 0xA5, 0x1C, 0x5A, 0x70, 0x54, 0x9F,
	0x7A, 0xC6, 0x0D, 0xB2, 0xA1, 0xBB, 0x83, 0x4E, 0xF1, 0x69, 0xA5, 0x1C,
	0xAA, 0x70, 0x54, 0x9F, 0x7A, 0xC6, 0x0D, 0xB2, 0x87, 0xBB, 0x83, 0x4E,
	0xF1, 0x69, 0xA5, 0x1C, 0x38, 0xE0, 0x54, 0x9F, 0x7A, 0xC6, 0x0D, 0xB2,
	0x1C, 0x2B, 0xC6, 0x36, 0xB0, 0x05, 0xC9, 0x73, 0x5B, 0x81, 0x20, 0xFA,
	0x2A, 0xA9, 0x62, 0xDE, 0xE5, 0x2B, 0x7F, 0x4E, 0xB4, 0x11, 0xE3, 0x6E,
	0x5D, 0x85, 0x04, 0xF0, 0x15, 0xAA, 0x5A, 0xDB, 0xA3, 0x43, 0xD7, 0x2F,
	0x96, 0x69, 0x59, 0x17, 0x62, 0x97, 0x05, 0xEA, 0x1F, 0xB4, 0x74, 0xE1,
	0xAE, 0x58, 0xF7, 0x2B, 0x9C, 0x20, 0xCB, 0x7A, 0x57, 0x92, 0x39, 0xFE,
	0x0E, 0xAF, 0x62, 0xDC, 0xD7, 0x2B, 0xD2, 0x42, 0xAE, 0x36, 0xE6, 0x43,
	0x4B, 0x90, 0x31, 0xFC, 0x13, 0xA0, 0x64, 0xD1, 0x88, 0x43, 0xE2, 0x20,
	0x95, 0x05, 0xC0, 0x6E, 0x38, 0xE0, 0x3A, 0xEB, 0x15, 0xB5, 0x66, 0xC0,
	0xB9, 0x47, 0xAD, 0x2B, 0x89, 0x0C, 0xA5, 0x1C, 0x38, 0xE0, 0x54, 0x9F,
	0x7A, 0xC6, 0x0D, 0xB2, 0xD7, 0x2B, 0x83, 0x4E, 0xF1, 0x69, 0xA5, 0x1C,
	0x38, 0xE0, 0x54, 0x9F, 0x7A, 0xC6, 0x0D, 0xB2, 0xD7, 0x2B, 0x83, 0x4E,
	0xF1, 0x69, 0xA5, 0x1C, 0x38, 0xE0, 0x54, 0x9F, 0x7A, 0xC6, 0x0D, 0xB2,
	0xD7, 0x2B, 0x83, 0x4E, 0xF1, 0x69, 0xA5, 0x1C, 0x38, 0xE0, 0x54, 0x9F,
	0x7A, 0xC6, 0x0D, 0xB2, 0xD7, 0x2B, 0x83, 0x4E, 0xF1, 0x69, 0xA5, 0x1C,
	0x38, 0xE0, 0x54, 0x9F, 0x7A, 0xC6, 0x0D, 0xB2, 0xD7, 0x2B, 0x83, 0x4E,
	0xF1, 0x69, 0xA5, 0x1C, 0x38, 0xE0, 0x54, 0x9F, 0x7A, 0xC6, 0x0D, 0xB2,
	0xD7, 0x2B, 0x83, 0x4E, 0xF1, 0x69, 0xA5, 0x1C, 0x38, 0xE0, 0x54, 0x9F,
	0x7A, 0xC6, 0x0D, 0xB2, 0xD7, 0x2B, 0x83, 0x4E, 0xF1, 0x69, 0xA5, 0x1C,
	0x38, 0xE0, 0x54, 0x9F, 0x7A, 0xC6, 0x0D, 0xB2, 0xD7, 0x2B, 0x83, 0x4E,
	0xF1, 0x69, 0xA5, 0x1C, 0x38, 0xE0, 0x54, 0x9F, 0x7A, 0xC6, 0x0D, 0xB2,
	0xD7, 0x2B, 0x83, 0x4E, 0xF1, 0x69, 0xA5, 0x1C, 0x38, 0xE0, 0x54, 0x9F,
	0x7A, 0xC6, 0x0D, 0xB2, 0xD7, 0x2B, 0x83, 0x4E, 0xF1, 0x69, 0xA5, 0x1C,
	0x38, 0xE0, 0x54, 0x9F, 0x7A, 0xC6, 0x0D, 0xB2, 0xD7, 0x2B, 0x83, 0x4E,
	0xF1, 0x69, 0xA5, 0x1C, 0x38, 0xE0, 0x54, 0x9F, 0x7A, 0xC6, 0x0D, 0xB2,
	0xD7, 0x2B, 0x83, 0x4E, 0xF1, 0x69, 0xA5, 0x1C, 0x38, 0xE0, 0x54, 0x9F,
	0x7A, 0xC6, 0x0D, 0xB2, 0xD7, 0x2B, 0x83, 0x4E, 0xF1, 0x69, 0xA5, 0x1C,
	0x38, 0xE0, 0x54, 0x9F, 0x7A, 0xC6, 0x0D, 0xB2, 0xD7, 0x2B, 0x83, 0x4E,
	0xF1, 0x69, 0xA5, 0x1C, 0x38, 0xE0, 0x54, 0x9F, 0x7A, 0xC6, 0x0D, 0xB2,
	0xD7, 0x2B, 0x83, 0x4E, 0xF1, 0x69, 0xA5, 0x1C, 0x38, 0xE0, 0x54, 0x9F,
	0x7A, 0xC6, 0x0D, 0xB2, 0xD7, 0x2B, 0x83, 0x4E, 0xF1, 0x69, 0xA5, 0x1C,
	0x38, 0xE0, 0x54, 0x9F, 0x7A, 0xC6, 0x0D, 0xB2, 0xD7, 0x2B, 0x83, 0x4E,
	0xF1, 0x69, 0xA5, 0x1C, 0x38, 0xE0, 0x54, 0x9F, 0x7A, 0xC6, 0x0D, 0xB2,
	0xD7, 0x2B, 0x83, 0x4E, 0xF1, 0x69, 0xA5, 0x1C, 0x38, 0xE0, 0x54, 0x9F,
	0x7A, 0xC6, 0x0D, 0xB2, 0xD7, 0x2B, 0x83, 0x4E, 0xF1, 0x69, 0xA5, 0x1C,
	0x38, 0xE0, 0x54, 0x9F, 0x7A, 0xC6, 0x0D, 0xB2, 0xD7, 0x2B, 0x83, 0x4E,
	0xF1, 0x69, 0xA5, 0x1C, 0x38, 0xE0, 0x54, 0x9F, 0x7A, 0xC6, 0x0D, 0xB2,
	0xD7, 0x4B, 0x83, 0x4E, 0xD1, 0x69, 0xA5, 0x1C, 0x38, 0x40, 0x5C, 0x3F,
	0x6A, 0x66, 0x15, 0x12, 0xF7, 0x8B, 0xAB, 0xEE, 0xC1, 0xC9, 0x9D, 0xBC,
	0x78, 0x40, 0x1C, 0x3F, 0x2A, 0x66, 0x55, 0x12, 0xD7, 0x2B, 0x83, 0x4E,
	0xF1, 0x69, 0xA5, 0x1C, 0x38, 0xE0, 0x54, 0x9F, 0x7A, 0xC6, 0x0D, 0xB2,
	0xD7, 0x2B, 0x83, 0x4E, 0xF1, 0x69, 0xA5, 0x1C, 0x38, 0xE0, 0x54, 0x9F,
	0x7A, 0xC6, 0x0D, 0xB2, 0xD7, 0x2B, 0x83, 0x4E, 0xF1, 0x69, 0xA5, 0x1C,
	0x38, 0xE0, 0x54, 0x9F, 0x7A, 0xC6, 0x0D, 0xB2, 0xD7, 0x2B, 0x83, 0x4E,
	0xF1, 0x69, 0xA5, 0x1C, 0x38, 0xE0, 0x54, 0x9F, 0x7A, 0xC6, 0x0D, 0xB2,
	0xD7, 0x2B, 0x83, 0x4E, 0xF1, 0x69, 0xA5, 0x1C, 0x38, 0xE0, 0x54, 0x9F,
	0x7A, 0xC6, 0x0D, 0xB2, 0xD7, 0x2B, 0x83, 0x4E, 0xF1, 0x69, 0xA5, 0x1C,
	0x38, 0xE0, 0x54, 0x9F, 0x7A, 0xC6, 0x0D, 0xB2, 0xD7, 0x2B, 0x83, 0x4E,
	0xF1, 0x69, 0xA5, 0x1C, 0x38, 0xE0, 0x54, 0x9F, 0x7A, 0xC6, 0x0D, 0xB2,
	0xD7, 0x2B, 0x83, 0x4E, 0xF1, 0x69, 0xA5, 0x1C, 0x38, 0xE0, 0x54, 0x9F,
	0x7A, 0xC6, 0x0D, 0xB2, 0xD7, 0x2B, 0x83, 0x4E, 0xF1, 0x69, 0xA5, 0x1C,
	0x38, 0xE0, 0x54, 0x9F, 0x7A, 0xC6, 0x0D, 0xB2, 0xD7, 0x2B, 0x83, 0x4E,
	0xF1, 0x69, 0xA5, 0x1C, 0x38, 0xE0, 0x54, 0x9F, 0x7A, 0xC6, 0x0D, 0xB2,
	0xD7, 0x2B, 0x83, 0x4E, 0xF1, 0x69, 0xA5, 0x1C, 0x38, 0xE0, 0x54, 0x9F,
	0x7A, 0xC6, 0x0D, 0xB2, 0xD7, 0x2B, 0x83, 0x4E, 0xF1, 0x69, 0xA5, 0x1C,
	0x38, 0xE0, 0x54, 0x9F, 0x7A, 0xC6, 0x0D, 0xB2, 0xD7, 0x2B, 0x83, 0x4E,
	0xF1, 0x69, 0xA5, 0x1C, 0x38, 0xE0, 0x54, 0x9F, 0x7A, 0xC6, 0x0D, 0xB2,
	0xD7, 0x2B, 0x83, 0x4E, 0xF1, 0x69, 0xA5, 0x1C, 0x38, 0xE0, 0x54, 0x9F,
	0x7A, 0xC6, 0x0D, 0xB2, 0xD7, 0x2B, 0x83, 0x4E, 0xF1, 0x69, 0xA5, 0x1C,
	0x38, 0xE0, 0x54, 0x9F, 0x7A, 0xC6, 0x0D, 0xB2, 0xD7, 0x2B, 0x83, 0x4E,
	0xF1, 0x69, 0xA5, 0x1C, 0x38, 0xE0, 0x54, 0x9F, 0x7A, 0xC6, 0x0D, 0xB2,
	0xD7, 0x2B, 0x83, 0x4E, 0xF1, 0x69, 0xA5, 0x1C, 0x38, 0xE0, 0x54, 0x9F,
	0x7A, 0xC6, 0x0D, 0xB2, 0xD7, 0x2B, 0x83, 0x4E, 0xF1, 0x69, 0xA5, 0x1C,
	0x38, 0xE0, 0x54, 0x9F, 0x7A, 0xC6, 0x0D, 0xB2, 0xD7, 0x2B, 0x83, 0x4E,
	0xF1, 0x69, 0xA5, 0x1C, 0x38, 0xE0, 0x54, 0x9F, 0x7A, 0xC6, 0x0D, 0xB2,
	0xD7, 0x2B, 0x83, 0x4E, 0xF1, 0x69, 0xA5, 0x1C, 0x38, 0xE0, 0x54, 0x9F,
	0x7A, 0xC6, 0x0D, 0xB2, 0xD7, 0x2B, 0x83, 0x4E, 0xF1, 0x69, 0xA5, 0x1C,
	0x38, 0xE0, 0x54, 0x9F, 0x7A, 0xC6, 0x0D, 0xB2, 0xD7, 0x2B, 0x83, 0x4E,
	0xF1, 0x69, 0xA5, 0x1C, 0x38, 0xE0, 0x54, 0x9F, 0x7A, 0xC6, 0x0D, 0xB2,
	0xD7, 0x2B, 0x83, 0x4E, 0xF1, 0x69, 0xA5, 0x1C, 0x38, 0xE0, 0x54, 0x9F,
	0x7A, 0xC6, 0x0D, 0xB2, 0xD7, 0x2B, 0x83, 0x4E, 0xF1, 0x69, 0xA5, 0x1C,
	0x38, 0xE0, 0x54, 0x9F, 0x7A, 0xC6, 0x0D, 0xB2, 0xD7, 0x2B, 0x83, 0x4E,
	0xF1, 0x69, 0xA5, 0x1C, 0x38, 0xE0, 0x54, 0x9F, 0x7A, 0xC6, 0x0D, 0xB2,
	0xD7, 0x2B, 0x83, 0x4E, 0xF1, 0x69, 0xA5, 0x1C, 0x38, 0xE0, 0x54, 0x9F,
	0x7A, 0xC6, 0x0D, 0xB2, 0xD7, 0x2B, 0x83, 0x4E, 0xF1, 0x69, 0xA5, 0x1C,
	0x38, 0xE0, 0x54, 0x9F, 0x7A, 0xC6, 0x0D, 0xB2, 0xD7, 0x2B, 0x83, 0x4E,
	0xF1, 0x69, 0xA5, 0x1C, 0x38, 0xE0, 0x54, 0x9F, 0x7A, 0xC6, 0x0D, 0xB2,
	0xD7, 0x2B, 0x83, 0x4E, 0xF1, 0x69, 0xA5, 0x1C, 0x38, 0xE0, 0x54, 0x9F,
	0x7A, 0xC6, 0x0D, 0xB2, 0xD7, 0x2B, 0x83, 0x4E, 0xF1, 0x69, 0xA5, 0x1C,
	0x38, 0xE0, 0x54, 0x9F, 0x7A, 0xC6, 0x0D, 0xB2
};

static const unsigned long g_sentinel_encrypted_size = sizeof(g_sentinel_encrypted);
